rain_7d_mm,et0_7d_mm,temp_high_f,temp_low_f,humidity_pct,forecast_precip_mm_d0,forecast_precip_prob_d0,forecast_precip_mm_d1_d2,forecast_temp_max_c,days_since_watered,maturity_days,seedling_frac,kc_avg,mm_day_avg,sand_pct,clay_pct,bed_area_m2,water_mm_today
0,10,85,55,50,2,0,20,18,7,90,0.0,0.6,2.0,15,15,6.0,1.14
60,45,75,75,70,0,30,20,40,2,45,0.0,0.85,5.0,15,15,3.0,0.0
0,30,85,65,30,25,0,5,18,7,45,1.0,1.05,4.0,50,15,1.5,10.81
0,20,60,75,70,25,60,0,33,2,21,1.0,1.05,2.0,50,50,1.5,1.22
60,20,75,75,90,10,30,20,33,0,21,0.0,1.05,6.0,33,15,1.5,0.55
15,20,95,75,90,2,60,0,25,7,45,1.0,1.2,6.0,33,15,1.5,32.67
60,45,60,45,30,2,30,20,40,7,7,0.5,1.2,6.0,50,33,6.0,2.35
0,30,85,45,70,25,30,5,18,2,21,1.0,0.6,5.0,50,50,6.0,1.78
5,20,85,55,30,10,90,0,18,2,45,0.0,0.6,4.0,50,15,1.5,1.5
60,20,75,75,50,10,90,0,25,2,90,1.0,1.05,6.0,50,33,1.5,0.0
5,20,60,65,30,2,30,0,18,0,21,0.0,0.6,5.0,15,50,1.5,0.0
60,20,105,75,50,25,90,0,18,0,90,0.5,1.2,6.0,33,50,1.5,0.57
0,10,95,65,30,2,30,0,40,1,90,0.0,1.05,6.0,15,15,3.0,2.01
0,10,105,45,30,2,30,5,40,4,21,0.5,0.6,4.0,33,15,3.0,2.77
15,45,85,75,90,2,30,5,25,0,7,1.0,1.05,2.0,15,50,3.0,0.0
5,10,105,45,50,0,0,20,25,4,7,1.0,0.85,2.0,50,15,3.0,2.03
60,30,85,55,70,2,60,5,25,2,90,0.5,0.6,2.0,33,50,6.0,0.19
5,30,75,65,30,2,60,5,25,4,45,1.0,0.6,5.0,50,15,1.5,9.62
15,10,60,55,70,10,30,20,33,1,45,1.0,1.2,5.0,15,15,6.0,0.0
0,30,75,65,50,25,90,20,18,0,7,1.0,0.85,2.0,33,50,6.0,0.19
5,45,75,45,70,10,0,5,25,1,7,0.5,1.2,4.0,15,15,1.5,2.25
15,45,75,65,50,0,90,0,40,1,21,0.5,1.05,5.0,15,15,1.5,0.0
5,45,85,65,30,10,60,20,40,7,45,0.0,0.6,5.0,15,50,3.0,8.08
15,30,95,45,90,2,60,0,40,0,21,0.5,1.2,2.0,50,33,6.0,0.16
15,10,85,65,90,10,90,20,33,7,21,0.0,1.2,6.0,50,50,1.5,2.71
60,10,85,65,50,25,60,5,40,4,21,1.0,1.2,4.0,50,15,3.0,0.0
60,30,60,55,70,2,30,0,18,0,21,0.5,0.6,6.0,33,50,6.0,0.26
30,45,75,55,30,0,90,0,25,7,90,0.0,0.85,2.0,33,15,3.0,22.98
60,30,95,75,90,2,90,5,33,1,45,1.0,1.2,4.0,33,33,1.5,0.0
15,30,105,45,50,2,30,5,25,1,7,0.5,1.2,5.0,50,33,3.0,0.0
0,20,95,75,30,25,90,0,33,2,90,0.5,0.85,6.0,15,33,3.0,1.18
30,20,95,55,30,25,0,0,40,1,90,0.0,0.6,5.0,33,33,1.5,0.04
30,30,85,75,70,25,60,0,40,0,7,0.5,0.85,2.0,50,15,1.5,0.32
0,20,75,55,90,0,30,5,33,2,21,1.0,0.6,4.0,33,15,6.0,3.46
0,30,105,75,90,2,0,20,25,0,45,1.0,0.6,2.0,33,50,3.0,0.0
15,10,95,75,30,25,60,20,40,1,90,0.0,1.05,6.0,33,33,6.0,0.0
60,30,85,55,30,10,90,0,40,7,90,0.5,0.6,6.0,33,15,3.0,0.21
15,30,105,65,30,2,0,0,40,4,21,1.0,1.2,6.0,33,15,1.5,21.97
15,20,95,55,70,10,90,20,33,4,45,0.5,1.2,5.0,33,33,1.5,2.55
0,20,75,55,90,10,60,0,25,2,21,0.5,0.85,5.0,15,50,6.0,3.58
5,30,60,45,70,2,90,0,18,7,45,0.5,1.2,6.0,33,15,1.5,38.07
0,10,95,75,30,0,30,0,33,0,21,0.0,1.2,4.0,50,33,3.0,0.99
30,30,105,75,70,0,0,0,25,2,7,0.0,0.85,4.0,50,15,1.5,0.55
60,45,85,45,50,10,60,20,40,0,21,0.5,0.85,6.0,15,50,1.5,0.01
5,30,75,45,30,2,60,20,33,4,7,0.5,1.05,6.0,33,50,6.0,4.97
0,45,85,65,30,0,30,20,18,2,7,0.0,1.2,6.0,33,15,6.0,4.25
30,45,60,75,70,25,60,5,18,1,45,0.5,1.2,5.0,50,33,6.0,0.21
15,30,60,75,30,25,90,0,25,7,45,1.0,1.2,6.0,15,15,3.0,11.42
60,20,85,75,90,0,0,20,25,1,45,1.0,0.6,6.0,15,15,1.5,0.0
5,45,85,65,90,25,90,0,40,7,21,0.5,0.85,4.0,15,33,3.0,12.16
15,30,60,65,70,25,30,5,40,2,45,1.0,1.2,6.0,33,15,6.0,0.03
30,10,85,75,90,25,30,5,18,1,45,0.0,1.2,2.0,50,33,1.5,0.49
5,45,75,45,90,10,60,20,40,0,45,1.0,1.2,5.0,50,50,3.0,0.09
0,20,85,55,30,25,0,20,18,4,21,1.0,1.05,2.0,15,33,1.5,4.19
15,30,85,75,50,2,90,20,25,1,21,0.0,1.2,4.0,33,50,1.5,0.08
30,30,60,75,70,2,0,5,33,7,45,1.0,1.2,5.0,33,33,1.5,19.43
30,45,60,55,90,10,60,20,33,0,90,0.5,0.6,2.0,50,50,3.0,0.54
5,30,75,55,70,2,0,20,18,2,90,0.0,1.05,4.0,15,33,3.0,1.06
30,20,75,55,70,10,30,5,40,2,45,0.0,1.2,2.0,15,15,6.0,0.0
60,30,60,75,30,10,0,5,33,2,90,1.0,1.05,2.0,50,15,3.0,0.0
0,30,105,55,30,25,60,20,40,0,21,0.0,0.6,5.0,33,15,1.5,0.06
30,45,85,75,50,25,0,5,40,2,7,1.0,1.05,4.0,33,33,1.5,0.62
15,10,85,65,30,25,60,0,18,4,7,1.0,0.85,2.0,15,33,1.5,0.88
5,10,105,55,50,2,60,0,18,2,21,0.0,1.05,4.0,15,50,1.5,2.33
5,10,85,55,70,0,30,5,18,1,90,1.0,0.6,2.0,33,33,3.0,0.0
60,20,105,45,70,25,0,0,40,4,90,1.0,0.6,6.0,50,33,1.5,0.0
0,30,105,55,30,2,60,20,33,4,45,0.5,1.2,2.0,50,15,6.0,7.19
5,45,95,55,90,10,90,5,40,0,45,0.5,1.05,5.0,33,15,6.0,0.0
30,10,60,45,30,25,0,20,33,1,7,1.0,1.05,2.0,33,33,6.0,0.49
0,30,105,65,70,0,30,0,40,1,7,0.5,1.05,2.0,33,50,1.5,6.54
30,10,105,65,30,2,60,20,33,2,45,0.0,0.85,4.0,50,50,3.0,0.74
0,10,105,55,90,25,90,5,25,2,45,1.0,1.05,2.0,15,15,1.5,1.62
60,10,60,65,90,25,90,20,40,4,45,0.0,0.6,5.0,33,15,3.0,0.0
60,30,60,55,90,0,0,0,33,1,21,0.5,1.05,5.0,15,15,3.0,0.0
30,20,75,75,50,10,0,5,18,4,7,0.5,0.6,5.0,50,33,6.0,0.0
15,10,95,45,70,2,90,20,33,0,90,0.0,0.85,6.0,50,33,6.0,0.4
0,45,85,65,50,10,30,0,18,7,21,0.5,1.05,4.0,15,15,1.5,35.85
5,10,75,75,90,25,60,20,33,1,90,0.0,1.2,6.0,50,33,3.0,0.31
60,10,85,45,70,25,90,0,18,2,45,0.0,0.6,6.0,33,50,6.0,0.79
0,45,105,55,70,25,30,0,40,0,45,1.0,0.6,4.0,15,15,6.0,0.0
30,45,105,55,70,10,60,5,40,2,7,1.0,1.05,2.0,33,15,6.0,0.0
60,20,85,45,50,10,60,20,40,1,7,0.5,1.2,5.0,15,50,6.0,0.0
60,10,95,65,30,10,60,0,25,2,90,0.0,0.85,4.0,15,15,3.0,0.13
60,10,85,55,90,2,30,0,25,4,7,0.5,1.05,4.0,33,50,3.0,0.0
30,20,105,55,70,25,30,5,40,4,45,0.5,1.2,4.0,15,50,1.5,0.11
30,30,105,45,30,10,0,0,33,4,21,0.5,0.6,4.0,33,33,1.5,0.0
30,10,95,65,50,25,0,5,25,0,45,0.0,1.05,4.0,15,15,3.0,0.49
5,45,95,45,30,0,60,0,25,7,90,0.0,1.05,4.0,33,15,1.5,40.0
5,45,105,75,30,0,90,20,18,7,21,1.0,0.85,5.0,33,15,6.0,15.77
5,10,105,65,30,0,90,5,18,4,45,0.5,0.6,5.0,15,33,1.5,4.62
0,30,75,45,70,10,30,20,40,4,21,0.0,0.6,6.0,15,33,1.5,2.89
0,30,85,75,90,10,0,20,25,2,45,0.0,1.05,5.0,15,33,3.0,2.57
30,45,95,65,50,25,90,5,33,0,90,0.0,1.2,4.0,50,33,3.0,0.36
15,30,95,75,50,25,60,5,18,2,90,0.5,0.6,2.0,50,50,3.0,0.27
15,20,60,55,90,0,30,0,25,2,45,0.5,0.6,4.0,50,33,3.0,0.0
60,20,105,65,90,10,60,0,18,0,21,0.5,1.2,2.0,33,33,6.0,0.61
30,20,105,65,90,2,0,0,18,4,21,1.0,1.2,2.0,50,33,6.0,0.0
60,30,85,55,50,10,30,0,25,1,21,0.5,0.6,5.0,50,50,3.0,0.15
30,20,105,45,30,10,90,20,40,7,90,0.5,0.6,4.0,33,50,1.5,0.0
15,20,105,55,50,25,0,0,25,2,21,0.0,1.05,4.0,33,50,3.0,0.23
0,30,75,65,50,10,0,20,25,7,21,0.0,1.05,2.0,15,15,1.5,8.69
15,20,105,75,30,25,60,20,33,4,21,1.0,1.2,5.0,33,15,6.0,2.56
0,20,95,75,90,25,30,5,25,2,45,1.0,1.05,6.0,15,33,6.0,1.93
30,10,85,75,50,2,0,0,33,4,90,0.0,0.85,5.0,50,50,3.0,0.0
5,20,95,75,90,10,90,0,18,4,90,0.0,0.85,5.0,15,15,3.0,5.96
30,30,105,45,30,25,30,5,33,4,45,0.0,1.2,2.0,50,50,1.5,0.03
15,30,60,75,90,10,0,0,18,4,45,0.5,1.05,4.0,15,50,6.0,7.47
0,20,85,75,90,2,30,5,33,1,90,1.0,1.05,5.0,50,50,6.0,3.17
30,30,95,45,70,10,0,5,33,0,90,0.5,0.85,2.0,50,33,1.5,0.0
30,20,75,45,30,2,0,5,33,4,21,0.5,0.85,6.0,50,50,3.0,0.0
0,20,105,55,70,25,90,5,25,4,45,1.0,1.05,5.0,50,33,1.5,5.46
15,20,85,65,50,25,60,5,33,7,45,0.5,0.6,6.0,33,33,1.5,3.37
15,10,85,45,70,25,60,20,40,1,21,1.0,1.05,5.0,15,15,6.0,0.0
0,20,75,45,30,25,60,20,40,0,21,0.0,0.85,6.0,50,33,3.0,0.0
5,30,85,65,30,0,30,20,18,1,90,0.0,0.6,6.0,33,15,6.0,1.11
0,10,85,45,70,10,90,20,40,1,90,0.5,0.85,2.0,33,15,6.0,0.12
30,30,75,45,70,10,30,0,40,4,45,0.0,1.2,2.0,15,15,3.0,0.0
15,45,75,75,70,10,60,20,18,2,45,1.0,0.85,2.0,50,15,3.0,0.34
15,20,95,65,30,10,60,20,25,1,21,0.5,0.85,6.0,50,50,3.0,0.0
30,20,75,45,90,10,0,20,18,0,21,1.0,0.85,4.0,33,50,3.0,0.32
0,20,105,75,30,25,0,5,25,7,90,0.5,0.6,6.0,50,33,6.0,4.86
0,20,105,45,30,25,60,20,18,7,7,0.0,1.2,2.0,33,33,1.5,7.85
5,45,85,75,90,25,90,0,25,2,7,0.0,1.2,4.0,50,15,1.5,4.02
30,45,105,75,50,2,90,5,25,2,21,1.0,0.6,2.0,50,33,6.0,0.0
0,20,75,45,30,0,90,20,18,1,7,0.5,1.2,4.0,50,15,1.5,2.0
5,30,105,65,50,10,30,20,25,4,45,0.5,0.6,4.0,50,50,3.0,5.07
60,45,60,65,90,10,90,5,25,2,90,0.0,1.2,4.0,15,33,6.0,0.34
0,45,95,55,90,2,60,0,33,0,90,0.5,0.6,4.0,15,33,3.0,0.44
60,10,60,55,50,25,30,5,33,0,21,0.0,0.6,6.0,15,50,6.0,0.0
5,30,85,75,90,10,60,5,33,7,90,0.5,0.6,6.0,33,15,3.0,8.63
15,45,60,55,50,0,60,20,40,2,21,0.0,1.05,4.0,33,50,1.5,0.0
15,30,95,75,90,2,60,0,25,7,90,0.0,0.6,2.0,15,50,1.5,18.77
0,45,75,55,30,2,0,0,40,2,7,1.0,1.2,6.0,15,15,6.0,18.38
60,30,105,65,30,25,30,0,18,7,21,0.0,0.85,5.0,33,33,3.0,0.0
0,30,95,75,50,2,60,20,18,0,7,0.5,1.2,6.0,50,33,1.5,0.0
0,45,95,65,30,0,30,0,40,2,7,0.0,1.05,2.0,15,33,1.5,15.61
5,20,95,45,70,2,30,20,40,7,45,0.5,0.85,2.0,50,50,3.0,6.37
0,30,105,75,70,0,60,5,40,1,45,1.0,1.2,6.0,15,50,6.0,7.13
30,10,105,65,50,0,0,5,25,4,21,1.0,1.2,5.0,33,15,1.5,0.43
15,30,60,55,30,2,90,5,40,0,7,0.0,1.05,2.0,50,50,3.0,0.01
30,10,85,75,90,0,30,20,25,4,21,0.0,1.05,5.0,33,33,1.5,0.49
30,30,95,45,70,10,30,20,40,7,21,0.5,0.6,4.0,33,15,3.0,0.9
15,45,85,75,70,25,30,5,33,7,21,0.5,1.05,4.0,33,33,3.0,14.56
60,20,85,75,70,25,60,0,25,7,21,1.0,0.6,6.0,50,15,3.0,0.0
15,10,95,75,50,10,30,5,25,4,90,0.0,1.2,6.0,50,33,6.0,0.0
30,10,85,45,30,2,60,0,18,7,90,0.5,1.2,2.0,15,15,3.0,0.0
5,20,95,65,90,25,30,5,18,4,7,0.5,1.2,2.0,15,50,1.5,4.47
5,45,85,75,30,25,90,5,18,2,7,1.0,0.6,2.0,33,50,1.5,2.77
5,20,105,55,50,10,90,5,25,4,21,0.0,1.2,6.0,15,50,6.0,7.54
30,45,60,55,50,10,0,20,18,7,21,0.5,1.05,4.0,33,15,3.0,8.62
30,30,105,75,90,0,60,5,40,7,21,1.0,1.05,2.0,50,15,3.0,21.27
5,30,75,75,90,2,90,5,25,4,21,1.0,0.85,6.0,33,15,1.5,13.93
15,45,105,45,70,0,90,0,25,4,90,0.5,1.2,6.0,50,33,3.0,35.99
5,30,60,65,50,10,30,5,40,7,7,1.0,0.6,5.0,50,33,6.0,9.92
0,45,105,55,90,0,30,5,18,4,45,0.5,0.6,6.0,15,15,1.5,18.7
15,45,75,55,50,2,0,20,33,7,45,1.0,0.85,5.0,50,33,3.0,11.49
60,30,105,45,50,25,0,5,25,1,21,0.0,1.05,4.0,50,33,3.0,0.44
30,45,95,45,30,25,60,20,33,4,90,0.5,0.6,2.0,50,33,6.0,0.55
15,10,105,75,50,25,30,5,33,2,45,0.5,0.85,6.0,33,50,1.5,0.67
30,10,60,55,90,25,0,5,25,1,45,0.0,1.05,2.0,50,33,3.0,0.2
0,30,75,45,90,10,30,5,18,0,7,0.0,1.2,2.0,15,50,1.5,0.0
0,30,60,75,50,25,0,0,40,0,7,0.0,1.05,5.0,33,15,3.0,0.0
5,20,60,45,50,25,60,20,25,1,90,1.0,1.2,4.0,15,15,1.5,0.15
30,30,95,65,50,2,60,20,18,1,45,1.0,0.6,5.0,15,50,6.0,0.0
60,20,95,65,30,2,90,5,18,1,90,1.0,0.6,2.0,33,33,1.5,0.0
30,30,105,55,90,0,0,20,18,0,45,0.0,0.6,2.0,33,50,3.0,0.62
60,45,95,75,30,2,60,0,33,0,21,0.0,1.05,6.0,50,50,6.0,0.0
30,20,60,55,30,25,0,5,18,2,21,0.0,0.6,4.0,50,15,1.5,0.0
30,30,105,65,50,10,30,20,33,0,7,0.5,1.2,5.0,50,15,3.0,0.0
0,45,95,65,30,25,30,5,25,2,7,1.0,0.6,4.0,50,50,1.5,2.37
0,10,75,45,90,10,90,0,25,0,90,0.0,1.05,4.0,33,50,3.0,0.0
15,10,105,45,50,2,0,5,18,4,45,0.5,1.05,2.0,50,33,1.5,0.2
15,20,85,65,50,25,60,20,40,1,21,0.0,0.6,6.0,15,15,6.0,0.0
0,30,60,75,70,0,30,20,25,4,90,0.0,0.85,5.0,15,15,1.5,4.43
60,45,85,75,30,0,30,20,40,0,7,0.5,0.85,4.0,33,33,3.0,0.45
15,30,95,65,50,0,30,0,18,1,7,0.0,1.2,6.0,33,33,1.5,0.0
60,30,75,75,70,25,60,0,18,1,45,1.0,0.6,4.0,33,15,1.5,0.0
30,10,85,65,50,0,90,5,25,0,90,0.0,0.85,2.0,15,15,1.5,0.0
5,20,95,65,30,10,0,0,18,1,90,0.0,0.6,5.0,15,15,3.0,1.08
30,45,95,45,90,25,30,5,25,1,45,0.5,1.2,4.0,15,50,6.0,0.36
60,20,85,75,90,25,0,0,33,4,21,0.5,0.85,4.0,50,50,1.5,0.87
15,45,105,75,70,10,90,5,25,0,45,1.0,0.85,2.0,33,15,3.0,0.0
60,30,105,55,50,0,30,20,25,2,7,0.0,1.2,5.0,15,15,1.5,0.0
15,10,85,55,50,25,60,0,40,0,7,0.0,0.85,4.0,15,50,3.0,0.0
0,30,105,55,50,10,30,5,18,0,21,1.0,0.85,2.0,50,33,1.5,0.0
30,10,85,65,70,2,30,20,40,4,45,0.0,1.05,4.0,50,50,1.5,0.85
30,30,85,55,50,0,90,20,18,1,45,1.0,0.85,2.0,33,15,3.0,0.0
15,20,60,65,90,0,60,0,25,0,45,0.5,0.6,2.0,15,33,3.0,0.0
30,20,95,75,90,10,90,0,40,7,21,0.0,1.2,2.0,15,33,1.5,5.24
0,30,75,75,50,0,0,5,40,0,90,1.0,0.85,6.0,15,15,1.5,1.12
15,20,75,75,70,10,60,0,18,0,90,1.0,1.2,4.0,15,33,1.5,0.0
60,45,75,45,30,2,30,20,33,0,90,0.0,1.05,6.0,33,33,6.0,0.18
15,10,105,75,50,10,90,5,25,4,7,0.5,1.2,6.0,33,15,3.0,0.0
0,10,85,75,50,0,90,20,40,7,90,1.0,0.85,6.0,33,15,3.0,2.93
0,20,60,75,50,2,30,0,25,0,90,0.0,1.2,4.0,50,15,6.0,0.0
0,10,95,75,70,10,90,0,40,0,90,0.0,0.85,2.0,15,50,1.5,1.1
15,30,95,65,90,25,90,0,25,2,90,0.0,1.2,2.0,33,33,6.0,0.06
15,30,60,65,70,10,60,5,18,1,21,0.5,1.2,5.0,33,50,3.0,0.82
60,10,75,75,50,25,90,20,33,0,21,0.0,1.05,6.0,15,50,6.0,0.32
5,10,75,45,90,0,60,20,25,2,45,0.5,1.2,2.0,50,15,1.5,0.76
15,45,105,75,50,25,60,5,25,2,7,0.5,0.6,6.0,15,15,6.0,0.06
5,20,75,65,90,0,0,5,25,1,7,0.0,1.05,5.0,50,50,6.0,0.0
15,45,95,65,90,10,30,5,33,7,90,1.0,0.6,2.0,50,50,3.0,15.6
15,30,60,75,30,10,60,20,33,2,45,1.0,1.05,4.0,15,50,1.5,0.0
0,45,85,55,30,25,60,5,40,4,90,1.0,0.6,4.0,33,50,6.0,5.62
30,30,105,65,50,2,60,0,40,1,45,1.0,0.85,5.0,50,15,1.5,0.61
15,20,85,75,70,10,60,20,33,4,7,0.5,0.6,2.0,33,15,6.0,0.55
60,30,95,45,50,2,30,5,40,7,90,0.0,1.05,4.0,15,33,3.0,0.52
5,30,60,45,90,10,30,0,25,4,7,0.0,1.2,6.0,33,33,3.0,12.24
5,30,60,65,50,0,0,20,25,1,45,0.5,0.85,2.0,33,50,6.0,0.28
15,20,60,45,70,10,90,20,33,4,21,0.5,1.2,5.0,15,15,3.0,2.28
5,20,60,55,30,10,0,5,33,7,7,1.0,0.6,2.0,50,15,1.5,6.28
0,45,95,75,30,10,90,20,25,1,7,0.5,1.2,2.0,50,50,3.0,2.1
30,10,105,45,70,0,0,5,25,7,21,0.5,0.85,5.0,50,33,3.0,0.0
5,10,105,75,50,25,60,0,18,0,7,0.0,1.2,4.0,15,50,1.5,0.0
15,20,95,65,70,25,0,0,25,0,45,0.5,1.05,6.0,50,15,1.5,0.0
0,10,75,55,70,10,90,20,33,0,45,0.5,0.85,2.0,33,33,3.0,0.0
30,45,75,45,50,0,30,0,40,7,90,1.0,1.2,4.0,50,33,3.0,40.0
60,10,75,75,90,0,90,5,18,0,45,1.0,1.05,2.0,50,50,6.0,0.07
60,20,85,45,90,2,90,5,40,1,7,0.0,0.85,6.0,33,15,1.5,0.0
30,30,75,65,70,0,30,20,40,4,21,0.0,1.2,6.0,50,33,1.5,0.34
0,45,60,45,90,25,0,20,18,0,45,1.0,0.85,6.0,33,33,1.5,0.0
5,45,85,75,70,25,0,0,25,0,45,0.5,1.05,5.0,50,15,1.5,0.46
30,10,85,55,50,0,90,0,40,1,45,0.0,1.2,2.0,50,50,6.0,0.0
0,45,95,55,90,0,0,20,40,7,90,1.0,0.85,4.0,50,15,1.5,14.4
15,45,95,55,70,25,60,5,40,1,21,0.5,1.05,5.0,50,50,6.0,0.44
5,20,75,65,70,2,30,20,33,0,45,1.0,1.2,6.0,50,50,6.0,0.0
0,10,60,75,50,0,0,0,33,1,45,1.0,1.05,4.0,15,50,3.0,2.89
5,10,85,75,30,2,90,0,33,0,90,0.5,1.2,5.0,50,15,1.5,0.0
30,20,85,55,50,10,90,0,18,1,21,1.0,0.6,6.0,15,33,3.0,0.0
60,30,75,55,70,0,60,5,25,0,21,0.5,0.6,5.0,33,50,6.0,0.0
15,20,75,45,50,25,90,0,33,1,21,1.0,1.05,5.0,33,33,1.5,0.68
60,45,105,45,30,10,90,0,25,0,45,0.5,0.6,6.0,33,50,6.0,0.0
15,45,95,45,70,2,60,20,18,0,21,1.0,0.6,2.0,15,50,6.0,1.08
5,45,60,55,90,0,30,0,40,2,7,0.0,0.6,2.0,15,33,6.0,7.55
15,45,95,75,90,25,60,0,40,0,7,1.0,0.6,2.0,50,15,3.0,0.4
60,10,85,65,30,10,90,5,40,0,90,0.0,0.85,4.0,50,33,6.0,0.0
15,30,60,55,30,0,0,20,40,7,7,0.5,0.85,5.0,15,33,6.0,7.72
60,20,75,55,50,10,30,0,25,7,7,1.0,1.2,2.0,33,50,1.5,0.0
60,45,85,65,50,2,0,5,18,1,45,0.5,1.2,5.0,50,50,3.0,0.33
60,20,105,65,70,25,30,0,33,1,21,1.0,1.2,5.0,33,15,6.0,0.0
30,45,85,65,90,0,30,20,18,2,21,1.0,0.85,5.0,50,50,1.5,0.0
0,10,105,45,90,2,0,20,33,7,90,1.0,0.85,5.0,33,15,6.0,3.55
30,10,95,65,30,2,30,20,25,4,21,0.0,0.85,6.0,33,15,1.5,0.0
30,20,60,65,70,2,0,20,25,7,45,0.5,1.2,6.0,15,15,6.0,1.95
60,30,85,55,90,25,60,20,18,7,45,0.5,0.85,6.0,33,33,3.0,0.7
30,10,105,55,90,2,30,0,33,1,21,0.0,0.85,5.0,50,50,1.5,0.0
15,10,95,75,90,2,30,20,40,0,21,0.0,0.85,4.0,15,50,6.0,0.0
0,20,60,55,70,2,90,20,18,2,7,0.0,1.2,6.0,33,15,1.5,2.04
60,20,105,65,50,10,90,20,18,1,90,0.5,0.85,2.0,15,15,6.0,0.0
60,45,75,45,50,25,0,20,18,0,90,1.0,0.85,2.0,50,50,3.0,0.0
0,45,75,75,90,10,0,5,25,2,90,0.0,0.6,5.0,50,50,3.0,3.02
15,20,60,45,30,0,90,20,25,2,90,0.5,0.6,4.0,33,50,6.0,0.0
30,30,105,65,90,2,90,20,40,1,45,1.0,1.2,5.0,33,50,3.0,0.98
30,20,60,55,90,2,0,0,40,2,7,0.0,1.2,2.0,15,15,3.0,0.48
0,30,75,65,30,0,90,5,33,7,7,0.0,1.2,6.0,15,15,6.0,28.56
60,30,75,45,50,2,0,5,25,0,21,0.0,1.05,6.0,33,50,3.0,0.0
0,10,60,65,70,10,60,0,25,4,90,1.0,0.6,5.0,15,33,6.0,2.86
0,10,105,65,70,0,60,20,33,4,90,1.0,1.2,4.0,33,33,6.0,2.25
0,45,60,65,30,25,30,20,25,2,90,0.5,0.6,5.0,15,33,1.5,2.38
30,30,60,55,90,10,60,0,33,1,21,0.5,0.85,4.0,50,15,3.0,0.09
5,30,75,45,30,0,90,20,18,7,7,0.5,1.05,5.0,33,50,3.0,9.38
30,20,105,65,90,2,30,0,40,4,7,1.0,1.05,6.0,50,15,3.0,0.77
30,30,60,45,50,25,0,5,33,7,45,0.0,1.05,4.0,33,33,6.0,3.76
15,30,75,75,90,2,90,20,33,2,90,0.5,1.2,4.0,50,15,6.0,0.0
15,20,105,75,90,2,30,20,25,4,7,0.0,1.2,6.0,15,50,6.0,1.34
60,30,95,65,70,0,90,0,25,0,21,0.5,1.2,2.0,33,50,3.0,0.0
60,30,85,45,90,0,60,20,25,7,21,0.5,1.05,5.0,50,50,3.0,0.47
30,10,95,65,90,2,30,20,33,4,90,0.0,0.6,4.0,33,15,3.0,0.0
15,45,85,75,70,25,90,0,25,0,21,1.0,0.85,5.0,50,50,6.0,0.38
0,20,75,75,30,0,0,5,18,0,90,1.0,0.6,2.0,33,50,1.5,1.0
30,30,75,55,70,25,30,0,25,0,7,1.0,1.05,5.0,33,33,6.0,0.59
15,45,75,55,90,25,60,5,40,7,21,0.0,1.2,5.0,33,33,3.0,13.29
60,20,85,65,90,0,90,5,33,0,90,0.5,0.85,2.0,50,33,1.5,0.06
30,45,95,55,50,25,90,0,33,0,90,1.0,0.85,5.0,33,50,6.0,0.0
5,10,75,55,70,0,90,20,40,2,90,0.0,1.05,2.0,15,15,6.0,0.42
0,20,60,65,70,2,90,20,18,1,7,0.0,0.6,6.0,15,33,3.0,0.09
15,45,60,65,30,2,0,5,40,0,90,0.0,0.85,5.0,33,15,1.5,0.83
5,45,95,55,30,2,90,20,18,7,21,0.5,1.2,5.0,33,15,6.0,18.52
60,10,85,75,70,2,60,0,25,0,21,1.0,1.2,5.0,15,15,3.0,0.0
60,10,95,55,30,0,90,20,25,2,7,0.0,0.85,6.0,15,50,6.0,0.0
0,10,85,55,30,2,90,0,33,7,45,0.5,0.85,2.0,50,33,3.0,11.02
5,30,60,75,90,10,90,0,25,7,45,0.5,1.2,5.0,50,50,1.5,25.1
15,30,105,65,90,0,90,20,25,0,45,1.0,0.85,5.0,50,15,6.0,0.12
60,45,75,75,50,10,60,5,33,0,7,1.0,0.6,2.0,15,15,1.5,0.17
0,10,105,75,90,10,0,5,25,7,7,0.0,0.85,6.0,15,33,6.0,4.97
0,30,105,75,70,0,60,20,18,0,45,0.0,0.85,2.0,15,50,1.5,0.0
60,20,105,55,90,0,60,20,40,4,7,0.0,0.85,6.0,50,33,6.0,0.0
5,45,85,65,70,10,90,20,40,2,21,1.0,0.85,6.0,50,50,3.0,3.2
30,10,60,65,30,2,60,0,33,1,21,0.5,0.6,5.0,50,50,6.0,0.42
60,20,60,45,90,10,30,0,33,2,21,0.0,1.05,5.0,15,50,3.0,0.0
0,30,95,55,90,0,60,0,40,0,7,0.5,1.05,6.0,33,15,1.5,0.0
60,10,95,45,70,0,60,20,25,2,21,0.0,0.6,6.0,33,50,6.0,0.0
15,45,75,55,70,0,90,20,18,7,90,0.5,0.6,6.0,50,33,6.0,7.46
5,20,95,55,90,25,30,20,25,1,7,0.5,1.2,5.0,50,50,1.5,0.54
15,30,75,65,70,0,60,0,33,7,90,1.0,0.85,6.0,15,15,1.5,32.19
15,20,60,45,30,2,30,5,18,2,7,0.5,1.2,6.0,15,33,1.5,0.0
60,30,105,75,50,0,90,20,18,2,21,0.0,1.05,4.0,50,50,3.0,0.0
0,45,60,45,90,10,60,0,18,2,90,0.0,1.2,2.0,33,33,6.0,8.94
60,45,105,45,30,2,60,5,40,4,21,0.0,1.05,5.0,33,50,3.0,0.0
5,30,60,65,90,0,60,0,25,2,90,1.0,0.85,2.0,50,33,6.0,8.84
5,45,75,55,90,10,60,5,25,1,21,1.0,0.85,4.0,33,50,6.0,1.11
60,20,95,55,50,10,0,20,18,1,45,0.0,0.6,5.0,33,33,3.0,0.0
15,20,75,45,50,2,0,20,33,7,21,1.0,0.85,4.0,50,15,3.0,5.61
0,45,75,75,70,2,90,5,40,1,21,0.0,0.85,2.0,33,15,3.0,4.27
5,20,60,55,90,25,60,5,25,4,90,0.0,1.2,5.0,33,50,6.0,3.32
60,10,105,45,90,25,0,0,40,0,90,1.0,0.6,4.0,33,33,3.0,0.64
15,45,75,75,70,0,30,5,40,0,7,0.0,0.85,6.0,33,33,3.0,0.0
0,20,95,55,90,0,60,5,25,0,7,0.0,1.2,5.0,15,50,6.0,0.0
60,20,95,75,30,2,60,20,25,1,21,0.0,0.6,6.0,33,33,6.0,0.59
30,30,75,45,50,2,0,20,33,0,90,0.5,1.2,2.0,50,33,1.5,0.15
30,45,95,45,30,2,60,20,25,0,21,0.0,0.6,5.0,15,15,1.5,0.72
60,30,85,45,30,0,90,0,25,2,21,0.5,1.05,2.0,15,33,3.0,0.0
0,45,105,45,70,25,30,0,33,2,90,1.0,0.85,4.0,50,15,1.5,4.98
60,10,95,65,90,10,60,20,33,1,90,1.0,1.2,6.0,15,50,1.5,0.0
0,10,60,75,30,2,90,5,18,2,45,1.0,0.85,2.0,50,15,6.0,0.93
15,30,60,65,70,10,0,0,33,2,90,1.0,0.6,4.0,15,33,3.0,0.5
30,10,75,75,50,25,60,5,40,0,45,1.0,1.05,2.0,15,50,6.0,0.0
15,30,60,55,70,0,60,5,25,7,90,0.0,0.6,5.0,50,33,6.0,14.11
30,20,85,75,70,2,60,0,18,2,7,0.0,0.6,6.0,50,15,3.0,0.1
60,20,75,65,90,10,60,0,18,7,21,0.0,0.6,6.0,33,50,6.0,0.32
0,10,85,75,30,0,60,0,33,1,45,0.0,0.85,5.0,33,50,3.0,1.62
30,10,85,55,50,10,0,0,18,1,45,1.0,1.05,5.0,15,50,3.0,0.0
15,30,105,75,30,2,0,5,18,0,90,0.0,0.6,6.0,33,15,6.0,0.0
60,45,105,65,70,10,30,20,18,4,21,0.0,1.2,2.0,33,33,6.0,0.0
30,20,75,55,70,10,90,0,33,2,90,0.5,0.6,2.0,33,15,3.0,0.0
30,45,75,65,70,2,0,5,18,2,7,0.5,1.2,6.0,50,33,1.5,0.0
30,45,60,65,50,25,90,20,33,7,21,0.0,0.6,6.0,15,50,6.0,2.32
30,30,105,45,90,2,60,5,18,7,7,1.0,1.2,5.0,33,50,6.0,24.66
5,10,75,55,90,10,90,20,40,1,21,1.0,1.05,5.0,50,50,3.0,0.13
30,30,60,45,90,2,60,0,33,7,7,0.0,1.05,2.0,33,15,1.5,13.65
15,45,95,75,90,2,30,5,25,1,90,0.5,1.2,4.0,33,50,1.5,0.28
5,10,60,45,50,25,90,0,18,1,90,0.5,1.2,4.0,33,50,3.0,0.0
15,20,75,75,30,25,30,20,33,4,45,0.0,0.6,6.0,50,33,1.5,0.0
60,45,60,55,70,25,0,20,18,1,90,1.0,0.6,5.0,50,15,3.0,0.0
30,45,105,65,90,10,60,5,25,0,45,1.0,1.05,2.0,50,33,6.0,0.0
5,10,85,45,70,25,0,0,18,2,45,0.0,1.05,5.0,33,15,6.0,0.79
60,20,95,65,50,10,30,5,25,7,7,0.5,0.6,4.0,50,15,3.0,0.2
30,45,75,75,50,2,60,0,33,0,7,0.0,1.2,6.0,33,33,3.0,0.0
60,20,95,75,90,10,30,20,40,0,45,0.5,1.2,5.0,50,50,1.5,0.0
0,30,95,65,70,10,60,0,33,7,90,0.5,0.85,4.0,50,33,6.0,21.0
60,10,60,45,30,25,0,20,18,4,45,0.0,1.05,5.0,15,15,1.5,0.0
60,10,60,55,30,0,0,20,25,4,21,0.0,0.85,5.0,33,33,6.0,0.66
15,45,85,65,50,0,60,0,40,4,45,0.0,1.05,5.0,15,33,1.5,21.72
30,20,105,75,50,25,0,0,40,1,7,0.5,1.05,2.0,15,15,1.5,0.0
30,10,95,55,30,0,90,5,25,2,90,1.0,0.6,6.0,33,33,3.0,0.0
0,20,60,75,90,0,60,5,33,4,7,1.0,0.6,5.0,50,33,1.5,7.59
15,20,75,45,90,2,60,20,40,0,45,0.5,0.6,6.0,50,15,1.5,0.0
0,20,60,55,90,25,0,20,33,4,90,0.0,0.6,5.0,15,33,6.0,1.96
60,45,105,55,50,0,0,20,25,4,7,0.5,0.6,4.0,50,50,1.5,0.07
0,20,60,65,30,25,30,20,18,0,7,0.5,0.85,2.0,15,33,3.0,0.54
30,30,60,55,70,2,0,20,25,2,7,0.0,1.05,4.0,33,15,6.0,0.0
15,20,95,55,30,2,0,20,40,1,7,0.5,0.6,2.0,15,15,1.5,0.0
15,45,95,55,50,2,60,20,40,4,21,0.0,0.6,4.0,50,33,6.0,1.88
0,30,85,75,30,2,30,0,18,7,45,1.0,0.85,6.0,50,50,1.5,33.49
5,45,95,55,50,0,0,20,33,2,21,0.5,1.05,5.0,50,33,1.5,4.64
0,10,105,55,50,0,90,20,18,0,21,1.0,1.2,5.0,33,15,6.0,0.0
0,30,75,45,50,25,30,5,25,0,90,1.0,1.2,2.0,33,15,1.5,0.0
60,45,75,75,70,2,90,20,25,2,45,0.0,1.05,4.0,15,50,6.0,0.25
30,45,95,55,70,2,60,20,25,7,21,1.0,0.85,2.0,33,50,3.0,8.78
5,45,95,65,30,25,30,0,33,4,21,1.0,0.85,2.0,33,15,1.5,9.34
60,10,95,75,90,0,90,5,25,0,7,1.0,1.2,4.0,15,33,3.0,0.0
5,10,60,75,70,2,90,20,18,4,90,0.0,1.2,4.0,33,50,3.0,1.71
0,45,85,45,70,25,60,20,25,0,45,1.0,0.6,5.0,15,15,3.0,0.0
15,45,105,45,70,10,30,20,18,7,21,0.0,1.05,4.0,50,15,6.0,13.86
60,20,75,65,70,10,90,5,18,0,45,0.5,1.2,6.0,50,50,1.5,0.16
30,30,95,65,30,2,90,0,18,4,21,0.5,0.6,2.0,15,33,1.5,0.0
5,10,85,75,50,25,60,5,40,0,45,0.0,0.6,2.0,15,50,6.0,0.0
15,45,105,65,70,25,90,5,33,7,21,0.5,0.85,5.0,15,33,3.0,14.76
0,20,85,65,90,2,30,20,33,1,21,1.0,0.85,4.0,15,15,1.5,0.71
15,20,95,65,70,2,30,20,18,2,45,0.0,1.05,6.0,50,15,6.0,0.0
30,45,75,75,70,2,0,20,33,2,90,0.5,0.85,6.0,33,50,1.5,1.07
30,10,75,45,70,0,90,20,25,4,45,0.0,1.05,2.0,50,50,1.5,0.0
15,20,60,45,90,0,90,0,40,2,7,1.0,1.05,6.0,15,50,3.0,0.0
15,45,85,45,70,10,60,5,40,7,7,0.0,1.2,6.0,33,33,1.5,23.77
30,45,75,45,50,2,60,5,33,0,90,0.0,0.6,6.0,50,33,3.0,0.0
5,45,105,55,50,2,90,5,40,0,45,1.0,1.05,6.0,50,50,3.0,0.14
5,30,85,75,30,10,90,0,40,1,7,0.0,1.05,6.0,15,50,6.0,1.86
15,45,105,75,70,25,0,5,18,2,21,1.0,0.6,4.0,33,33,6.0,0.2
15,30,95,65,30,10,60,20,18,7,21,1.0,0.85,2.0,50,15,6.0,9.78
15,30,85,65,70,0,60,0,18,1,45,0.5,1.2,6.0,33,15,1.5,0.12
5,10,95,75,30,0,30,0,40,2,45,1.0,1.05,4.0,33,50,6.0,3.7
15,20,85,45,30,2,30,20,25,1,45,0.0,0.85,4.0,15,33,6.0,0.02
0,45,95,45,50,0,0,20,18,4,7,0.5,0.6,2.0,33,50,1.5,5.08
0,10,105,55,50,2,60,0,18,1,45,1.0,1.05,5.0,15,50,6.0,1.88
0,10,105,45,50,2,60,0,18,0,21,1.0,1.2,5.0,50,50,1.5,0.0
30,10,75,65,90,25,30,20,25,4,7,0.5,0.6,6.0,15,50,1.5,0.0
15,10,60,65,90,0,90,5,40,7,45,1.0,1.2,4.0,50,33,3.0,11.45
30,20,60,75,70,2,0,20,40,0,90,0.5,0.6,2.0,15,33,3.0,0.0
5,10,85,55,70,2,90,0,25,4,90,0.5,1.05,6.0,33,33,6.0,5.69
60,45,95,65,50,25,0,0,33,4,90,0.0,0.85,2.0,15,50,1.5,0.28
0,20,95,65,50,10,0,0,40,4,21,0.5,1.2,6.0,50,33,6.0,10.84
15,10,60,75,30,25,90,5,40,4,90,0.0,0.6,4.0,50,50,3.0,0.22
30,20,85,75,90,0,90,20,40,4,21,1.0,0.6,6.0,33,33,6.0,0.0
30,30,85,65,30,0,0,0,33,2,7,1.0,1.05,6.0,15,33,3.0,0.51
0,20,75,55,70,0,0,5,18,2,21,0.0,1.05,2.0,33,50,3.0,4.77
60,45,85,45,90,0,60,5,40,2,7,0.5,0.6,4.0,33,33,6.0,0.28
5,30,85,75,50,25,0,20,25,2,45,0.0,1.05,6.0,15,50,6.0,1.51
0,10,105,65,70,0,90,5,25,2,7,1.0,1.05,5.0,33,50,6.0,3.86
15,45,105,55,30,2,90,0,40,2,90,1.0,0.6,4.0,33,33,1.5,0.48
5,20,85,75,90,10,0,20,25,4,45,0.5,0.85,5.0,50,50,1.5,2.87
5,10,75,65,90,25,90,5,18,1,21,0.5,0.85,2.0,33,33,6.0,0.14
60,20,60,75,30,0,0,5,33,0,90,0.5,0.6,6.0,50,15,1.5,0.62
0,30,95,45,50,0,60,5,40,1,90,0.0,0.85,2.0,15,15,3.0,4.02
30,45,85,45,90,10,0,5,40,4,21,0.5,0.85,5.0,33,50,3.0,0.04
60,10,60,55,70,25,60,20,33,0,21,0.5,1.2,2.0,33,33,3.0,0.0
0,20,85,55,50,25,60,20,40,0,45,0.0,1.2,6.0,50,33,3.0,0.0
0,20,85,45,70,25,60,5,18,0,21,1.0,1.2,4.0,15,33,1.5,0.0
15,30,105,45,30,2,30,20,25,7,90,0.5,1.2,6.0,50,15,3.0,13.39
15,30,75,45,90,10,30,5,40,7,21,0.0,0.6,4.0,15,33,1.5,7.39
15,20,60,75,90,10,30,0,33,1,7,0.0,1.2,6.0,50,33,1.5,0.05
15,30,95,75,50,25,30,20,25,2,21,0.5,0.85,6.0,15,15,3.0,0.33
15,20,105,75,50,10,90,0,18,4,21,0.5,1.2,4.0,50,33,6.0,5.43
0,10,105,45,30,10,30,5,33,7,7,0.0,1.05,6.0,33,33,6.0,5.77
15,20,105,45,50,10,30,20,40,2,90,0.0,0.6,5.0,50,50,3.0,0.16
0,20,95,65,70,25,60,5,33,7,45,0.5,0.85,5.0,50,33,1.5,6.06
60,45,60,55,50,0,30,0,18,4,45,0.0,1.2,6.0,15,33,1.5,0.0
60,45,95,75,30,2,0,5,18,1,45,0.0,0.85,5.0,50,50,6.0,0.54
5,10,105,55,90,0,30,5,18,2,7,0.5,0.6,6.0,33,50,1.5,1.0
0,45,95,75,70,0,60,0,40,2,21,0.0,0.6,5.0,33,15,6.0,9.01
0,45,60,75,70,2,30,5,18,0,21,0.0,1.2,6.0,33,50,6.0,0.24
30,30,105,55,70,0,60,20,25,4,90,0.5,1.2,5.0,50,50,3.0,0.35
0,45,85,55,90,25,0,0,33,4,21,1.0,0.85,6.0,50,50,6.0,7.4
30,10,95,65,50,2,60,0,40,2,7,1.0,0.6,2.0,50,15,6.0,0.0
30,45,60,75,70,10,60,20,18,7,7,0.0,1.2,4.0,15,33,1.5,10.39
15,30,105,75,90,10,60,0,25,1,7,1.0,1.05,2.0,33,50,1.5,0.51
0,45,60,45,50,25,90,20,40,7,90,0.5,1.05,6.0,33,15,1.5,13.8
0,20,60,55,90,2,30,5,25,0,45,0.5,0.85,6.0,33,15,1.5,0.24
5,20,95,75,90,0,90,20,25,1,45,1.0,1.2,2.0,33,15,1.5,0.0
30,45,105,65,30,25,90,5,40,1,7,1.0,0.6,6.0,50,33,6.0,0.0
0,30,95,75,30,25,60,5,40,0,21,0.5,0.85,6.0,33,33,1.5,0.0
15,45,75,65,90,25,60,5,25,7,21,0.5,0.6,6.0,15,15,1.5,7.44
5,45,60,75,90,10,30,0,18,0,45,0.5,1.05,4.0,15,50,1.5,0.16
0,20,60,55,90,10,60,5,18,7,45,0.0,0.6,2.0,33,33,1.5,4.37
0,10,105,45,30,2,0,0,33,1,45,1.0,1.2,6.0,50,15,1.5,2.39
5,10,75,75,90,0,30,5,33,2,21,0.0,1.05,5.0,50,33,3.0,1.24
5,20,105,75,50,2,90,5,40,4,45,0.0,1.2,4.0,15,50,6.0,13.03
15,45,75,75,30,25,0,20,25,7,7,1.0,1.05,6.0,33,50,6.0,14.96
60,30,85,65,30,10,30,20,40,4,21,1.0,1.2,5.0,50,33,1.5,0.15
60,30,95,55,70,2,0,20,33,7,45,1.0,0.85,2.0,15,50,6.0,0.0
15,20,85,75,30,0,60,5,33,0,7,1.0,0.6,6.0,33,50,6.0,0.45
5,20,85,65,70,2,90,20,25,0,45,1.0,0.85,5.0,33,15,1.5,0.01
30,45,60,45,30,25,30,5,25,4,7,0.5,1.2,6.0,33,50,3.0,1.45
30,45,75,55,50,25,90,0,18,1,90,0.5,0.6,4.0,50,33,1.5,0.0
60,45,60,45,70,10,0,20,25,0,45,0.5,1.05,5.0,33,33,1.5,0.07
60,45,60,65,70,2,30,20,40,0,7,1.0,1.05,2.0,15,33,3.0,0.0
60,30,105,75,70,25,90,20,25,1,90,0.5,1.2,4.0,50,33,1.5,0.23
30,45,75,75,70,0,90,20,33,0,21,1.0,0.6,5.0,50,50,1.5,0.0
60,10,75,45,50,25,0,0,25,0,45,0.0,0.85,6.0,15,50,6.0,0.0
30,10,85,75,50,25,0,20,33,4,45,0.0,0.6,2.0,50,15,3.0,0.6
5,20,85,45,50,10,90,20,25,0,45,0.0,0.6,2.0,33,33,1.5,0.0
15,30,95,45,30,2,30,20,25,4,90,0.0,1.05,2.0,33,33,6.0,3.77
30,10,95,45,90,2,0,5,18,1,21,0.5,1.2,6.0,15,50,6.0,0.38
15,20,75,75,90,0,0,5,33,1,7,0.0,1.2,5.0,50,33,6.0,1.26
30,30,75,65,30,2,0,5,18,4,7,0.0,1.05,6.0,15,50,6.0,0.42
15,30,95,65,50,10,60,0,40,7,45,0.0,0.85,2.0,50,33,1.5,17.52
0,20,95,75,90,0,0,20,18,4,7,0.5,1.2,5.0,33,15,6.0,4.99
15,20,95,45,50,0,60,20,33,1,7,1.0,1.05,4.0,15,33,3.0,0.0
0,30,95,55,30,2,90,0,33,7,90,0.0,0.85,4.0,15,50,1.5,28.15
60,20,105,65,50,0,60,20,40,0,90,1.0,0.6,5.0,33,33,3.0,0.0
0,45,95,65,30,2,0,5,40,7,90,0.5,0.6,6.0,15,33,1.5,27.49
5,45,60,55,50,2,60,5,18,0,7,0.5,1.2,2.0,50,50,3.0,0.0
15,20,60,75,50,10,0,5,25,0,90,0.0,1.2,2.0,15,15,1.5,0.0
0,20,60,75,30,10,90,0,18,0,7,0.5,1.2,6.0,15,50,3.0,0.73
5,10,95,75,90,25,0,5,18,4,45,1.0,0.85,2.0,15,15,6.0,1.74
5,20,105,65,70,25,90,20,40,1,21,0.0,0.6,2.0,15,33,6.0,0.0
30,30,85,55,50,25,60,20,33,2,45,0.0,0.85,2.0,15,50,6.0,0.33
5,20,75,45,70,2,90,20,40,7,45,1.0,1.05,5.0,33,33,1.5,6.42
0,45,60,75,50,0,30,20,25,4,21,0.0,1.2,5.0,50,33,1.5,6.96
0,30,60,45,70,0,0,0,33,4,21,1.0,1.05,2.0,15,15,1.5,23.95
15,20,75,65,50,10,30,0,25,0,21,0.5,0.6,2.0,50,15,3.0,0.0
15,20,85,75,50,10,60,20,25,7,90,1.0,0.6,2.0,15,15,1.5,3.07
5,45,85,65,90,2,0,20,25,7,45,0.0,1.05,4.0,15,50,3.0,13.67
60,45,75,45,90,0,30,20,40,7,45,0.5,1.2,4.0,33,50,3.0,1.6
60,45,95,75,70,25,0,0,25,1,90,0.0,1.2,4.0,33,33,3.0,0.0
15,30,105,45,50,0,60,5,33,1,7,0.5,1.05,6.0,33,33,3.0,0.0
30,30,95,65,70,25,0,0,40,1,45,1.0,0.6,5.0,15,33,6.0,0.0
15,20,60,45,30,10,0,20,25,2,21,1.0,1.05,5.0,33,50,6.0,0.0
15,20,105,55,70,0,60,5,33,4,90,1.0,0.6,6.0,50,50,1.5,0.24
5,45,75,75,90,10,0,5,25,4,90,0.0,1.2,6.0,50,15,3.0,12.07
5,20,85,45,90,10,60,0,40,4,90,1.0,1.05,5.0,50,15,6.0,10.54
5,30,105,75,90,2,90,0,40,1,90,0.0,1.05,6.0,50,33,1.5,0.69
5,10,105,55,30,25,0,0,25,0,90,0.5,0.85,4.0,33,50,6.0,0.16
60,10,75,65,90,25,30,0,25,7,90,0.5,0.6,6.0,15,15,1.5,0.07
15,45,95,55,70,2,90,5,25,0,21,0.5,0.6,6.0,50,15,6.0,0.0
30,45,95,45,30,10,90,5,33,4,21,0.5,0.85,4.0,50,50,3.0,0.57
30,45,75,45,90,0,30,0,33,7,45,1.0,0.6,4.0,33,33,6.0,14.65
0,30,95,75,50,10,30,20,18,4,7,0.0,1.2,6.0,33,50,3.0,6.5
5,45,60,45,70,0,30,5,40,4,90,0.0,0.6,4.0,50,33,1.5,11.95
5,20,60,45,50,10,0,20,40,1,7,1.0,0.6,5.0,15,33,3.0,0.07
5,20,60,55,90,0,0,5,33,4,7,1.0,0.6,2.0,33,15,1.5,6.87
0,10,95,45,30,10,30,20,18,1,7,1.0,0.85,4.0,15,33,6.0,0.74
0,30,85,55,50,25,90,0,25,1,7,0.5,1.05,4.0,15,33,6.0,1.22
30,20,60,65,70,0,0,0,40,2,90,0.0,0.85,5.0,15,50,3.0,0.45
30,20,85,55,70,25,0,5,18,7,90,0.5,0.85,2.0,15,15,6.0,0.33
5,45,75,45,30,2,60,5,33,1,21,0.5,0.85,2.0,15,50,6.0,1.78
30,30,75,65,70,0,90,20,33,0,21,1.0,1.05,5.0,15,15,6.0,1.05
5,20,105,75,70,2,90,20,18,0,90,0.0,0.85,2.0,50,15,1.5,0.37
5,10,75,55,50,0,90,20,40,2,21,1.0,0.85,4.0,33,15,6.0,0.47
30,20,85,75,30,10,90,5,25,4,90,0.5,1.2,4.0,33,15,3.0,0.41
30,10,85,55,50,10,90,5,33,4,45,0.5,1.2,2.0,33,15,6.0,0.0
5,10,60,65,90,25,90,5,33,4,90,0.5,0.6,6.0,15,15,3.0,1.04
60,20,75,75,70,10,90,20,33,0,90,0.5,0.85,4.0,33,15,3.0,0.0
5,30,105,75,50,10,30,20,25,0,7,0.0,1.2,6.0,50,50,1.5,0.0
60,20,95,55,90,10,60,20,40,7,45,1.0,1.2,2.0,15,50,6.0,0.08
5,30,75,75,70,0,30,5,18,0,7,1.0,1.2,6.0,50,33,6.0,0.0
30,20,75,65,50,2,30,5,25,7,7,0.5,0.85,4.0,15,15,6.0,1.17
15,45,95,45,50,0,60,0,40,0,45,0.0,1.05,2.0,50,15,3.0,0.77
30,10,60,45,70,0,0,0,25,7,7,0.5,1.05,6.0,33,33,6.0,0.0
15,30,75,65,90,25,0,5,33,0,7,0.5,1.2,4.0,15,50,1.5,0.21
60,30,75,65,90,25,90,20,25,0,45,0.0,1.05,2.0,50,33,6.0,0.0
30,10,85,75,90,0,90,5,25,1,7,0.0,1.2,2.0,33,50,6.0,0.23
30,20,95,45,90,2,30,0,25,0,7,0.5,0.6,4.0,33,33,3.0,0.07
30,10,75,75,30,10,30,20,18,2,90,1.0,1.2,6.0,15,15,3.0,0.38
0,30,60,45,30,10,30,20,18,7,45,0.0,1.05,6.0,50,50,1.5,7.63
5,45,95,65,70,2,30,0,40,0,90,0.5,0.85,5.0,15,33,6.0,0.62
30,20,105,65,50,0,60,5,18,2,90,1.0,0.85,6.0,33,50,3.0,0.85
5,20,75,45,50,25,90,5,25,0,90,0.5,1.2,6.0,33,33,3.0,0.33
0,30,85,55,90,0,30,5,18,2,90,1.0,0.85,4.0,33,50,3.0,8.26
5,20,60,65,30,2,90,5,25,0,7,0.5,1.2,4.0,15,15,6.0,0.27
15,45,75,75,50,0,0,0,40,4,45,1.0,0.85,6.0,50,50,6.0,19.79
30,30,95,65,30,0,0,0,18,4,21,0.0,1.2,5.0,50,50,1.5,0.3
60,20,95,75,90,10,30,0,33,0,21,0.5,0.6,6.0,50,50,6.0,0.0
60,10,75,45,50,2,0,20,40,2,7,0.0,0.85,4.0,50,15,1.5,0.04
60,30,60,45,30,10,60,20,25,4,7,0.0,1.05,2.0,50,33,6.0,0.0
30,30,105,65,50,0,0,0,18,1,21,0.5,0.85,4.0,50,50,1.5,0.0
60,30,85,55,90,0,60,5,40,1,90,0.5,0.6,5.0,50,33,6.0,0.21
15,20,85,55,90,2,60,5,40,0,21,0.0,1.05,2.0,50,15,6.0,0.26
60,45,60,65,30,10,60,5,25,1,45,0.0,0.6,6.0,15,33,1.5,0.05
60,30,105,75,30,10,60,20,33,7,7,0.0,0.85,5.0,33,15,3.0,0.0
60,45,95,55,70,0,30,20,25,1,90,1.0,1.05,2.0,50,50,3.0,0.0
60,45,95,55,90,10,90,20,33,2,90,1.0,0.85,5.0,50,15,3.0,0.0
30,30,60,45,30,2,0,0,18,0,45,1.0,1.2,2.0,33,50,6.0,0.25
30,10,95,45,50,0,90,20,33,1,7,1.0,1.2,4.0,50,50,1.5,0.0
5,10,85,55,70,0,90,5,40,1,45,0.0,1.05,4.0,50,15,3.0,0.0
5,10,105,75,50,10,0,5,40,0,45,0.0,1.2,5.0,33,33,1.5,0.4
0,30,75,75,70,0,0,5,40,1,7,1.0,0.85,6.0,15,33,1.5,4.2
5,45,95,65,70,10,90,0,33,0,90,1.0,1.2,4.0,15,33,6.0,0.61
30,10,85,55,30,2,60,0,25,4,90,1.0,1.05,2.0,15,50,1.5,1.2
15,10,95,75,90,2,60,5,40,1,7,0.0,0.6,4.0,15,33,6.0,0.0
0,20,60,65,90,0,90,5,33,2,90,0.0,1.2,4.0,50,15,6.0,5.11
0,30,75,75,50,25,0,20,25,1,21,0.0,0.6,4.0,33,15,3.0,0.62
5,20,95,45,50,0,0,5,40,7,45,1.0,0.85,4.0,33,33,3.0,21.71
0,30,60,65,70,10,60,20,40,1,45,0.0,0.85,2.0,15,15,6.0,1.11
15,20,85,75,70,0,90,0,33,4,45,0.5,1.05,2.0,15,50,1.5,5.97
5,30,85,65,70,2,60,0,40,0,7,0.0,0.6,2.0,50,50,1.5,0.0
5,45,60,45,70,10,90,0,25,0,21,0.0,1.2,5.0,50,33,3.0,0.0
30,10,95,75,30,2,60,20,25,2,7,1.0,0.6,4.0,50,33,3.0,0.25
60,10,75,75,90,25,90,20,33,1,21,0.0,0.85,4.0,50,50,1.5,0.64
30,30,85,55,70,10,0,0,25,0,21,0.5,0.6,4.0,33,15,3.0,0.0
0,20,75,45,30,10,60,5,18,7,45,1.0,0.85,6.0,50,33,3.0,9.54
0,30,75,65,50,10,0,20,18,4,45,1.0,0.85,6.0,15,33,3.0,4.67
5,45,75,75,50,25,60,0,40,0,90,0.0,1.2,4.0,15,15,6.0,0.0
15,10,85,55,50,25,30,0,25,0,90,0.0,1.2,6.0,15,50,6.0,0.05
5,10,105,45,90,25,0,0,18,0,21,0.0,0.6,5.0,15,50,6.0,1.3
0,30,60,55,50,25,90,0,33,2,90,0.0,0.85,2.0,50,50,3.0,1.93
60,10,60,45,30,10,0,20,40,1,7,0.0,0.6,4.0,33,33,1.5,0.0
30,10,95,55,30,2,0,5,33,0,45,0.0,1.05,2.0,15,50,1.5,0.33
5,45,105,65,50,25,30,20,33,7,45,0.5,0.6,5.0,33,50,3.0,10.92
0,10,75,55,70,2,90,5,40,0,7,1.0,1.2,5.0,15,15,3.0,0.0
5,20,95,65,70,25,90,5,40,7,45,0.0,0.85,6.0,33,50,3.0,4.53
60,20,95,45,90,2,0,0,33,0,21,0.0,1.05,6.0,15,15,1.5,0.0
15,30,75,65,90,2,90,0,25,1,7,1.0,0.85,2.0,50,50,1.5,0.0
30,30,60,45,30,25,30,0,25,2,21,0.0,0.85,2.0,15,50,3.0,0.08
5,20,95,55,70,25,90,20,33,4,7,0.5,0.6,4.0,15,50,1.5,2.12
5,10,95,75,90,10,60,20,25,4,21,0.5,0.6,6.0,15,50,1.5,0.99
30,10,75,75,50,0,90,5,33,4,90,0.0,0.6,5.0,50,33,1.5,0.0
15,30,60,55,70,2,0,0,25,7,7,0.5,0.85,4.0,50,15,1.5,26.15
15,10,105,45,90,0,0,5,18,2,7,0.5,1.05,6.0,50,15,3.0,0.01
5,10,85,75,30,2,0,20,40,4,7,0.5,0.85,4.0,50,33,1.5,0.73
0,20,75,55,50,10,90,0,33,2,45,1.0,1.2,2.0,50,50,3.0,5.47
60,10,75,75,30,0,30,5,18,4,7,0.5,1.05,4.0,33,15,1.5,1.7
15,30,85,45,30,2,90,5,40,2,90,1.0,0.85,2.0,50,33,1.5,0.0
30,20,95,65,70,10,0,20,40,7,90,0.5,0.6,2.0,50,15,6.0,0.31
60,10,75,45,70,25,30,20,40,0,21,0.5,1.2,2.0,33,33,3.0,0.0
30,10,60,55,30,25,90,0,40,2,7,0.5,1.05,6.0,15,50,6.0,0.0
30,10,85,75,30,2,90,0,25,2,7,1.0,1.2,2.0,33,33,3.0,0.08
0,45,85,65,50,0,30,0,33,4,7,0.5,1.2,6.0,50,15,6.0,39.37
15,20,60,45,90,10,60,0,25,2,90,0.5,1.2,4.0,50,33,3.0,0.55
0,20,60,55,70,10,0,0,40,1,90,0.5,0.6,6.0,33,50,6.0,0.84
0,45,75,75,30,0,30,20,25,4,21,1.0,1.2,4.0,33,15,1.5,10.67
0,30,85,45,70,10,0,20,40,4,90,0.5,1.05,5.0,50,33,6.0,5.58
15,10,75,75,90,10,30,20,25,7,90,0.5,1.05,6.0,50,33,6.0,1.9
0,10,60,45,30,25,0,5,18,4,7,1.0,1.05,6.0,15,15,3.0,1.17
60,45,60,55,90,0,60,5,40,4,7,0.5,0.85,5.0,33,50,3.0,0.0
30,20,60,75,30,0,0,0,33,7,45,0.5,0.85,6.0,15,50,3.0,2.16
5,45,60,75,50,25,30,5,33,7,21,0.5,0.85,2.0,50,15,6.0,11.48
30,30,105,55,70,2,0,0,18,4,7,1.0,0.85,2.0,50,50,6.0,0.44
0,45,60,55,90,10,30,0,25,2,21,1.0,0.85,6.0,33,50,1.5,8.34
0,10,60,75,30,0,30,5,33,1,7,0.0,1.2,5.0,15,33,1.5,2.53
30,10,95,45,90,0,30,20,40,4,45,1.0,1.2,4.0,15,33,1.5,0.6
60,10,60,65,70,25,0,0,33,0,21,1.0,0.6,2.0,50,50,1.5,0.0
5,30,60,55,30,10,30,0,18,1,45,0.5,1.2,4.0,15,33,6.0,1.08
30,45,105,75,50,10,30,0,33,4,7,1.0,1.05,4.0,15,50,3.0,4.94
30,45,95,65,70,0,90,5,25,7,45,0.5,0.6,6.0,15,15,6.0,12.13
60,30,95,45,30,2,60,5,25,2,21,0.0,0.85,5.0,33,15,3.0,0.51
0,10,85,45,70,2,90,20,33,1,7,0.5,1.05,4.0,50,15,1.5,0.0
0,45,95,65,70,2,30,0,40,4,7,0.5,1.2,2.0,15,33,1.5,38.88
60,30,105,75,50,0,60,0,18,4,45,0.0,1.2,2.0,50,50,1.5,0.0
30,10,95,65,70,10,60,5,18,7,45,0.5,0.6,6.0,33,50,3.0,0.08
30,10,85,45,30,2,0,0,25,0,45,1.0,1.2,4.0,15,15,1.5,0.0
60,10,60,65,30,0,0,5,18,2,45,1.0,1.2,5.0,50,15,1.5,0.0
60,45,60,55,70,2,90,20,40,0,21,1.0,1.2,6.0,33,33,6.0,0.0
15,10,85,55,50,0,0,5,18,1,7,1.0,0.85,6.0,33,15,3.0,0.02
0,30,75,65,70,25,30,20,18,1,21,0.5,1.2,6.0,50,50,1.5,1.54
15,45,75,65,30,2,90,0,18,1,7,0.5,0.85,5.0,15,33,6.0,0.0
60,45,85,65,30,0,60,5,25,1,90,1.0,1.2,5.0,15,33,3.0,0.0
30,45,75,65,50,25,30,20,33,7,90,1.0,1.2,2.0,50,15,6.0,12.47
5,10,75,45,30,0,60,0,18,7,7,0.5,0.85,6.0,33,33,1.5,9.95
15,45,75,55,50,10,60,20,33,0,7,0.0,1.2,5.0,50,15,1.5,0.92
15,10,75,55,70,25,30,0,40,4,45,0.0,0.85,5.0,15,15,6.0,0.0
15,45,105,45,90,2,90,0,18,0,45,0.0,0.85,4.0,15,15,3.0,0.0
15,45,95,65,70,25,60,5,40,0,45,0.5,1.05,6.0,15,33,6.0,0.0
5,45,75,55,70,25,0,0,40,2,21,1.0,0.6,4.0,33,50,1.5,2.1
15,45,105,55,70,10,60,5,40,2,45,0.0,0.6,5.0,50,15,3.0,0.18
15,30,60,45,90,2,90,20,25,7,45,1.0,0.85,5.0,33,33,1.5,7.34
15,10,95,45,50,10,0,0,40,2,7,0.5,1.05,2.0,15,33,1.5,0.0
60,20,60,65,50,2,90,20,18,2,21,0.0,1.2,5.0,15,50,6.0,0.33
30,45,95,45,70,10,60,0,40,2,21,1.0,0.85,5.0,15,33,6.0,0.13
15,45,105,55,90,25,0,0,40,2,45,0.5,1.05,6.0,33,33,3.0,1.34
30,10,105,45,90,0,30,20,33,1,45,0.0,1.05,2.0,33,15,3.0,0.0
60,45,60,45,30,10,0,5,18,2,90,1.0,1.05,2.0,15,50,6.0,0.0
60,10,75,55,90,2,30,20,25,2,45,1.0,0.6,6.0,50,50,1.5,0.0
60,10,105,45,50,2,0,5,18,7,90,0.5,0.6,2.0,33,33,3.0,0.0
5,20,105,65,90,0,90,0,18,1,21,1.0,0.85,4.0,50,50,6.0,0.0
15,30,60,75,70,10,90,5,18,4,90,0.5,0.85,2.0,33,33,1.5,3.32
60,45,60,65,30,25,0,5,25,4,90,0.5,0.6,4.0,33,50,6.0,0.26
60,45,105,45,50,2,60,20,33,4,21,0.5,1.05,6.0,15,50,3.0,1.05
30,45,105,55,70,2,60,20,33,7,90,0.0,0.6,2.0,50,15,1.5,3.77
30,30,75,55,30,2,90,5,18,0,45,0.0,0.6,2.0,33,33,6.0,0.14
0,20,85,45,90,25,30,20,25,1,45,0.5,1.2,5.0,15,15,6.0,1.57
5,10,105,45,30,2,0,0,18,2,90,1.0,0.6,5.0,15,50,6.0,1.89
60,45,75,55,90,10,60,20,25,0,90,0.5,1.2,2.0,50,15,1.5,0.09
0,45,75,45,70,0,30,5,33,4,45,0.0,0.85,5.0,15,50,6.0,17.07
5,30,95,45,30,25,60,20,18,0,45,0.5,1.05,4.0,33,15,1.5,0.26
15,10,75,75,30,0,60,0,40,7,7,1.0,1.2,4.0,33,50,1.5,15.18
0,10,95,55,70,25,90,5,25,0,7,0.0,0.85,6.0,50,50,6.0,0.57
30,45,75,75,90,2,0,5,18,7,45,0.5,0.85,5.0,33,15,1.5,18.49
5,10,105,45,50,25,0,0,25,0,7,0.0,0.85,6.0,15,33,1.5,0.0
5,30,75,75,90,0,0,0,33,7,21,0.5,1.05,4.0,33,50,3.0,36.85
15,30,75,65,70,0,0,5,40,7,90,0.5,0.6,4.0,15,50,1.5,15.43
0,30,75,45,50,25,90,0,18,4,7,0.5,1.05,6.0,33,15,1.5,5.77
15,45,95,45,90,25,90,0,25,1,90,0.0,1.2,2.0,50,33,1.5,0.0
0,30,85,55,30,10,90,5,18,0,90,1.0,1.05,6.0,33,50,6.0,0.0
60,30,75,75,90,2,30,0,33,2,7,0.0,1.05,5.0,50,33,1.5,0.0
15,10,60,65,70,10,30,5,40,0,90,0.0,1.2,2.0,33,33,6.0,0.0
60,20,95,45,30,10,60,0,40,1,45,0.5,1.05,6.0,15,15,6.0,0.46
0,20,60,45,50,25,60,0,25,0,45,0.5,0.6,5.0,50,50,1.5,0.9
60,20,85,45,30,25,0,20,18,1,21,0.5,1.05,6.0,15,50,3.0,0.2
15,30,85,75,70,25,60,20,18,1,45,0.0,1.05,4.0,50,15,1.5,0.0
60,20,85,65,50,25,0,20,25,4,7,0.0,0.85,6.0,50,50,1.5,0.35
0,45,105,75,70,10,30,20,33,1,45,0.0,1.05,4.0,33,33,6.0,1.69
0,20,95,75,70,0,60,20,18,2,90,1.0,0.85,6.0,33,15,6.0,2.58
60,20,95,55,70,10,60,5,18,0,90,0.5,0.85,6.0,50,15,1.5,0.0
30,10,75,45,90,10,90,20,18,1,7,0.5,0.6,4.0,15,15,6.0,0.75
30,30,75,75,50,10,0,5,33,7,7,1.0,0.6,2.0,50,33,3.0,0.21
30,45,95,65,90,2,30,20,18,1,7,1.0,1.05,6.0,33,33,3.0,0.36
15,10,75,65,90,10,0,20,40,2,45,0.5,1.05,4.0,15,15,6.0,0.72
5,45,105,65,70,0,60,5,25,0,45,0.5,1.2,6.0,15,15,3.0,0.36
60,10,75,65,50,0,30,20,25,0,7,1.0,0.85,2.0,33,15,3.0,0.0
5,30,105,75,90,2,90,5,18,0,90,0.5,1.2,5.0,15,15,3.0,0.0
15,10,75,45,70,2,60,5,40,7,7,1.0,1.05,2.0,33,15,6.0,8.64
60,30,75,45,30,2,30,20,40,1,21,0.5,1.2,4.0,33,15,6.0,0.0
0,20,60,75,30,25,30,20,25,0,90,1.0,1.05,6.0,50,50,1.5,0.01
15,45,105,55,70,2,60,20,40,4,90,1.0,1.05,6.0,33,15,1.5,9.23
15,45,95,65,50,25,0,0,40,2,7,0.5,1.2,4.0,33,33,6.0,2.2
30,20,60,65,70,2,90,0,33,2,45,0.5,1.2,6.0,33,33,3.0,0.34
5,30,60,65,90,25,30,20,25,7,21,1.0,0.6,5.0,15,50,6.0,5.64
0,10,95,45,70,10,0,20,18,7,21,0.5,0.85,4.0,50,33,6.0,3.05
15,30,95,55,50,0,0,0,18,7,90,0.5,0.6,4.0,33,33,1.5,24.35
5,20,60,65,30,25,90,0,33,0,7,0.0,1.2,2.0,15,50,6.0,0.0
60,45,75,65,70,25,0,5,33,4,21,0.0,1.05,6.0,33,33,3.0,0.0
0,20,95,65,90,10,30,5,18,4,90,0.5,0.6,6.0,15,50,1.5,3.49
15,45,105,45,70,10,30,20,18,0,21,0.0,1.2,4.0,15,15,3.0,0.22
60,45,105,55,30,25,60,5,33,2,21,0.0,1.05,6.0,15,33,6.0,0.16
30,45,85,55,70,25,90,20,18,0,90,1.0,0.6,6.0,15,15,1.5,0.62
60,10,75,55,90,0,0,5,40,1,90,0.0,1.2,6.0,15,33,1.5,0.0
15,30,105,65,50,2,60,20,25,7,45,1.0,1.05,6.0,33,15,3.0,13.05
5,20,105,75,30,10,90,0,25,4,7,0.0,1.05,4.0,15,50,1.5,8.92
0,45,105,55,30,10,30,5,18,1,45,0.5,1.2,5.0,33,50,3.0,4.51
15,20,60,55,30,2,60,0,33,7,7,0.0,1.2,5.0,50,50,6.0,21.01
60,45,75,55,30,2,30,0,25,1,21,0.5,0.6,5.0,15,15,1.5,0.89
60,45,95,75,70,10,0,0,40,4,90,1.0,1.2,5.0,33,50,3.0,0.0
5,20,85,55,90,25,90,20,33,0,90,1.0,1.05,4.0,15,33,3.0,0.0
15,45,75,55,90,10,30,20,18,1,90,0.5,0.85,2.0,50,33,3.0,0.4
15,10,105,65,30,10,90,5,18,2,45,1.0,0.6,2.0,50,33,6.0,0.27
30,45,75,75,30,0,60,0,25,1,21,0.0,1.2,2.0,15,33,6.0,0.0
60,30,75,45,70,10,30,20,33,7,7,1.0,1.2,6.0,50,50,1.5,0.0
0,20,105,55,70,0,30,5,18,2,21,1.0,1.2,4.0,50,50,1.5,9.03
0,30,95,45,90,0,0,0,25,0,21,0.5,0.6,4.0,15,15,6.0,0.59
15,45,60,55,70,2,30,5,18,4,45,0.0,1.05,4.0,50,33,3.0,14.45
5,20,85,65,90,10,0,5,33,7,45,0.5,1.2,4.0,15,50,3.0,12.46
5,20,95,65,70,2,60,20,33,0,21,0.5,0.85,6.0,33,15,1.5,0.0
30,20,95,65,70,25,0,5,18,2,7,0.0,1.2,6.0,33,33,6.0,0.0
0,20,85,65,50,25,30,0,40,7,90,1.0,1.2,6.0,33,15,3.0,8.47
30,45,85,45,50,0,90,5,33,7,90,1.0,0.6,4.0,50,15,3.0,11.92
60,20,105,55,50,10,0,0,33,1,45,0.5,1.2,4.0,33,15,6.0,0.62
15,30,60,55,50,2,90,0,25,1,45,0.0,1.2,4.0,33,15,3.0,0.83
60,45,75,75,90,25,30,0,40,1,45,0.0,1.2,5.0,33,50,6.0,0.47
60,10,85,75,30,2,30,0,33,2,45,1.0,0.6,6.0,15,50,1.5,0.0
5,45,75,45,50,10,90,0,33,4,21,0.5,0.85,5.0,33,33,6.0,15.14
30,20,75,75,30,25,0,5,18,4,7,0.0,1.05,4.0,50,50,3.0,0.0
30,10,95,75,90,0,60,5,33,0,90,1.0,1.05,6.0,50,33,6.0,0.24
5,45,105,75,30,2,0,5,33,1,90,0.5,0.6,6.0,33,15,1.5,0.88
30,45,85,45,70,10,90,5,33,0,45,0.0,1.05,5.0,33,15,3.0,0.0
60,10,85,45,90,2,30,0,18,1,21,1.0,1.2,6.0,33,33,3.0,0.63
60,20,105,75,30,0,60,5,18,1,7,0.5,0.6,5.0,50,50,3.0,0.0
15,10,95,45,50,10,60,20,25,0,45,1.0,1.2,4.0,33,33,6.0,0.05
5,30,105,45,90,2,60,5,18,4,21,0.0,1.2,4.0,33,33,3.0,18.15
15,10,75,55,30,10,30,0,33,7,90,1.0,1.2,5.0,50,33,3.0,7.78
60,10,85,65,70,10,90,0,40,4,21,1.0,0.85,6.0,33,33,1.5,0.0
0,45,105,65,30,2,60,5,33,2,90,1.0,1.2,2.0,15,50,6.0,18.22
5,30,105,75,90,0,60,20,40,1,90,1.0,0.85,6.0,50,15,1.5,0.0
0,30,75,55,90,25,60,0,40,7,45,0.5,1.05,2.0,50,50,6.0,9.27
15,45,75,75,90,25,60,5,25,1,90,0.5,0.6,5.0,33,50,1.5,0.0
60,45,95,75,50,0,30,0,18,7,90,0.0,1.05,4.0,15,50,6.0,1.29
30,10,85,45,90,2,30,5,33,1,21,0.5,0.85,5.0,15,33,1.5,0.27
30,45,75,75,50,2,90,20,18,7,45,0.0,0.85,6.0,50,15,1.5,5.35
0,45,105,75,90,0,90,5,18,7,7,0.5,1.2,2.0,33,33,6.0,40.0
60,45,95,45,30,2,60,20,18,1,45,0.5,1.05,4.0,15,33,1.5,0.0
15,10,85,45,90,25,30,5,33,2,90,0.5,1.2,5.0,50,33,6.0,0.27
60,30,60,55,70,10,60,5,25,7,45,0.5,1.2,5.0,15,50,6.0,0.06
5,20,105,65,90,10,30,0,25,7,45,0.0,0.6,5.0,33,50,6.0,9.31
30,45,105,55,70,2,60,20,33,4,90,1.0,0.85,6.0,15,33,3.0,0.0
0,10,85,55,70,2,30,0,33,7,7,1.0,0.85,5.0,33,33,6.0,12.11
60,20,75,65,30,25,0,5,18,2,7,0.0,1.2,4.0,15,33,6.0,0.0
5,20,75,75,50,0,60,20,33,0,21,1.0,0.6,4.0,50,33,1.5,0.1
60,45,95,45,30,10,0,0,40,0,90,0.0,1.2,4.0,15,50,6.0,0.36
5,45,85,45,90,0,90,20,25,7,90,0.0,1.05,6.0,50,33,3.0,12.69
30,30,85,65,50,10,60,20,33,4,7,0.0,1.2,2.0,33,50,3.0,0.0
30,20,75,45,90,10,0,5,33,7,21,0.0,0.6,4.0,15,33,6.0,0.0
30,10,85,55,50,10,30,0,40,1,21,1.0,0.85,5.0,50,33,6.0,0.8
60,45,85,55,70,25,60,5,25,2,45,1.0,1.05,5.0,33,33,3.0,0.0
0,45,60,75,70,2,90,5,18,1,21,1.0,1.05,5.0,33,15,3.0,5.99
30,45,85,55,50,25,60,0,18,1,21,0.5,1.2,6.0,15,50,3.0,0.0
30,20,85,75,30,0,0,20,33,2,45,0.5,1.05,2.0,33,15,6.0,0.0
0,30,95,55,50,10,30,20,18,4,21,0.5,1.05,5.0,50,15,1.5,6.24
15,30,95,55,50,10,90,0,40,2,45,0.0,1.05,5.0,50,50,1.5,0.0
5,10,95,75,90,25,0,20,18,7,45,0.0,1.2,2.0,50,33,6.0,2.95
0,10,105,45,30,2,0,20,40,7,21,0.0,1.2,5.0,33,33,6.0,3.93
5,30,60,55,70,25,90,0,40,7,45,0.0,1.2,2.0,15,15,3.0,8.65
5,30,105,75,50,10,30,0,25,1,45,0.0,0.6,2.0,50,50,1.5,0.17
5,30,60,65,70,2,30,0,33,1,90,0.5,0.85,4.0,33,15,1.5,1.54
0,45,60,75,50,25,0,5,40,4,21,0.0,1.2,2.0,15,15,6.0,6.88
60,10,75,55,30,25,60,20,33,4,21,0.0,0.6,5.0,33,33,6.0,0.42
0,45,95,75,30,10,60,5,18,4,45,0.0,0.6,6.0,33,15,3.0,7.76
15,10,75,55,50,0,30,20,25,1,90,0.0,0.6,4.0,50,50,3.0,0.0
5,45,75,55,50,2,60,0,25,0,90,0.0,1.05,6.0,50,33,3.0,0.37
60,30,60,45,70,0,90,0,25,4,7,1.0,1.2,4.0,15,15,1.5,0.0
30,10,60,75,90,25,90,0,18,2,90,0.5,1.05,4.0,33,50,6.0,0.29
15,10,95,75,50,2,30,20,25,1,21,1.0,0.6,2.0,50,33,3.0,0.18
5,30,75,65,70,25,60,0,33,4,45,1.0,0.85,2.0,50,33,6.0,4.58
0,20,75,45,50,0,30,0,40,2,7,1.0,1.2,6.0,33,15,6.0,9.82
30,45,75,75,70,25,0,20,33,7,45,0.5,0.85,5.0,33,33,6.0,5.43
30,10,85,65,30,10,90,20,18,7,21,0.0,0.85,6.0,15,15,6.0,0.0
15,30,95,75,30,2,90,20,25,1,21,0.0,0.85,5.0,50,50,1.5,0.0
60,10,105,65,50,2,60,0,18,1,21,1.0,0.85,6.0,15,33,1.5,1.18
15,45,105,75,90,25,60,0,33,0,7,0.5,1.05,4.0,50,50,6.0,0.0
0,10,95,55,50,25,30,0,40,1,90,0.5,0.85,4.0,33,15,1.5,0.81
30,10,105,55,50,25,30,20,33,2,7,1.0,0.6,5.0,50,15,6.0,0.0
60,45,75,75,70,0,90,0,18,2,45,0.0,1.2,5.0,15,50,3.0,0.0
30,30,75,45,30,10,30,20,40,4,90,0.0,0.6,5.0,50,50,3.0,0.14
15,30,95,65,70,0,0,0,40,1,90,0.0,1.2,5.0,15,50,3.0,0.0
30,45,60,45,30,0,0,0,33,7,90,0.5,0.6,5.0,50,33,3.0,12.3
60,10,95,75,30,2,30,0,33,0,45,0.5,0.6,6.0,33,33,6.0,0.0
5,30,95,45,70,25,60,0,25,7,45,1.0,1.2,5.0,15,33,1.5,15.16
15,30,105,55,70,10,0,20,18,4,45,1.0,1.2,4.0,33,15,3.0,6.09
15,45,85,55,50,10,0,0,25,7,45,1.0,1.05,4.0,33,50,6.0,39.23
0,20,60,45,90,10,30,20,33,7,45,0.5,0.85,6.0,15,50,3.0,3.88
15,20,95,45,50,2,60,0,40,1,21,0.0,0.85,6.0,50,15,1.5,0.0
0,30,75,45,90,25,90,20,25,4,21,1.0,1.2,6.0,50,33,6.0,6.82
15,45,85,65,50,10,60,0,25,2,21,1.0,0.85,2.0,50,50,3.0,0.0
60,30,60,55,70,2,90,5,18,4,90,0.5,1.2,2.0,15,15,6.0,0.0
15,45,75,45,70,0,60,20,33,0,90,0.5,0.85,6.0,15,50,3.0,0.23
15,30,85,55,90,2,60,0,18,2,7,0.0,0.6,6.0,50,15,6.0,0.48
5,20,60,75,30,10,0,0,40,7,90,0.5,1.2,6.0,15,33,1.5,17.87
0,30,85,55,90,10,90,0,25,2,90,0.0,0.85,5.0,50,50,1.5,4.36
60,30,60,45,30,10,0,0,18,7,7,0.0,1.05,6.0,33,15,6.0,0.71
60,30,60,55,50,25,30,20,25,2,7,1.0,0.85,5.0,50,15,3.0,0.0
5,20,95,45,30,0,60,5,18,2,21,1.0,0.85,2.0,33,15,6.0,3.82
5,30,95,75,90,0,0,5,25,2,21,0.0,1.2,4.0,33,15,3.0,10.24
30,10,105,45,70,25,30,5,33,1,90,0.0,1.05,6.0,33,33,3.0,0.51
0,45,60,75,30,10,90,20,40,2,90,0.5,0.6,2.0,15,15,3.0,2.86
60,20,85,45,30,0,60,5,25,2,7,1.0,1.2,4.0,50,33,6.0,0.0
0,20,60,75,50,2,60,0,25,4,21,1.0,0.6,2.0,33,15,6.0,8.51
5,30,75,75,50,10,90,0,25,1,21,1.0,1.05,6.0,50,50,6.0,1.45
15,20,85,75,30,25,90,5,33,1,90,0.5,0.6,6.0,15,50,3.0,0.53
0,10,60,55,90,0,30,20,33,1,45,1.0,1.2,5.0,50,33,3.0,1.11
60,30,60,45,90,2,0,20,40,1,21,1.0,0.6,6.0,33,15,1.5,0.13
5,10,60,55,90,10,90,20,25,4,7,1.0,0.85,4.0,50,33,1.5,2.52
60,10,75,65,70,2,60,5,25,0,90,0.5,0.85,5.0,50,15,1.5,0.13
30,10,95,45,50,10,30,0,33,0,7,1.0,0.6,6.0,50,50,1.5,0.3
60,20,85,65,30,2,0,20,25,0,90,0.0,0.6,6.0,50,15,1.5,0.01
60,10,60,75,90,10,90,5,25,4,45,0.5,1.2,6.0,15,33,6.0,0.0
15,20,75,65,50,25,60,0,33,0,90,0.5,0.85,2.0,33,33,6.0,0.71
30,20,85,55,90,25,90,5,40,4,90,0.5,1.05,5.0,33,50,3.0,0.0
5,20,75,55,50,2,60,5,40,2,45,0.0,1.2,4.0,33,15,6.0,3.97
60,45,60,55,50,10,30,20,40,7,90,0.0,1.2,2.0,50,15,3.0,1.65
60,20,85,55,90,2,30,5,33,4,21,1.0,0.85,6.0,33,50,6.0,0.0
0,10,60,45,30,0,0,5,18,2,45,0.0,0.85,4.0,33,15,3.0,1.81
60,30,105,75,90,10,30,5,33,0,21,0.0,0.85,6.0,15,50,6.0,0.0
30,30,75,45,50,25,0,0,25,4,90,0.5,1.2,4.0,15,50,6.0,0.35
15,45,105,55,90,0,90,20,33,2,7,0.5,0.6,4.0,15,50,3.0,0.0
0,20,85,65,30,10,90,0,40,1,45,0.5,0.85,5.0,50,15,3.0,0.84
15,20,60,55,70,10,90,5,33,0,45,1.0,1.2,2.0,33,50,1.5,0.94
60,10,105,45,70,25,30,5,40,4,7,1.0,1.05,6.0,33,33,6.0,1.01
30,45,85,55,70,10,30,5,33,2,7,0.5,0.6,5.0,50,15,1.5,0.34
0,20,60,55,70,0,30,20,25,0,7,0.0,0.6,5.0,50,15,1.5,0.0
60,45,85,45,30,0,30,0,18,1,7,1.0,0.6,2.0,33,50,1.5,0.2
30,30,105,55,90,2,90,20,25,4,45,1.0,0.6,6.0,15,50,1.5,0.77
0,20,75,65,50,2,0,20,18,1,21,0.5,0.85,4.0,33,50,6.0,0.55
15,20,95,65,70,2,0,20,33,2,21,0.0,0.6,2.0,33,33,6.0,0.49
0,45,60,75,30,0,60,20,33,7,7,1.0,1.05,5.0,33,33,6.0,15.54
15,45,85,55,50,2,0,20,33,4,90,0.5,1.05,6.0,33,33,3.0,5.88
5,20,95,75,30,2,60,5,25,4,45,0.0,1.2,4.0,15,50,1.5,11.87
30,20,85,65,50,0,90,5,25,2,45,0.0,0.85,6.0,50,50,3.0,0.09
30,45,75,75,30,10,0,0,33,4,45,0.0,0.85,6.0,15,33,3.0,0.43
5,30,85,75,30,2,60,5,33,1,45,1.0,1.2,2.0,15,33,3.0,2.24
30,20,75,65,50,10,90,5,33,7,45,1.0,0.85,4.0,33,50,6.0,0.87
60,20,75,75,90,0,60,20,18,4,21,1.0,1.05,2.0,50,33,3.0,0.0
60,30,60,75,90,2,60,20,25,2,7,0.5,0.85,4.0,50,15,3.0,0.0
60,20,85,65,90,10,30,20,25,7,7,0.5,0.6,4.0,50,50,3.0,0.55
5,45,95,45,70,10,30,0,33,0,7,1.0,1.2,2.0,33,33,1.5,0.0
5,45,85,45,70,25,60,0,40,2,21,1.0,0.85,5.0,15,15,1.5,3.71
15,45,85,55,70,25,0,20,40,2,90,0.0,1.05,2.0,50,33,3.0,0.09
60,10,75,75,30,0,30,0,18,7,21,1.0,0.85,2.0,33,33,3.0,0.0
0,45,85,45,90,25,0,20,40,4,21,1.0,0.6,4.0,33,15,1.5,5.6
5,20,60,45,30,2,90,0,18,1,21,0.0,0.85,5.0,33,33,6.0,0.0
30,10,105,65,90,0,90,20,18,0,21,1.0,0.6,4.0,15,50,3.0,0.78
60,30,105,55,90,2,30,20,18,7,45,0.5,1.05,6.0,15,15,6.0,0.03
15,30,75,65,70,25,0,20,33,4,7,0.5,1.2,4.0,15,15,1.5,3.72
5,20,105,65,50,10,60,5,18,1,45,0.0,0.6,5.0,15,15,1.5,0.15
15,20,95,75,70,25,90,20,25,4,90,1.0,1.05,4.0,15,50,1.5,2.68
60,10,60,65,30,10,90,5,25,0,7,0.5,0.85,4.0,33,50,3.0,0.0
0,30,95,45,70,0,0,5,25,2,90,0.0,0.6,2.0,33,15,1.5,5.55
30,30,85,45,90,0,30,0,18,4,90,0.0,0.6,6.0,33,33,3.0,0.52
5,10,105,45,30,10,60,20,40,1,45,0.0,1.05,4.0,15,50,3.0,0.61
0,45,105,75,50,0,60,5,18,7,45,0.5,1.2,4.0,33,50,3.0,40.0
60,20,85,65,90,2,90,5,40,2,45,0.0,1.2,6.0,33,33,1.5,0.0
15,30,95,75,50,0,60,20,25,7,45,1.0,0.85,4.0,15,50,3.0,8.93
0,45,60,45,30,0,60,20,25,1,45,0.5,0.6,5.0,50,33,6.0,1.67
30,20,105,65,90,0,30,20,40,1,21,1.0,0.6,2.0,33,15,1.5,0.0
15,20,95,65,50,0,30,0,18,0,45,0.0,0.85,4.0,50,15,1.5,0.0
30,30,95,45,70,10,90,5,25,2,90,1.0,1.2,2.0,50,33,1.5,1.23
30,30,85,45,70,25,90,20,18,4,45,1.0,1.2,2.0,33,15,3.0,0.01
15,10,60,55,30,25,90,20,33,1,90,0.0,1.05,5.0,50,50,3.0,0.0
5,45,60,45,50,0,90,0,25,4,45,1.0,1.2,2.0,33,50,1.5,39.93
30,30,75,45,70,10,90,0,25,0,21,0.5,1.2,4.0,15,33,6.0,0.0
5,45,60,65,50,2,60,20,40,1,90,1.0,0.6,2.0,15,15,1.5,0.21
60,10,95,75,70,25,0,20,33,7,7,0.5,1.2,2.0,33,33,6.0,0.0
30,10,60,45,70,10,90,5,25,1,7,0.0,0.85,2.0,50,15,6.0,0.24
60,30,105,65,90,0,30,20,40,0,7,0.0,0.85,4.0,33,15,6.0,0.69
30,10,85,45,30,0,60,20,18,2,21,0.5,0.85,6.0,15,15,6.0,0.0
0,20,95,45,50,2,30,0,40,7,7,1.0,0.85,4.0,50,33,6.0,24.49
15,20,85,75,30,25,0,5,40,0,21,1.0,1.05,6.0,33,50,1.5,0.0
60,45,75,55,70,25,0,5,18,4,7,1.0,0.6,4.0,50,15,3.0,0.0
15,45,85,75,70,10,60,5,40,7,90,0.5,0.85,6.0,33,15,6.0,18.39
60,10,85,65,70,10,30,5,33,1,21,0.5,1.05,4.0,33,50,6.0,0.03
30,30,85,75,50,2,60,0,33,7,45,0.0,1.2,4.0,15,50,6.0,20.75
5,30,75,75,70,2,90,5,33,7,90,1.0,1.05,4.0,33,50,1.5,28.98
15,10,95,75,30,0,30,5,40,4,45,1.0,1.2,4.0,33,15,3.0,0.0
0,45,95,75,70,0,30,0,18,2,7,0.0,0.6,5.0,15,50,6.0,8.84
15,20,60,75,50,0,0,0,18,2,45,0.5,1.2,4.0,15,15,6.0,0.0
60,30,75,55,30,10,30,0,40,1,7,0.0,0.6,5.0,33,15,1.5,0.0
5,45,75,55,90,2,30,0,33,0,7,0.0,1.05,6.0,50,50,3.0,0.0
0,45,95,75,50,25,90,0,33,1,90,0.5,1.05,5.0,15,33,6.0,2.45
60,45,95,55,70,2,0,20,40,1,90,0.0,0.85,5.0,33,33,3.0,0.0
5,45,105,75,30,2,0,5,18,4,45,0.5,1.2,2.0,33,33,6.0,33.63
30,45,60,75,70,10,30,5,33,2,90,0.0,0.85,4.0,50,50,6.0,0.0
0,45,85,45,50,0,30,0,18,2,7,1.0,1.05,6.0,15,33,1.5,18.77
30,30,75,55,90,10,30,20,18,1,7,1.0,0.6,4.0,33,50,3.0,0.99
5,10,75,45,30,0,60,0,18,4,45,1.0,0.85,4.0,50,15,1.5,5.94
0,30,75,65,30,0,90,0,25,0,90,0.0,0.85,4.0,50,33,6.0,0.12
30,20,60,55,50,0,0,5,25,0,45,0.5,1.2,6.0,50,50,6.0,0.0
30,45,105,65,90,10,90,0,40,1,7,0.0,0.6,5.0,33,15,6.0,0.4
15,30,60,65,90,2,0,0,40,1,90,1.0,0.85,5.0,33,15,1.5,0.0
0,20,95,65,90,25,90,20,40,2,21,0.5,0.85,6.0,15,15,1.5,2.58
15,30,60,65,90,25,90,0,33,2,90,0.0,1.2,2.0,33,33,1.5,0.0
15,20,60,45,50,10,0,0,25,7,45,0.0,1.2,6.0,33,50,3.0,13.55
15,10,105,45,90,25,90,20,18,7,7,0.0,1.2,5.0,50,50,3.0,3.94
15,20,75,55,30,25,60,5,25,0,7,0.5,0.6,4.0,15,33,6.0,0.31
5,45,105,65,50,0,0,0,18,2,90,0.0,0.85,6.0,15,50,3.0,13.75
0,10,95,65,70,25,60,20,33,2,21,1.0,1.05,4.0,15,15,3.0,0.73
60,30,95,75,30,10,60,0,25,7,21,0.0,0.85,6.0,15,15,6.0,0.05
60,30,95,75,90,10,60,0,25,1,90,1.0,0.6,5.0,15,33,3.0,0.11
30,10,85,65,30,10,30,5,40,4,21,0.5,1.2,4.0,33,15,6.0,0.0
5,30,75,65,90,0,0,0,18,0,21,1.0,1.2,6.0,15,50,6.0,0.09
30,20,60,55,70,10,60,20,18,0,21,0.5,1.05,2.0,15,50,1.5,0.13
0,10,75,55,90,25,0,5,33,7,7,1.0,1.05,4.0,15,33,6.0,3.59
60,10,95,55,70,0,90,5,25,4,90,0.5,1.05,5.0,50,50,3.0,0.0
30,20,85,65,50,2,90,0,25,0,7,0.0,0.6,4.0,15,33,1.5,0.12
15,30,105,55,90,25,90,0,33,1,90,1.0,0.6,5.0,15,33,1.5,0.16
15,10,60,45,70,25,30,5,40,4,45,0.5,0.85,5.0,50,50,3.0,0.0
60,20,60,55,70,25,0,5,33,1,7,0.0,0.85,6.0,33,15,6.0,0.0
5,45,60,45,70,10,60,5,18,0,90,1.0,0.85,4.0,15,33,6.0,0.0
60,30,105,75,50,25,0,5,33,7,90,0.0,1.05,5.0,15,33,6.0,0.0
0,45,95,75,50,10,30,5,33,2,7,0.0,1.05,6.0,33,15,6.0,6.53
30,20,95,45,90,0,0,5,40,0,45,1.0,0.6,6.0,50,15,6.0,0.35
60,30,60,55,90,10,30,20,25,0,90,0.0,1.05,4.0,33,15,1.5,0.57
15,20,85,65,90,2,90,0,25,2,7,0.5,1.05,2.0,15,15,1.5,0.61
0,20,60,65,50,0,90,5,18,7,90,1.0,0.6,6.0,50,50,3.0,12.58
0,30,75,75,50,10,0,20,18,0,21,0.0,1.05,4.0,50,50,6.0,0.0
5,45,85,45,70,25,90,0,40,1,21,0.0,1.2,2.0,50,15,6.0,2.09
60,45,95,65,70,2,0,0,40,1,7,1.0,1.05,2.0,50,33,6.0,0.0
15,45,60,65,90,0,30,0,18,7,21,0.5,1.2,5.0,15,50,1.5,40.0
5,30,105,75,70,0,0,0,33,1,45,0.5,0.85,5.0,33,33,1.5,0.27
60,30,60,75,70,10,90,0,18,2,45,0.0,0.6,4.0,50,50,6.0,0.28
0,30,85,65,30,2,30,20,18,1,7,0.5,1.05,2.0,50,50,6.0,1.04
60,30,105,65,30,25,0,5,40,0,45,0.5,0.6,4.0,15,15,6.0,1.05
0,45,85,75,30,10,30,20,25,0,45,0.0,0.85,2.0,50,15,3.0,0.03
5,20,75,55,90,0,60,20,25,4,21,0.0,1.2,4.0,50,50,3.0,3.65
15,20,95,75,70,10,30,20,18,4,45,1.0,1.2,2.0,15,33,6.0,3.19
5,30,75,55,30,2,30,20,18,1,21,1.0,0.6,2.0,50,33,1.5,0.39
0,10,75,45,30,25,0,5,25,4,21,0.0,0.6,5.0,33,33,3.0,0.77
60,30,95,55,50,2,90,5,25,1,90,0.5,1.05,6.0,15,33,1.5,0.0
0,45,105,65,50,25,0,5,25,2,45,0.0,1.2,2.0,33,50,1.5,5.13
60,45,85,65,50,25,30,20,33,4,90,0.5,0.85,6.0,15,33,1.5,0.36
30,45,75,55,30,10,60,20,33,0,45,1.0,1.05,6.0,15,15,6.0,0.04
0,20,85,65,50,2,90,20,18,1,7,0.5,1.2,5.0,15,33,1.5,1.4
30,30,85,55,90,10,0,5,40,7,21,0.0,1.05,2.0,33,33,3.0,7.57
5,30,95,55,90,0,0,0,25,1,90,0.0,0.85,6.0,33,50,6.0,1.45
60,45,75,55,50,2,60,0,18,2,7,1.0,1.2,2.0,33,50,6.0,0.33
30,20,60,65,50,0,0,5,25,0,90,1.0,1.05,4.0,50,50,6.0,0.96
5,45,85,45,30,2,60,0,40,2,45,0.5,0.85,2.0,50,15,6.0,11.59
60,10,85,55,50,2,30,20,18,1,21,0.0,0.85,4.0,33,33,1.5,0.0
5,10,60,55,70,10,90,0,18,1,90,0.5,0.6,4.0,33,15,6.0,0.0
5,45,60,45,50,2,0,0,40,0,90,0.0,0.85,5.0,50,50,6.0,0.0
60,30,95,55,50,25,90,0,40,2,45,0.5,0.85,2.0,15,33,3.0,0.0
30,45,60,45,50,0,30,20,18,7,90,0.5,0.85,2.0,50,15,6.0,7.03
5,10,105,45,50,0,60,20,18,2,45,0.5,0.85,4.0,15,33,3.0,0.0
5,20,75,45,50,25,0,5,18,2,90,0.0,1.05,5.0,15,15,1.5,1.41
0,10,60,65,50,0,0,20,25,4,7,0.5,1.05,2.0,50,50,6.0,0.88
0,20,85,65,90,0,60,5,33,1,7,1.0,0.85,6.0,33,33,6.0,2.95
5,30,105,45,70,25,90,0,40,4,7,0.0,0.6,2.0,50,33,1.5,3.24
30,30,85,45,70,10,30,5,40,7,7,0.0,1.2,4.0,33,50,1.5,9.28
0,30,85,55,90,0,0,20,40,0,90,0.0,0.85,6.0,50,50,6.0,0.0
30,30,60,55,50,0,0,5,18,0,90,0.5,0.6,2.0,33,50,6.0,0.0
5,45,95,55,50,25,30,20,18,4,45,0.0,0.85,2.0,15,50,3.0,7.54
60,30,75,65,90,10,30,0,25,4,21,0.5,1.2,4.0,15,33,3.0,0.88
30,30,95,55,70,10,60,0,25,4,21,1.0,1.05,5.0,50,50,1.5,0.5
15,20,60,45,90,25,60,5,33,2,7,0.0,0.6,5.0,15,50,6.0,0.0
15,30,75,75,30,10,0,5,18,2,21,0.0,0.85,4.0,33,15,6.0,0.0
15,30,60,75,50,2,0,0,18,7,90,1.0,1.2,2.0,50,15,6.0,40.0
0,20,95,55,50,25,60,0,18,4,7,1.0,0.6,2.0,50,50,3.0,2.62
15,45,60,75,90,0,0,0,25,0,7,1.0,0.6,5.0,33,15,6.0,0.47
0,20,95,65,90,25,60,20,33,7,7,1.0,1.2,2.0,50,50,1.5,9.85
30,30,105,65,50,0,0,5,18,0,45,0.0,1.05,4.0,15,33,6.0,0.0
60,20,95,55,50,2,30,20,25,0,21,0.5,1.05,5.0,33,33,1.5,0.14
0,30,60,65,50,25,0,5,18,2,21,0.5,1.2,6.0,33,50,1.5,2.73
5,45,60,45,50,0,30,5,40,4,7,0.0,1.2,4.0,50,33,1.5,24.66
15,20,60,55,50,10,60,5,18,4,21,0.5,0.6,6.0,50,33,3.0,0.06
5,20,105,65,70,0,0,0,33,7,7,1.0,1.2,4.0,33,33,1.5,39.84
30,20,95,45,50,2,60,20,18,0,7,1.0,1.05,6.0,50,50,1.5,0.0
15,10,85,65,50,0,90,5,25,4,90,1.0,1.2,5.0,50,50,6.0,0.0
60,45,60,65,50,10,90,20,25,1,45,1.0,0.6,5.0,15,50,3.0,0.0
5,20,75,45,50,2,60,0,40,4,7,0.5,0.6,6.0,15,33,6.0,6.88
0,45,95,45,90,2,30,5,25,7,21,0.5,1.05,4.0,50,15,6.0,40.0
15,10,85,75,30,2,90,5,18,7,21,0.5,1.05,4.0,33,50,3.0,8.15
0,45,105,75,70,25,0,0,18,7,90,0.5,0.6,4.0,15,50,3.0,8.83
0,30,75,65,90,2,30,20,33,7,45,1.0,0.6,2.0,15,33,1.5,5.24
0,10,105,75,90,25,0,0,18,4,21,0.0,0.6,4.0,50,33,1.5,1.29
60,10,105,65,30,10,0,20,33,0,90,0.5,0.85,4.0,50,33,6.0,0.05
30,20,60,65,50,10,60,0,40,4,90,1.0,1.05,6.0,15,15,6.0,0.97
30,45,75,55,70,0,0,20,40,4,90,0.0,0.85,2.0,33,15,3.0,0.0
60,30,60,55,50,2,90,0,18,1,45,0.5,0.85,4.0,33,33,1.5,0.0
30,10,75,55,30,0,30,0,40,0,21,0.5,0.85,5.0,15,33,3.0,0.23
60,30,95,45,50,2,90,0,33,2,45,1.0,0.6,4.0,50,33,1.5,0.32
60,10,60,75,70,10,0,0,40,1,45,0.0,1.2,6.0,50,15,1.5,0.39
30,45,105,55,50,0,0,0,18,4,21,0.0,0.85,5.0,50,33,1.5,0.0
30,45,75,75,50,2,0,20,25,7,45,0.5,0.6,5.0,15,50,3.0,2.96
0,45,105,75,90,0,90,5,18,4,90,0.0,1.2,4.0,15,33,1.5,31.89
5,20,75,65,70,2,0,5,33,0,45,1.0,1.2,2.0,50,33,3.0,0.2
60,20,60,55,30,2,60,20,40,4,7,1.0,1.05,4.0,33,50,6.0,0.0
0,20,75,45,70,0,30,20,40,7,45,1.0,1.05,4.0,33,50,3.0,6.6
60,10,60,65,70,25,90,0,40,0,45,0.0,0.85,6.0,33,33,3.0,0.28
5,10,105,75,70,25,0,20,18,4,90,1.0,1.2,6.0,50,15,6.0,3.7
60,45,105,75,50,2,60,20,25,4,7,1.0,1.05,2.0,33,50,1.5,0.0
15,10,85,45,70,25,90,20,33,4,7,0.0,0.6,4.0,33,50,1.5,0.0
15,30,85,65,50,25,90,20,40,1,21,0.5,1.05,4.0,50,15,6.0,0.72
60,30,95,55,50,0,60,5,25,2,7,1.0,1.05,4.0,50,33,6.0,0.0
30,20,85,75,50,2,90,20,25,1,45,1.0,1.05,2.0,15,50,1.5,0.0
15,10,95,65,90,10,0,20,33,4,45,0.5,0.85,2.0,15,33,6.0,0.0
60,10,105,45,30,25,90,0,18,1,45,1.0,0.85,5.0,15,15,3.0,0.11
15,30,95,45,70,10,30,0,25,1,45,1.0,0.85,6.0,33,50,6.0,0.42
0,20,95,75,70,0,0,20,33,1,7,0.5,0.6,2.0,33,15,3.0,0.14
0,45,105,45,50,25,0,5,33,1,21,1.0,1.05,6.0,15,15,3.0,3.26
60,45,95,45,70,25,90,20,40,2,45,0.0,0.85,6.0,50,33,6.0,0.0
15,30,105,75,70,10,60,0,25,2,7,0.0,1.2,5.0,15,15,1.5,0.7
0,10,75,65,70,2,30,0,25,1,7,0.5,1.05,2.0,15,15,3.0,1.52
5,45,105,55,30,10,60,5,40,4,90,0.0,1.2,4.0,33,33,6.0,16.16
30,30,95,55,30,2,60,20,25,2,45,0.0,0.6,4.0,15,50,6.0,0.08
5,20,60,55,50,2,0,20,33,7,7,0.0,1.2,2.0,15,50,1.5,5.78
30,30,95,55,50,25,60,0,25,4,90,1.0,0.6,6.0,15,15,3.0,0.0
15,30,95,55,90,2,0,5,25,7,7,1.0,1.2,6.0,50,50,1.5,39.37
0,45,60,55,90,0,90,0,18,4,21,0.0,1.2,4.0,50,50,6.0,32.08
0,30,75,55,50,2,90,0,18,4,45,1.0,0.6,5.0,15,50,6.0,12.04
5,20,75,65,70,2,30,5,33,2,90,0.0,1.2,6.0,50,50,3.0,4.39
15,20,60,65,70,10,90,20,18,1,90,1.0,1.2,2.0,15,50,1.5,0.89
30,10,75,45,70,2,90,20,40,0,21,0.5,1.05,4.0,50,50,6.0,0.01
0,20,85,75,30,2,30,0,18,2,90,1.0,1.2,6.0,33,50,1.5,9.31
15,30,75,55,90,0,0,0,18,2,45,0.0,1.2,2.0,50,50,3.0,0.14
5,20,105,45,30,2,30,20,33,0,7,0.5,0.85,6.0,33,50,6.0,0.12
60,20,60,55,30,25,90,0,25,7,90,0.0,0.6,4.0,33,15,6.0,0.17
5,20,60,75,90,25,30,0,18,7,7,0.0,0.6,6.0,33,15,1.5,3.23
5,10,60,45,90,2,60,20,40,1,21,1.0,0.85,2.0,33,50,1.5,0.0
60,10,75,75,70,0,30,5,25,0,7,0.5,0.6,6.0,50,50,1.5,0.19
15,10,105,65,50,2,60,5,25,0,21,1.0,1.05,5.0,50,33,1.5,0.3
0,20,105,65,50,25,0,0,25,4,7,0.0,1.05,4.0,33,33,6.0,3.14
15,30,95,65,50,2,0,5,18,1,7,0.0,1.2,2.0,33,15,3.0,0.0
60,45,85,45,50,0,90,20,18,4,90,1.0,0.6,6.0,15,15,1.5,0.0
15,10,85,65,70,2,0,0,33,0,21,0.0,0.6,2.0,50,33,3.0,0.62
30,30,95,65,30,10,90,20,33,2,45,0.5,0.85,4.0,33,33,1.5,0.0
5,30,95,75,30,0,0,20,18,0,7,0.0,0.85,2.0,50,33,6.0,0.07
15,10,95,55,90,0,0,20,18,2,90,0.0,0.85,2.0,50,15,3.0,0.54
0,45,60,55,30,25,90,0,25,0,90,1.0,0.85,5.0,15,15,3.0,0.0
15,45,85,55,90,2,0,20,25,0,7,1.0,1.2,4.0,33,50,6.0,0.47
15,45,95,75,70,25,0,0,18,7,7,0.5,0.85,4.0,50,33,1.5,13.35
30,30,95,75,90,2,0,5,18,7,21,0.0,1.2,2.0,15,15,3.0,16.27
30,45,95,45,70,10,0,0,18,0,90,1.0,1.2,6.0,15,33,1.5,0.72
60,20,105,45,70,0,60,0,18,2,21,0.0,1.05,2.0,50,33,6.0,0.09
60,45,95,75,50,0,30,5,40,0,90,0.5,1.05,2.0,33,33,1.5,0.34
0,45,95,65,50,2,30,5,40,1,21,1.0,1.05,2.0,50,33,1.5,8.04
0,30,75,75,50,0,30,5,18,7,90,1.0,0.85,2.0,15,33,1.5,26.92
0,30,60,45,50,10,90,0,18,0,90,0.0,1.05,2.0,15,50,3.0,0.0
15,30,105,55,50,0,90,5,25,7,90,1.0,1.05,6.0,15,50,1.5,40.0
60,10,95,75,70,25,0,0,25,4,7,0.5,1.2,2.0,50,50,1.5,0.04
5,45,105,65,50,25,30,5,40,7,90,1.0,0.6,5.0,15,50,3.0,11.44
0,45,60,65,90,0,90,20,25,1,90,0.5,0.85,5.0,50,33,3.0,1.82
0,45,105,75,50,10,0,20,40,2,90,0.5,0.85,5.0,50,33,1.5,4.03
5,10,95,45,50,10,0,5,25,1,45,1.0,0.85,6.0,33,50,6.0,0.6
5,10,105,55,70,25,30,20,18,4,21,0.5,1.2,6.0,15,50,3.0,2.41
0,10,60,65,30,2,0,20,25,2,21,0.0,1.2,2.0,15,15,3.0,0.74
30,10,85,55,50,0,60,5,18,4,45,1.0,0.6,4.0,33,33,3.0,0.0
60,10,95,65,30,2,60,5,18,7,90,0.5,0.6,6.0,50,33,6.0,0.01
0,20,85,45,30,25,90,20,25,0,45,0.0,1.2,5.0,33,50,1.5,0.22
60,20,95,75,70,25,30,20,40,7,90,0.5,1.2,5.0,50,15,3.0,0.0
15,30,85,45,30,0,30,20,25,0,90,0.5,0.85,6.0,50,15,3.0,0.43
30,10,75,75,50,25,60,0,40,1,7,1.0,1.05,5.0,33,50,1.5,0.37
30,45,60,45,30,10,30,5,33,1,7,0.5,1.2,6.0,50,33,6.0,0.44
30,45,95,45,70,25,60,0,18,2,45,0.5,1.05,6.0,33,33,6.0,0.0
0,45,85,65,50,2,0,5,25,1,45,0.5,1.2,6.0,15,50,1.5,7.08
15,10,60,75,70,10,30,0,18,4,21,0.0,0.6,4.0,15,33,1.5,0.0
30,45,95,75,70,25,30,5,18,4,7,0.0,0.6,4.0,33,50,1.5,0.92
60,30,105,75,30,0,0,0,40,7,90,0.5,1.2,4.0,15,15,1.5,0.6
60,30,95,45,70,25,30,20,40,2,21,1.0,1.2,2.0,15,50,1.5,0.15
60,30,75,75,70,2,90,5,40,7,7,0.5,1.05,4.0,33,33,6.0,0.0
5,30,75,45,50,10,60,5,33,0,7,1.0,1.2,5.0,33,50,3.0,0.0
5,20,60,45,50,2,30,20,40,2,90,1.0,0.6,6.0,33,33,1.5,1.34
5,30,75,75,50,0,30,20,40,1,7,0.5,1.05,2.0,50,50,1.5,0.49
30,20,60,65,70,2,0,5,25,2,21,0.5,0.85,5.0,15,33,1.5,0.0
0,10,105,45,90,25,90,20,33,7,7,0.5,1.05,4.0,33,33,3.0,5.01
15,30,95,45,50,10,0,5,25,4,7,0.0,1.05,4.0,50,50,1.5,4.66
5,45,105,65,90,25,30,20,18,2,45,0.5,0.85,6.0,15,33,3.0,3.55
5,10,60,75,70,2,60,0,25,7,21,1.0,1.2,4.0,50,15,1.5,14.0
60,10,75,45,90,0,90,0,25,1,7,1.0,0.85,4.0,15,15,1.5,0.04
5,20,60,45,30,25,90,5,40,0,7,0.0,1.2,6.0,15,15,6.0,0.0
0,30,75,65,90,0,60,0,25,7,45,0.5,0.85,2.0,50,50,1.5,29.42
60,20,75,65,70,25,60,20,18,0,7,0.0,0.6,6.0,33,15,1.5,0.0
15,30,85,75,90,0,60,0,18,4,90,1.0,1.2,6.0,33,15,1.5,20.13
15,30,60,45,50,10,0,5,33,0,90,1.0,1.05,6.0,15,50,6.0,0.06
0,30,105,55,90,25,30,5,25,4,90,0.0,1.2,6.0,15,50,1.5,6.07
60,10,95,75,30,10,0,5,40,1,45,0.5,0.6,6.0,33,15,6.0,0.0
60,20,75,45,30,2,90,20,33,4,21,0.5,0.6,5.0,15,50,1.5,0.1
60,30,75,45,90,10,60,20,33,0,90,0.5,1.2,5.0,50,15,6.0,0.0
5,45,85,75,50,0,0,20,25,2,7,1.0,1.2,4.0,33,33,1.5,5.51
30,30,105,45,90,0,60,20,33,2,21,0.0,1.05,5.0,33,33,1.5,0.58
15,45,105,55,30,2,30,5,40,0,7,1.0,0.6,2.0,50,33,1.5,0.95
30,30,60,75,50,2,30,5,40,1,21,1.0,1.05,5.0,15,15,1.5,0.0
30,20,75,65,90,2,0,0,40,0,90,1.0,1.05,2.0,33,15,1.5,0.27
0,10,60,65,30,2,90,0,18,2,21,0.5,0.6,2.0,50,33,1.5,0.65
30,10,105,55,50,0,0,5,18,4,45,1.0,0.6,2.0,33,33,6.0,0.35
60,30,105,65,70,2,30,20,40,4,21,0.5,1.05,4.0,50,33,3.0,0.0
30,10,95,45,50,25,30,5,18,1,7,0.0,1.05,5.0,15,15,3.0,0.11
30,20,75,45,90,10,30,20,33,4,45,1.0,0.85,5.0,15,33,6.0,0.0
0,45,85,75,30,25,90,0,25,2,45,1.0,0.85,5.0,15,33,1.5,2.86
15,45,75,45,70,10,0,5,40,2,7,0.5,1.05,6.0,50,33,3.0,2.1
0,30,95,55,50,2,0,20,18,7,45,0.5,0.6,2.0,33,50,6.0,6.17
60,10,75,45,30,0,90,20,40,0,7,0.0,1.05,5.0,50,33,6.0,0.11
30,10,75,55,30,25,60,0,33,2,7,1.0,0.85,2.0,15,50,1.5,0.44
60,30,60,45,50,25,0,0,33,0,45,0.0,0.85,5.0,50,50,6.0,0.98
60,30,95,65,30,25,60,0,40,0,90,1.0,0.85,4.0,33,50,6.0,0.44
60,30,60,55,30,0,0,5,33,7,21,0.5,0.6,4.0,50,50,1.5,0.14
0,30,85,55,30,2,90,0,33,0,7,1.0,1.05,2.0,15,50,3.0,0.51
5,30,85,55,70,10,30,0,33,4,7,0.0,0.6,6.0,33,50,6.0,6.32
0,10,95,75,30,0,90,20,40,4,45,0.0,0.85,6.0,50,33,6.0,1.12
5,20,105,65,70,10,30,0,18,4,90,0.5,1.2,4.0,33,33,1.5,11.58
5,20,85,45,30,25,30,5,33,2,21,0.5,0.85,5.0,15,33,6.0,1.2
5,20,75,55,70,10,0,0,18,0,7,1.0,1.2,2.0,33,15,1.5,0.66
60,45,105,65,50,0,30,0,18,4,90,0.5,0.85,4.0,50,15,3.0,0.36
30,30,105,75,70,2,0,0,40,2,21,0.5,0.6,4.0,15,33,6.0,0.0
5,10,75,75,70,10,30,0,33,4,90,0.0,0.85,2.0,33,15,1.5,3.22
5,10,75,55,90,2,0,20,25,0,45,1.0,0.6,6.0,50,15,6.0,0.0
15,10,95,45,30,25,30,20,33,2,7,1.0,1.05,6.0,50,33,1.5,0.0
60,10,60,65,50,25,30,0,40,7,21,1.0,1.2,4.0,50,33,3.0,0.0
15,10,60,55,50,25,30,0,18,1,21,1.0,1.05,4.0,50,15,1.5,0.0
15,10,85,65,90,10,30,20,25,7,7,0.0,1.2,5.0,50,50,6.0,2.78
5,10,75,45,50,0,30,0,33,1,21,0.0,0.85,6.0,33,33,1.5,0.0
15,20,60,55,30,25,60,0,40,2,90,0.0,0.6,2.0,33,50,6.0,0.0
5,45,95,75,70,25,0,20,25,1,7,1.0,0.6,4.0,50,15,3.0,0.0
0,45,85,75,30,2,30,0,18,2,21,1.0,1.05,2.0,50,33,3.0,16.93
5,20,105,45,50,0,90,5,18,7,7,0.5,1.2,5.0,33,33,3.0,29.69
0,45,75,75,50,0,90,5,33,0,45,1.0,1.05,5.0,33,50,1.5,0.0
30,45,95,55,70,2,30,20,40,2,7,0.5,1.2,4.0,33,15,1.5,0.28
30,10,60,65,50,10,30,5,25,2,45,0.5,0.85,2.0,50,50,6.0,0.0
0,45,105,45,90,2,30,20,33,0,90,0.5,0.85,4.0,50,33,1.5,0.61
15,45,75,65,30,10,30,0,25,2,21,0.0,0.85,2.0,15,50,3.0,0.0
60,45,95,45,70,10,60,5,40,7,45,0.5,1.05,6.0,33,50,6.0,1.4
15,30,75,65,50,25,60,20,40,2,90,0.5,1.2,2.0,33,15,3.0,0.0
5,10,75,65,70,10,0,20,18,7,45,1.0,1.05,2.0,33,15,3.0,3.05
15,45,95,65,90,2,0,0,18,4,45,0.0,0.85,5.0,50,50,1.5,16.15
15,20,95,45,70,0,60,20,25,1,21,0.5,0.6,5.0,33,33,1.5,0.0
60,45,75,75,50,0,0,0,18,4,45,0.0,0.85,2.0,15,33,6.0,0.0
60,45,60,65,70,2,30,5,33,1,90,1.0,1.2,5.0,33,50,6.0,0.45
0,45,75,55,30,25,60,20,25,1,90,0.5,1.2,4.0,50,33,3.0,1.84
15,45,75,55,90,0,0,5,18,0,45,0.0,1.2,2.0,15,33,3.0,0.0
0,10,60,55,90,2,30,0,33,1,45,0.5,0.85,2.0,33,15,6.0,0.69
15,20,105,45,50,25,0,5,25,0,21,0.0,0.85,6.0,50,33,3.0,0.0
30,20,60,55,90,2,60,0,33,7,45,1.0,0.85,4.0,15,15,1.5,0.61
30,20,105,55,50,0,60,5,40,1,45,0.0,0.85,4.0,33,33,1.5,0.0
30,45,60,45,90,0,30,5,40,0,21,0.0,1.2,2.0,15,15,3.0,0.0
0,20,95,45,70,2,30,20,18,4,90,1.0,1.05,5.0,33,33,1.5,4.3
5,20,75,55,50,2,30,20,18,0,45,0.5,0.85,5.0,50,50,6.0,0.75
60,20,75,55,70,25,0,5,25,7,45,0.0,1.05,2.0,33,15,6.0,0.14
5,10,60,45,70,25,90,5,18,1,7,0.5,1.05,4.0,50,33,1.5,0.0
60,30,75,45,30,2,90,0,40,0,45,1.0,1.2,4.0,50,50,3.0,0.0
15,30,95,45,70,10,60,20,18,1,7,0.5,0.6,6.0,50,33,1.5,0.0
0,30,85,75,70,0,0,20,40,7,21,1.0,1.05,6.0,50,33,3.0,11.32
0,20,60,65,50,25,30,20,18,0,90,0.0,0.85,2.0,15,33,1.5,0.0
5,20,95,75,90,25,90,0,40,1,7,0.0,1.2,6.0,33,15,1.5,0.56
5,20,95,75,30,25,60,20,40,7,90,0.5,0.85,4.0,50,50,6.0,4.48
15,20,60,45,90,10,60,0,18,7,45,0.0,0.85,2.0,15,15,1.5,9.74
0,30,95,75,70,10,90,5,40,0,7,0.0,0.85,6.0,50,33,3.0,0.13
15,30,105,75,90,25,60,20,40,7,90,0.5,0.6,6.0,15,33,3.0,4.99
15,30,60,45,90,2,60,5,25,4,21,0.0,1.2,5.0,50,33,6.0,10.45
5,45,95,45,30,10,30,20,40,1,45,0.0,0.6,5.0,50,33,6.0,0.74
0,20,105,55,90,25,30,5,33,1,7,0.5,1.05,5.0,50,33,3.0,1.15
15,45,95,55,70,10,60,5,25,2,45,0.0,1.05,2.0,33,50,6.0,0.49
5,30,85,75,70,2,60,5,33,0,21,0.0,0.85,2.0,50,33,6.0,0.0
30,20,105,75,50,10,0,0,25,0,7,1.0,1.2,4.0,15,50,1.5,0.43
0,45,85,65,70,2,60,20,40,2,45,0.5,0.85,4.0,15,15,1.5,3.83
0,30,85,75,70,25,0,0,25,7,7,0.0,0.85,5.0,15,15,1.5,7.3
15,45,85,75,50,10,60,20,40,0,90,0.0,0.85,2.0,33,50,3.0,0.96
60,30,75,65,70,25,90,0,18,0,21,1.0,1.05,2.0,15,33,1.5,0.19
5,10,75,55,70,25,60,0,33,4,21,1.0,0.6,2.0,33,15,6.0,1.59
30,45,105,75,30,0,60,20,25,7,45,0.5,0.6,4.0,50,15,6.0,3.81
15,10,95,65,50,0,60,0,33,0,21,0.0,1.05,2.0,15,15,6.0,0.0
60,30,95,75,70,2,90,5,25,1,21,0.0,0.85,4.0,15,15,1.5,0.34
0,20,75,45,50,0,30,0,33,4,90,0.5,0.6,2.0,50,33,3.0,8.26
15,10,95,75,50,25,60,5,25,0,21,0.5,1.05,4.0,15,15,1.5,0.69
60,30,95,55,50,0,30,5,25,0,21,1.0,1.05,6.0,15,50,6.0,0.0
0,10,95,55,50,2,60,0,33,0,90,1.0,1.2,5.0,50,50,3.0,0.0
30,45,85,65,90,0,30,5,18,4,45,1.0,0.85,6.0,15,50,3.0,0.0
5,30,105,45,50,2,60,20,18,7,45,0.5,1.2,5.0,50,33,6.0,13.41
5,45,75,55,90,0,30,0,25,0,7,0.0,0.6,6.0,50,15,1.5,0.0
15,45,105,45,30,25,0,5,33,0,21,1.0,0.85,5.0,15,50,6.0,0.0
5,30,60,75,30,2,30,0,40,4,45,0.0,0.85,6.0,15,15,1.5,12.89
15,30,75,55,30,25,30,5,33,2,90,0.0,0.85,2.0,50,50,1.5,0.12
15,45,60,65,90,10,0,5,40,0,21,0.0,1.05,6.0,50,50,3.0,0.4
0,30,75,75,90,10,30,5,40,1,21,1.0,1.05,6.0,15,33,1.5,1.78
15,20,75,65,50,0,90,0,40,2,7,0.0,0.85,2.0,50,33,6.0,0.17
5,20,105,65,30,0,60,5,25,0,21,1.0,1.05,5.0,50,50,6.0,0.0
30,20,95,55,70,2,0,5,40,0,45,1.0,1.05,2.0,50,50,6.0,0.31
15,10,75,55,30,2,0,0,33,7,21,1.0,0.85,2.0,50,15,1.5,9.1
5,10,85,65,30,10,30,5,40,7,90,0.5,1.05,2.0,15,50,1.5,5.13
60,30,85,45,90,10,60,0,18,0,90,0.0,1.2,6.0,50,50,3.0,0.01
15,45,95,65,90,10,0,20,40,1,21,0.5,0.85,2.0,50,15,6.0,0.43
30,20,75,45,50,2,0,5,18,0,45,0.0,1.05,4.0,15,33,6.0,0.0
60,10,60,75,90,2,90,20,33,7,7,1.0,0.85,4.0,15,50,6.0,0.05
0,10,75,75,90,25,0,20,25,0,7,0.0,1.05,4.0,50,15,6.0,0.0
5,10,60,65,30,10,30,5,25,7,21,1.0,0.6,5.0,50,50,1.5,3.66
30,20,105,45,30,25,90,20,40,1,90,0.5,0.85,4.0,15,50,1.5,0.44
30,20,75,75,90,0,60,20,18,7,90,0.0,1.2,6.0,15,15,3.0,1.6
60,30,60,45,30,2,30,20,25,1,21,1.0,0.85,2.0,50,50,6.0,0.0
5,45,105,45,90,10,0,5,40,4,90,0.0,0.6,6.0,50,50,3.0,7.67
60,20,60,45,70,2,0,20,25,4,90,0.5,0.6,6.0,50,50,1.5,0.0
60,20,105,65,70,25,30,20,18,1,90,0.5,1.05,6.0,50,33,1.5,0.54
60,30,105,45,50,10,90,0,33,7,21,0.5,1.05,4.0,50,33,6.0,0.0
30,30,75,45,90,10,90,0,40,4,45,0.0,1.2,6.0,33,15,6.0,0.28
0,45,85,75,70,10,60,5,33,0,21,1.0,1.05,2.0,33,33,1.5,0.0
15,20,95,45,90,10,0,5,33,2,7,1.0,0.85,6.0,15,33,1.5,0.54
0,10,75,75,50,25,0,5,40,2,7,0.0,0.85,5.0,50,33,3.0,0.0
0,20,60,65,90,10,30,20,40,2,7,1.0,1.05,6.0,15,15,1.5,1.84
30,30,60,45,30,2,0,20,33,4,90,0.0,1.05,4.0,15,33,3.0,0.0
60,20,95,65,90,25,0,20,40,0,7,1.0,1.2,4.0,33,50,1.5,0.62
0,10,75,75,70,0,0,0,33,2,45,0.5,0.85,2.0,33,33,3.0,2.16
60,45,85,55,70,0,90,0,25,0,45,0.5,1.2,6.0,15,33,3.0,0.0
5,20,75,45,30,10,30,0,33,4,7,0.5,1.2,5.0,33,33,3.0,8.73
15,30,105,55,90,10,30,0,25,7,21,0.5,0.6,6.0,15,15,3.0,15.05
15,30,75,45,50,0,0,20,25,4,21,1.0,0.85,2.0,15,50,3.0,2.53
5,45,95,55,90,10,30,20,33,7,45,1.0,1.05,5.0,15,15,6.0,19.29
15,20,85,55,70,0,90,0,33,4,45,1.0,0.6,6.0,15,15,3.0,0.53
0,30,85,45,70,25,90,5,33,4,21,0.5,0.85,5.0,15,33,3.0,4.3
60,30,60,75,30,10,60,20,40,1,45,0.5,0.85,2.0,33,15,3.0,0.0
5,10,105,55,90,0,0,20,25,1,21,0.5,0.6,6.0,50,50,1.5,0.0
60,10,85,55,90,25,30,0,33,7,90,0.0,1.05,2.0,33,15,1.5,0.0
15,20,85,55,90,0,0,20,18,2,90,1.0,1.2,4.0,33,33,3.0,0.14
30,10,95,75,90,2,90,20,18,2,21,0.0,1.2,4.0,50,50,6.0,0.0
30,30,85,45,30,0,0,0,33,4,21,1.0,0.6,4.0,50,50,3.0,0.49
5,10,60,75,70,10,30,20,33,4,45,1.0,1.05,6.0,50,33,3.0,2.48
15,45,85,65,50,0,0,0,25,0,90,1.0,1.2,2.0,15,33,6.0,0.97
60,20,105,75,30,25,0,5,33,2,45,0.0,1.05,4.0,33,33,1.5,0.0
60,10,60,55,50,0,30,20,33,4,7,0.0,0.85,6.0,50,15,3.0,0.0
15,10,60,55,30,25,90,20,18,2,45,0.0,1.2,6.0,50,15,1.5,0.21
15,10,95,45,70,2,30,20,40,0,7,0.0,0.85,2.0,15,15,6.0,0.0
5,45,85,55,70,10,0,0,40,0,7,1.0,1.05,2.0,50,50,1.5,0.43
5,30,75,75,50,25,0,5,40,1,90,0.5,0.85,6.0,15,15,6.0,0.3
15,45,105,55,50,10,30,20,18,0,45,1.0,1.05,6.0,15,33,6.0,0.53
5,10,85,75,90,2,90,20,25,2,45,0.0,0.6,6.0,33,15,3.0,0.05
60,10,75,55,90,25,30,5,18,1,90,1.0,1.2,6.0,15,33,1.5,0.0
30,30,85,45,90,0,0,0,40,2,21,0.5,1.05,6.0,33,15,3.0,0.58
0,10,75,45,50,25,30,0,33,1,90,0.5,0.85,6.0,15,50,1.5,0.32
15,45,60,55,70,2,0,20,40,7,7,0.5,1.2,6.0,33,50,6.0,15.62
60,10,105,55,50,10,90,5,33,2,7,1.0,0.85,5.0,50,50,3.0,0.38
30,30,75,45,90,0,0,5,33,0,21,0.5,0.85,2.0,50,33,1.5,0.44
60,45,95,65,50,2,30,5,33,4,90,0.0,1.05,2.0,15,50,1.5,0.0
0,30,75,75,30,2,30,5,25,2,45,0.0,0.6,5.0,15,50,1.5,3.27
5,10,105,45,70,25,90,0,18,2,45,0.0,0.6,2.0,50,50,3.0,0.0
15,10,105,55,50,10,60,0,18,0,90,1.0,1.05,2.0,50,15,1.5,0.0
15,45,60,75,50,25,60,20,40,1,21,0.0,1.05,2.0,33,33,1.5,0.03
5,20,95,45,30,0,0,0,33,4,90,0.0,1.2,4.0,15,33,1.5,16.53
5,45,95,55,30,2,0,0,33,1,90,0.5,0.85,2.0,50,33,1.5,2.6
0,10,85,75,90,10,0,0,18,4,21,0.0,1.05,2.0,15,33,1.5,4.3
60,45,60,55,30,25,30,0,18,0,21,1.0,1.2,2.0,50,50,3.0,0.55
30,20,75,45,30,10,60,20,33,4,7,0.5,0.6,4.0,50,15,3.0,0.0
0,45,85,65,50,25,0,0,25,2,45,0.0,0.85,5.0,15,15,6.0,2.78
5,20,105,65,30,2,0,20,33,2,90,0.5,0.85,6.0,50,15,1.5,1.61
5,45,85,65,30,2,30,5,40,0,90,1.0,1.05,2.0,50,15,3.0,0.89
15,30,60,75,30,2,0,0,18,2,7,0.0,1.2,6.0,50,33,6.0,0.0
60,45,85,75,90,25,30,0,40,4,7,0.0,1.05,5.0,33,33,1.5,0.0
60,10,105,45,30,25,60,20,25,0,90,0.5,0.6,2.0,33,50,6.0,0.0
60,20,95,55,50,10,30,5,33,7,90,0.5,1.2,2.0,50,15,1.5,0.21
30,30,85,75,50,2,0,0,18,1,21,1.0,1.2,4.0,15,33,3.0,1.28
0,20,75,45,30,0,0,20,40,1,45,1.0,1.2,6.0,15,50,1.5,1.08
60,10,60,65,30,25,0,0,18,4,21,0.0,0.85,6.0,15,33,6.0,0.0
60,45,105,45,90,0,60,5,18,7,90,0.5,1.05,6.0,15,15,1.5,2.16
60,30,75,55,90,0,0,20,25,4,7,0.0,0.6,5.0,15,50,6.0,0.1
60,30,85,65,50,10,30,0,25,2,7,0.0,1.05,4.0,33,15,3.0,0.0
15,45,105,65,70,10,90,5,40,1,7,0.0,0.6,4.0,33,50,6.0,0.06
0,20,105,45,50,2,30,20,40,7,45,0.0,0.85,6.0,15,15,6.0,4.93
30,30,85,55,90,2,60,20,25,4,45,0.0,0.85,5.0,33,15,1.5,0.86
15,10,75,45,50,10,0,20,18,4,7,1.0,0.85,5.0,33,50,1.5,0.0
30,10,60,45,90,2,30,0,33,4,90,0.0,0.6,2.0,15,50,1.5,0.98
60,20,95,45,30,0,30,0,25,7,90,0.0,1.05,2.0,15,15,6.0,1.0
15,10,95,75,90,10,30,20,33,2,90,1.0,0.6,5.0,50,15,1.5,0.0
30,45,75,65,90,0,0,20,18,2,21,0.0,1.05,6.0,50,50,6.0,1.28
15,45,75,65,50,10,90,0,40,4,21,0.0,1.05,2.0,50,50,1.5,11.86
30,20,95,75,30,25,90,20,40,2,90,0.0,0.85,5.0,15,50,3.0,0.38
60,45,105,65,70,25,90,0,25,7,7,1.0,0.85,5.0,15,15,3.0,0.0
0,30,105,75,70,2,30,0,33,2,21,0.5,0.6,5.0,50,33,6.0,7.09
0,20,60,65,90,10,60,0,33,2,21,0.0,1.2,5.0,33,50,1.5,3.48
0,10,105,75,50,0,30,5,25,0,90,0.0,1.05,4.0,33,50,6.0,0.14
60,20,60,65,90,0,90,5,33,0,45,0.0,0.6,2.0,15,15,1.5,0.0
15,30,75,65,30,2,30,0,18,4,7,0.5,1.2,2.0,15,33,1.5,15.01
60,45,60,45,50,2,0,20,25,0,90,1.0,0.6,2.0,15,33,1.5,0.48
0,20,85,75,30,2,0,20,40,0,90,1.0,1.2,2.0,50,15,6.0,0.05
5,30,105,45,70,0,60,20,40,7,45,0.5,0.6,2.0,15,15,3.0,5.69
15,20,85,55,30,0,90,0,40,7,7,0.5,0.85,6.0,50,15,6.0,20.28
30,10,95,45,30,25,30,0,25,7,90,0.5,1.2,6.0,15,50,1.5,0.24
30,30,75,45,90,25,0,0,25,2,7,1.0,1.05,5.0,33,50,1.5,0.72
15,20,75,55,90,2,30,0,40,7,7,0.5,1.2,5.0,33,33,3.0,24.4
30,10,95,75,70,0,90,20,18,1,45,1.0,0.85,2.0,33,15,6.0,0.38
15,20,95,45,30,25,0,0,25,2,7,1.0,1.05,4.0,33,15,6.0,0.34
0,20,105,55,70,10,0,0,18,0,45,0.0,1.2,2.0,15,33,1.5,0.22
0,45,95,65,90,10,90,20,25,1,45,0.0,1.05,2.0,15,15,3.0,2.09
0,10,85,75,90,10,30,5,40,0,45,0.5,0.85,5.0,33,50,1.5,0.56
30,45,85,45,50,2,60,20,40,7,7,0.5,1.05,5.0,15,33,6.0,10.53
0,45,75,55,90,0,30,5,33,4,45,0.5,1.2,6.0,33,15,1.5,28.05
0,45,75,45,90,0,60,5,33,4,21,0.5,0.6,4.0,15,33,3.0,14.61
15,20,105,45,50,25,60,0,33,7,45,1.0,1.2,4.0,33,15,1.5,9.3
30,45,75,75,50,10,0,5,40,4,45,0.0,0.6,6.0,50,33,6.0,0.0
5,20,95,45,50,10,30,20,40,4,90,1.0,0.85,5.0,50,15,1.5,4.2
60,45,105,45,90,0,60,20,40,7,21,0.0,0.6,5.0,33,15,3.0,0.0
0,30,60,55,90,2,90,20,18,2,90,0.5,1.05,2.0,33,15,6.0,2.34
30,10,95,75,90,10,60,5,25,4,7,1.0,0.6,4.0,50,33,1.5,0.0
5,45,75,75,50,25,30,0,18,1,21,1.0,0.85,6.0,15,15,1.5,1.28
30,45,105,45,90,0,90,0,18,2,21,1.0,1.05,2.0,33,33,6.0,0.0
30,20,60,65,50,0,90,20,18,1,21,0.0,0.6,4.0,50,33,6.0,0.02
15,20,95,65,90,0,0,5,18,0,90,0.5,0.6,4.0,15,33,1.5,0.0
30,10,85,45,30,10,30,0,25,4,90,0.0,1.05,5.0,33,50,1.5,0.6
30,20,105,65,90,25,30,20,18,7,21,1.0,0.6,6.0,33,33,1.5,0.0
5,30,105,65,30,2,30,0,40,1,90,0.0,0.6,4.0,50,15,3.0,0.13
15,45,60,55,90,25,90,5,33,1,90,0.0,1.05,5.0,15,50,3.0,0.72
15,30,60,75,30,25,60,0,40,4,45,0.5,0.6,4.0,15,50,1.5,0.37
60,20,105,45,50,2,0,5,33,1,7,0.5,1.05,2.0,50,15,1.5,0.0
5,30,75,55,50,2,0,0,25,2,7,0.0,0.85,5.0,50,33,3.0,5.89
60,20,85,65,70,0,30,5,33,1,21,0.0,0.85,4.0,33,15,3.0,0.0
5,45,75,45,30,10,30,0,25,2,45,0.0,0.85,2.0,33,33,6.0,5.1
60,20,60,45,50,2,90,5,25,0,90,0.5,1.05,5.0,33,15,1.5,0.68
0,45,75,65,30,2,90,5,18,7,21,0.0,1.2,6.0,15,50,1.5,39.27
30,20,95,65,90,10,30,20,40,2,90,0.0,0.85,2.0,50,33,1.5,0.28
30,20,60,45,50,10,60,0,33,0,21,0.0,0.6,2.0,33,50,1.5,0.3
15,10,85,55,50,0,0,5,25,0,90,0.5,1.2,4.0,33,33,6.0,0.0
5,30,85,55,50,0,30,20,33,2,7,1.0,0.85,2.0,33,50,3.0,1.72
30,20,75,55,50,25,60,0,33,7,7,0.0,1.05,6.0,50,50,6.0,1.27
15,45,85,45,70,10,30,20,25,2,90,1.0,1.2,4.0,33,15,1.5,1.56
30,20,105,55,70,10,30,20,33,2,7,1.0,1.2,4.0,50,15,1.5,0.0
5,30,60,45,50,10,90,0,33,4,21,1.0,1.2,4.0,50,33,1.5,15.91
5,20,75,65,30,10,30,20,18,0,90,0.5,0.85,6.0,15,15,3.0,0.0
30,10,85,65,30,10,90,0,25,0,90,0.5,0.6,2.0,50,15,6.0,0.73
0,20,75,65,50,2,30,0,33,4,7,0.0,0.85,6.0,15,50,1.5,9.31
30,10,105,55,90,25,0,5,40,2,90,0.0,1.2,2.0,33,33,1.5,0.0
60,30,60,45,70,2,90,0,25,2,90,0.0,1.2,6.0,50,15,1.5,0.22
0,20,75,75,30,0,60,5,18,4,45,0.0,0.85,2.0,33,33,3.0,8.1
5,45,75,75,90,25,60,5,40,0,90,1.0,0.85,5.0,50,33,1.5,0.0
60,10,85,75,30,25,60,5,18,7,90,0.0,0.6,6.0,50,50,6.0,0.16
5,10,75,65,50,25,60,5,33,0,90,0.0,0.85,5.0,33,33,3.0,0.39
5,45,105,65,90,0,30,5,33,7,45,1.0,0.85,6.0,15,33,6.0,40.0
30,20,75,75,70,0,0,0,33,1,45,1.0,1.05,6.0,50,33,1.5,0.0
0,45,85,55,70,0,0,20,25,4,7,0.5,1.2,2.0,33,33,6.0,9.22
15,20,95,65,70,2,90,0,40,4,7,1.0,1.2,5.0,33,33,3.0,9.02
30,20,95,55,90,0,60,20,33,0,45,1.0,0.6,2.0,15,33,3.0,0.27
0,10,105,65,70,0,90,20,40,0,45,0.0,1.05,6.0,33,15,3.0,0.0
0,20,75,75,70,25,30,0,18,4,90,1.0,1.2,4.0,15,33,3.0,4.14
0,20,75,55,90,25,90,20,33,0,7,1.0,1.2,6.0,33,15,6.0,0.0
15,10,95,75,50,25,30,5,25,7,90,0.5,0.6,5.0,50,33,1.5,2.12
60,20,75,45,90,0,60,20,40,0,90,1.0,1.2,2.0,33,33,1.5,0.0
5,10,60,75,50,0,90,0,25,7,7,1.0,0.85,6.0,15,50,1.5,10.66
5,20,95,45,90,0,90,5,33,1,90,1.0,1.05,4.0,15,15,6.0,0.22
60,20,60,55,70,10,0,0,33,2,90,0.5,0.6,6.0,50,15,1.5,0.0
30,20,60,65,70,2,60,0,33,1,7,1.0,0.85,2.0,33,50,6.0,0.0
0,45,95,45,90,25,60,20,25,0,45,1.0,0.6,2.0,33,50,3.0,0.49
5,10,85,45,50,25,0,0,40,0,21,0.5,1.05,2.0,33,15,1.5,0.0
0,10,105,45,90,2,90,0,25,7,90,1.0,0.85,5.0,33,50,3.0,13.22
0,45,75,65,50,25,60,0,18,4,7,0.5,0.6,6.0,15,15,3.0,4.31
30,45,75,45,30,2,0,0,18,4,7,1.0,0.85,6.0,15,50,3.0,0.0
60,45,75,65,70,25,0,0,25,0,45,1.0,0.85,5.0,15,50,3.0,0.34
5,45,105,45,30,2,30,5,33,1,7,0.0,1.05,6.0,33,50,1.5,3.51
30,10,75,65,50,25,60,0,33,0,45,0.5,0.85,6.0,33,50,1.5,0.49
60,45,85,65,30,2,90,20,33,7,21,0.0,1.05,6.0,33,15,6.0,0.0
30,45,75,55,50,2,90,0,40,4,90,1.0,1.2,5.0,50,15,1.5,11.46
15,30,105,75,50,2,0,5,25,7,90,0.0,0.85,6.0,50,50,1.5,23.45
0,45,105,75,50,2,60,5,25,7,21,0.0,1.05,6.0,33,50,6.0,40.0
30,45,95,55,70,25,0,5,18,1,45,1.0,0.85,2.0,50,33,6.0,0.09
5,20,105,45,50,2,90,0,18,0,7,0.5,1.05,2.0,50,50,6.0,0.0
30,45,75,45,70,2,0,5,18,1,45,0.0,0.6,4.0,50,50,3.0,0.0
60,45,75,45,90,10,90,5,25,1,45,0.0,1.05,4.0,15,50,1.5,0.97
5,30,75,45,90,25,90,20,18,7,45,1.0,1.2,4.0,50,50,1.5,11.12
30,20,60,45,90,10,30,20,18,4,90,0.5,0.6,6.0,50,33,3.0,0.0
5,30,60,65,50,10,90,5,18,1,45,0.0,0.6,4.0,33,50,6.0,0.0
0,10,95,75,90,2,30,0,40,2,7,0.0,1.2,2.0,50,50,1.5,4.25
0,20,85,45,50,25,30,0,40,0,21,0.5,0.85,5.0,33,33,3.0,0.0
15,45,95,45,90,25,30,0,33,0,7,1.0,1.2,6.0,33,15,6.0,0.67
0,45,60,65,30,25,30,20,25,7,45,0.0,1.05,5.0,33,15,3.0,12.7
60,30,105,45,70,10,0,20,18,2,90,0.5,1.05,6.0,50,33,1.5,0.21
60,10,95,45,90,25,0,0,33,0,21,0.0,1.05,5.0,33,15,6.0,0.0
5,20,75,45,30,2,90,5,25,0,21,1.0,1.05,6.0,50,33,6.0,0.09
0,45,105,45,50,25,60,0,33,0,90,0.5,1.2,4.0,15,50,1.5,0.0
5,10,75,75,70,10,0,20,18,4,90,0.0,1.2,2.0,50,15,1.5,2.15
0,10,105,65,50,0,0,0,25,4,90,0.0,0.6,5.0,50,33,6.0,4.38
5,45,75,55,30,0,90,0,33,4,21,0.0,0.6,5.0,15,50,3.0,15.56
0,45,95,65,70,10,60,5,18,7,21,1.0,0.85,2.0,33,15,3.0,23.72
60,30,75,65,90,25,90,5,25,4,21,0.0,1.05,6.0,15,33,1.5,0.12
0,20,95,45,70,0,30,5,40,7,90,0.0,0.85,6.0,50,33,1.5,15.88
30,20,60,75,90,2,90,0,33,0,21,1.0,0.6,6.0,33,15,6.0,0.8
60,10,60,55,30,0,30,0,25,0,21,0.5,0.85,2.0,50,33,3.0,0.18
30,30,105,75,70,2,0,20,25,4,7,0.0,1.2,2.0,15,33,3.0,0.28
30,30,85,65,70,2,0,5,33,7,45,1.0,1.05,5.0,15,50,1.5,16.02
60,10,105,75,70,10,30,5,33,2,90,0.5,0.85,4.0,50,50,3.0,0.06
5,10,95,75,30,10,90,5,18,1,90,0.0,1.2,4.0,33,50,3.0,0.07
30,20,95,75,30,2,30,5,18,2,45,0.0,0.6,5.0,15,50,1.5,0.01
0,45,75,45,90,25,0,5,40,0,45,1.0,1.2,2.0,33,15,1.5,0.0
5,30,85,75,70,0,90,5,33,1,7,1.0,1.05,6.0,50,15,3.0,1.91
30,10,105,45,90,25,60,20,40,7,21,0.5,1.05,6.0,15,50,1.5,0.15
60,45,85,75,90,0,60,20,40,0,21,0.0,1.2,6.0,50,15,6.0,0.41
15,20,60,45,50,2,0,20,33,4,90,0.0,0.85,4.0,15,50,6.0,0.22
5,20,105,75,70,10,0,0,25,2,21,0.0,1.2,6.0,33,50,6.0,4.22
5,30,75,75,90,2,30,0,33,1,7,0.0,0.85,4.0,15,50,1.5,0.58
0,45,105,55,50,2,60,5,25,1,45,0.5,0.6,4.0,50,15,6.0,5.7
30,30,85,45,70,10,60,0,40,0,90,0.5,1.2,2.0,15,50,1.5,0.03
30,30,75,55,50,2,90,20,25,1,90,0.5,1.2,6.0,15,15,1.5,0.03
30,10,95,75,70,25,0,5,18,1,45,0.0,0.85,6.0,15,33,6.0,0.0
15,20,85,45,30,25,60,20,18,1,90,0.5,0.6,6.0,33,33,6.0,0.64
5,45,95,75,50,10,0,5,25,0,7,0.0,1.2,4.0,50,50,3.0,0.0
30,30,95,45,70,25,60,5,40,7,21,0.0,0.85,6.0,50,50,6.0,2.19
15,10,85,75,30,10,60,0,33,7,21,0.0,1.2,6.0,33,15,1.5,7.5
60,30,95,45,50,0,30,20,18,0,45,1.0,1.05,5.0,15,33,1.5,0.26
0,10,75,75,90,2,30,0,33,4,45,0.0,0.85,5.0,33,50,3.0,4.45
0,20,75,55,90,25,0,5,33,0,90,1.0,0.6,6.0,50,15,6.0,0.0
5,30,105,65,90,10,90,20,33,4,7,1.0,1.05,6.0,50,33,6.0,7.5
30,20,105,55,30,25,30,0,40,0,7,1.0,0.6,4.0,33,15,3.0,0.86
30,20,60,45,90,10,60,5,40,7,90,0.5,1.05,6.0,50,50,3.0,1.93
15,45,85,45,50,10,90,5,33,0,7,0.0,1.2,6.0,33,50,3.0,0.75
60,20,85,45,70,0,90,5,33,2,45,0.0,0.85,4.0,33,33,3.0,0.54
60,45,85,45,50,2,30,20,40,7,90,0.0,0.85,5.0,33,15,6.0,0.25
0,45,60,55,90,2,0,20,33,2,21,0.0,1.2,2.0,15,15,6.0,3.78
60,20,60,65,30,2,60,20,18,7,90,1.0,0.6,6.0,50,33,6.0,0.14
30,20,85,65,50,10,0,0,33,4,45,1.0,0.6,5.0,33,15,3.0,0.24
30,45,85,45,70,25,30,20,33,0,45,1.0,0.6,4.0,50,33,1.5,0.8
5,30,85,55,30,2,0,5,25,2,45,1.0,0.6,6.0,15,33,1.5,4.48
30,45,95,65,90,25,60,20,33,0,45,0.0,1.2,5.0,50,50,6.0,0.06
5,20,60,55,70,25,60,0,40,1,21,1.0,0.85,4.0,33,15,6.0,0.0
30,30,75,75,90,25,60,20,25,0,90,0.0,0.6,6.0,33,15,6.0,0.0
5,10,85,45,30,25,30,5,25,4,45,0.5,1.05,6.0,50,50,6.0,2.5
5,20,75,75,50,2,90,0,40,7,7,0.0,0.85,4.0,33,50,6.0,14.64
0,10,95,65,70,25,0,20,33,4,90,1.0,1.05,5.0,15,50,3.0,1.96
5,10,105,45,90,2,90,20,18,2,7,0.5,1.2,2.0,50,50,3.0,1.12
15,45,75,75,50,10,90,5,25,7,7,0.0,0.6,6.0,33,15,1.5,10.44
0,20,60,45,70,0,0,0,40,0,21,0.0,1.2,2.0,33,33,6.0,0.5
60,10,60,45,90,2,30,5,25,7,21,0.5,0.85,4.0,33,50,6.0,0.0
15,45,60,55,70,0,90,5,33,4,90,1.0,0.85,4.0,33,33,6.0,14.62
30,10,95,75,50,0,30,20,25,0,45,0.5,1.05,2.0,50,33,3.0,0.0
5,10,105,75,50,10,60,5,18,2,45,1.0,0.85,2.0,15,33,1.5,0.85
15,45,60,45,50,2,60,0,25,4,90,0.0,1.05,6.0,50,50,1.5,18.37
30,45,105,75,30,2,30,20,33,2,45,0.5,1.05,5.0,33,33,6.0,0.0
15,10,75,75,90,10,0,0,40,1,21,1.0,1.05,6.0,15,33,6.0,0.0
15,45,85,75,50,2,90,0,18,7,90,1.0,0.85,2.0,15,50,1.5,40.0
15,30,85,55,50,2,30,5,18,4,45,0.0,1.05,5.0,50,15,6.0,8.26
30,20,85,65,90,25,60,5,25,0,45,1.0,1.05,5.0,50,15,6.0,0.2
30,30,105,45,90,0,90,0,33,0,21,0.0,0.6,2.0,33,50,6.0,0.85
15,10,75,65,70,25,90,20,18,7,45,1.0,0.85,6.0,33,33,1.5,2.85
5,20,105,75,70,2,30,0,25,4,45,1.0,0.6,6.0,50,15,1.5,10.36
30,45,95,45,90,25,90,5,18,0,21,0.5,1.2,4.0,33,15,1.5,0.0
5,20,75,55,70,0,0,0,40,4,21,0.5,1.2,5.0,50,50,1.5,16.6
60,10,85,55,70,10,90,0,33,2,7,1.0,0.85,4.0,15,33,1.5,0.56
30,30,95,65,90,10,30,5,18,0,90,0.0,1.2,4.0,33,15,1.5,0.0
15,45,105,65,70,2,30,5,40,4,45,0.0,1.05,2.0,15,15,6.0,18.36
15,10,75,65,70,0,30,5,33,2,90,0.5,0.85,4.0,50,50,1.5,0.0
5,20,60,65,70,10,90,20,18,2,90,0.5,0.85,4.0,33,15,1.5,0.92
15,45,105,75,70,2,0,0,18,2,7,1.0,1.05,5.0,15,33,3.0,3.58
60,20,60,65,30,0,0,20,40,1,7,0.5,0.85,2.0,33,15,1.5,0.0
15,20,95,75,90,2,0,0,40,7,7,1.0,1.2,2.0,15,50,6.0,32.5
30,30,75,65,90,0,90,20,18,1,90,1.0,0.85,4.0,50,15,3.0,0.34
15,20,75,45,90,0,0,0,25,0,21,1.0,1.2,5.0,50,50,3.0,0.08
15,20,75,65,30,0,60,0,18,4,90,0.5,0.6,2.0,33,15,3.0,0.0
15,20,60,45,90,25,30,0,25,1,21,0.0,1.05,2.0,15,33,1.5,0.45
5,20,60,65,90,2,0,0,18,0,7,0.0,1.05,5.0,15,15,6.0,0.0
0,20,75,55,70,2,90,0,25,1,21,1.0,1.05,5.0,33,50,3.0,3.41
5,45,85,65,90,25,0,0,33,7,90,0.5,0.85,5.0,15,50,1.5,12.4
60,30,75,75,90,25,30,5,33,1,90,0.0,1.05,6.0,15,33,6.0,0.22
30,30,85,45,70,25,90,0,33,1,7,1.0,1.2,6.0,33,15,3.0,0.44
30,30,75,55,90,10,30,5,40,2,90,0.5,1.05,4.0,33,15,6.0,0.0
30,20,105,65,50,2,60,0,40,4,21,0.5,0.6,5.0,33,15,1.5,0.0
30,45,75,55,70,10,30,20,33,4,45,1.0,1.2,4.0,50,50,1.5,2.68
60,20,85,75,50,0,90,0,33,1,7,0.0,1.2,4.0,50,33,1.5,0.12
0,20,60,75,50,25,30,5,18,4,21,0.0,0.6,5.0,50,50,3.0,2.21
0,20,95,65,50,0,30,0,33,4,21,1.0,1.05,6.0,33,15,3.0,17.56
15,20,105,55,90,10,60,5,25,1,7,0.5,0.85,5.0,15,15,3.0,0.17
0,10,75,75,90,10,90,0,40,4,7,0.5,0.85,4.0,33,15,6.0,3.0
0,10,60,75,30,2,60,20,18,0,90,1.0,0.85,5.0,50,50,1.5,0.01
5,20,85,65,50,25,90,5,25,2,7,0.5,0.6,5.0,15,50,1.5,0.56
0,45,95,55,30,0,60,20,18,0,90,0.0,1.05,2.0,15,15,3.0,0.0
0,20,105,75,90,0,90,20,18,0,7,0.0,1.05,4.0,15,15,3.0,0.0
60,30,85,65,50,0,30,5,25,0,90,0.0,1.2,2.0,33,50,1.5,0.17
0,10,85,75,30,0,90,0,25,1,7,1.0,1.05,2.0,15,33,3.0,2.75
0,20,105,45,70,0,0,0,40,2,45,0.0,1.2,2.0,50,15,3.0,8.32
30,45,85,75,50,0,30,20,18,0,90,0.5,0.6,6.0,15,50,3.0,0.09
5,20,75,45,70,10,0,0,25,0,45,0.0,1.05,2.0,33,50,6.0,0.0
30,10,95,65,70,10,30,5,25,4,45,0.0,0.6,4.0,50,33,3.0,0.3
30,10,95,65,70,25,90,20,33,7,21,0.0,0.6,5.0,15,50,6.0,0.0
30,30,95,55,70,10,60,0,25,4,7,0.5,0.85,6.0,33,15,6.0,0.0
15,45,85,45,70,25,0,5,18,0,7,0.5,1.05,2.0,15,15,3.0,0.0
30,20,85,45,90,0,0,0,40,4,7,1.0,1.05,2.0,33,15,6.0,0.0
5,10,95,75,50,2,0,0,33,1,21,0.0,0.85,4.0,15,15,6.0,0.05
15,45,85,55,50,10,60,0,18,2,7,0.0,1.05,6.0,50,15,1.5,1.72
15,10,60,55,70,0,60,0,33,4,21,0.0,0.85,2.0,33,33,1.5,0.0
15,45,105,45,90,2,0,0,18,0,7,0.5,0.6,5.0,50,33,1.5,0.0
15,10,105,65,50,0,60,5,40,7,90,0.5,1.05,4.0,50,15,1.5,11.88
60,20,60,75,50,10,90,20,18,1,90,1.0,0.6,4.0,15,15,6.0,0.3
60,45,85,55,90,0,60,5,33,2,90,0.5,1.05,2.0,50,33,1.5,0.0
30,45,105,45,70,10,30,20,40,0,90,0.0,0.6,6.0,33,33,3.0,0.0
5,20,95,65,70,25,0,0,40,2,21,0.5,1.2,2.0,15,33,6.0,1.63
60,10,75,65,50,0,60,0,40,4,21,1.0,1.2,5.0,33,33,3.0,0.0
30,20,85,45,70,2,30,20,25,2,21,0.0,1.05,2.0,15,33,1.5,0.0
0,30,85,55,90,0,60,20,33,2,90,0.5,0.6,6.0,15,33,6.0,1.7
30,10,75,65,50,10,90,0,25,1,21,1.0,0.85,5.0,50,50,3.0,0.0
0,30,105,55,90,2,0,5,18,1,90,0.5,0.85,2.0,33,15,1.5,4.82
30,30,75,55,50,0,60,0,40,4,21,0.0,1.05,4.0,50,15,3.0,0.0
0,45,75,55,70,0,30,0,25,7,21,1.0,0.6,5.0,50,33,1.5,35.33
5,20,60,75,30,0,0,20,25,1,21,0.5,0.85,6.0,50,33,1.5,0.0
0,20,105,65,90,0,90,0,25,2,90,1.0,1.05,6.0,15,50,6.0,10.12
15,30,105,65,30,25,30,0,18,2,45,1.0,0.85,4.0,50,15,1.5,0.71
30,45,105,45,70,10,90,5,40,2,21,0.5,0.6,2.0,50,33,3.0,0.0
5,10,60,75,90,25,90,20,40,2,7,0.5,0.85,6.0,50,33,1.5,1.03
5,10,85,75,30,25,0,20,18,1,21,0.0,0.6,2.0,33,33,6.0,0.62
60,45,60,75,90,25,30,5,25,1,21,0.0,1.2,2.0,50,33,6.0,0.57
30,30,105,65,90,2,90,0,18,2,21,1.0,1.05,4.0,15,15,1.5,0.83
5,45,85,55,50,2,0,0,25,2,90,0.5,1.2,6.0,50,15,1.5,17.62
60,30,60,75,50,25,90,5,18,2,21,1.0,0.85,2.0,15,15,3.0,0.0
0,45,85,55,90,25,60,0,40,4,21,0.5,0.6,4.0,33,15,3.0,4.69
5,45,85,75,70,25,90,5,33,7,90,1.0,1.05,6.0,15,15,3.0,17.31
60,30,85,45,30,10,90,20,25,2,7,0.5,0.85,6.0,33,33,6.0,0.89
5,10,95,55,90,25,90,0,25,2,7,1.0,1.2,4.0,33,50,3.0,0.52
5,10,75,45,70,25,60,0,25,1,21,0.5,1.2,6.0,50,50,6.0,0.0
15,30,95,75,50,10,0,20,33,0,90,0.0,0.85,4.0,50,50,6.0,0.0
5,10,85,75,50,2,30,5,25,0,45,0.5,0.6,6.0,33,33,6.0,0.0
30,20,75,75,50,0,0,0,25,1,7,0.0,1.05,5.0,15,33,3.0,0.17
60,20,75,55,90,25,90,0,25,7,90,0.5,0.6,4.0,33,15,3.0,0.0
15,45,105,55,30,10,90,5,18,0,21,0.0,1.05,5.0,15,50,1.5,0.0
15,10,60,45,30,10,60,5,18,4,45,1.0,0.6,2.0,15,50,6.0,0.0
0,30,85,45,30,10,0,5,25,0,45,0.5,1.2,5.0,15,50,1.5,0.0
15,20,105,45,70,2,90,5,40,2,45,1.0,0.6,4.0,15,50,6.0,1.13
60,30,95,65,90,0,90,5,33,0,7,1.0,0.6,4.0,33,50,1.5,0.09
30,20,95,45,90,0,0,5,40,4,90,0.0,0.6,6.0,33,33,3.0,0.0
5,20,75,75,30,25,0,20,33,0,45,1.0,0.85,5.0,15,33,3.0,0.0
60,10,105,65,90,10,90,20,25,7,45,0.0,1.05,4.0,15,50,6.0,0.0
5,30,75,75,90,2,0,5,40,2,7,0.0,1.05,5.0,33,33,6.0,5.29
30,20,60,55,30,2,60,0,25,4,21,0.5,1.2,6.0,50,50,6.0,0.08
15,10,75,65,50,10,60,5,18,1,7,1.0,1.2,4.0,15,50,6.0,0.43
30,20,60,75,50,2,90,5,40,4,7,0.0,1.05,4.0,33,15,6.0,0.0
30,20,60,45,30,25,0,0,18,0,21,1.0,1.05,4.0,15,33,6.0,0.0
15,45,75,45,70,25,90,5,18,7,90,0.0,1.2,2.0,33,33,6.0,12.89
30,45,95,75,70,0,90,20,25,1,45,0.5,0.6,2.0,50,50,3.0,0.0
5,20,85,55,90,10,30,5,25,1,21,0.0,0.6,5.0,15,50,6.0,0.1
15,45,75,75,30,0,60,5,18,0,45,0.0,0.6,2.0,15,33,6.0,0.01
5,45,60,45,30,2,90,5,25,2,90,0.5,1.2,4.0,15,33,3.0,11.16
15,45,60,55,30,10,90,5,18,2,90,0.0,1.2,6.0,33,50,1.5,1.73
5,10,75,45,90,2,90,5,33,1,21,0.5,1.2,5.0,33,50,1.5,0.59
5,30,60,45,30,2,0,20,40,0,7,0.5,1.2,2.0,33,15,6.0,0.0
0,30,85,55,50,25,0,5,25,0,21,0.0,1.05,6.0,50,15,3.0,0.0
5,10,60,45,30,0,0,20,25,0,90,1.0,0.6,2.0,33,50,1.5,0.0
5,20,85,65,30,10,30,20,18,7,21,0.0,1.05,4.0,50,33,3.0,5.44
30,45,75,45,30,2,30,20,40,7,7,0.5,1.05,6.0,50,33,3.0,9.15
0,30,75,45,30,0,60,20,25,1,7,1.0,1.2,6.0,15,50,3.0,1.37
5,10,105,45,70,2,90,20,25,4,90,1.0,1.05,2.0,50,15,3.0,2.25
30,45,95,45,90,25,90,0,25,4,21,0.5,1.05,2.0,15,50,6.0,1.04
5,45,95,55,50,2,90,5,40,4,7,1.0,0.85,6.0,50,33,1.5,25.07
30,30,75,55,30,25,60,20,25,2,7,0.0,1.05,5.0,50,33,3.0,0.0
60,45,95,65,30,2,60,20,18,2,7,0.0,1.05,2.0,33,15,3.0,0.12
15,45,105,55,30,2,60,5,33,0,90,0.0,0.6,5.0,50,33,1.5,0.68
0,10,105,55,70,10,30,20,40,7,90,0.5,1.2,2.0,50,15,6.0,4.74
0,20,105,55,30,0,0,20,25,2,7,0.0,1.2,2.0,33,33,1.5,1.04
30,30,75,55,50,2,30,5,25,0,7,0.5,0.85,2.0,15,33,6.0,0.0
5,10,75,65,50,25,90,0,33,7,90,0.5,0.85,6.0,50,50,3.0,3.22
15,45,60,65,70,25,60,5,40,2,7,1.0,1.2,6.0,15,33,6.0,1.41
15,30,85,55,70,10,0,5,40,4,90,0.5,0.85,5.0,50,15,3.0,2.92
15,45,75,75,90,2,90,5,33,7,45,0.0,0.85,2.0,50,33,3.0,26.45
15,45,60,65,50,2,90,20,25,2,45,0.0,1.2,5.0,50,15,3.0,1.9
15,30,60,65,30,2,60,5,40,1,7,0.0,1.2,4.0,33,15,6.0,0.12
5,10,95,75,50,25,30,20,33,2,45,1.0,0.6,4.0,50,15,1.5,0.0
15,10,85,45,50,0,60,5,18,1,7,0.5,0.85,5.0,15,15,1.5,0.21
30,30,75,55,90,10,30,0,18,0,21,0.0,1.05,2.0,33,15,3.0,0.0
15,20,105,75,90,2,60,0,18,7,45,0.5,0.85,4.0,50,50,6.0,22.82
15,30,85,65,30,10,90,0,18,7,21,0.5,0.6,2.0,33,50,3.0,12.64
5,45,60,75,50,25,30,20,18,4,90,0.0,0.85,6.0,33,33,1.5,5.85
5,10,85,75,70,25,30,5,33,0,21,0.5,0.6,5.0,50,15,6.0,0.72
30,20,60,45,90,2,0,20,40,1,7,0.0,1.05,2.0,33,50,3.0,0.0
0,30,85,45,70,2,30,20,40,4,21,1.0,0.6,4.0,15,33,1.5,3.97
60,10,85,65,30,10,30,0,25,2,21,0.5,1.05,5.0,15,50,1.5,0.0
60,20,75,45,50,10,30,5,33,2,90,0.5,1.2,4.0,50,50,1.5,0.35
60,10,85,65,50,0,30,20,33,1,90,1.0,1.05,4.0,15,15,6.0,0.29
5,45,95,45,30,10,0,5,25,7,7,1.0,1.2,4.0,33,33,1.5,33.99
5,10,95,55,30,0,90,0,25,1,7,1.0,0.85,6.0,50,15,3.0,0.0
30,20,95,75,90,0,0,5,25,7,90,0.5,0.6,6.0,50,33,3.0,0.48
0,30,75,45,70,10,60,0,18,1,7,0.0,1.2,4.0,50,33,6.0,2.42
60,10,75,65,70,0,30,20,33,7,90,0.5,1.2,2.0,15,50,1.5,0.0
5,30,95,75,70,10,0,20,25,1,90,1.0,0.6,2.0,15,15,6.0,0.67
5,45,75,45,30,10,0,0,25,2,90,0.0,0.6,5.0,15,15,1.5,4.53
60,20,85,55,50,0,30,20,18,4,7,1.0,1.2,4.0,33,15,1.5,0.36
60,10,95,55,90,0,90,20,33,4,90,0.5,0.85,2.0,15,15,3.0,0.26
0,10,95,45,90,0,90,0,33,7,45,0.0,1.05,2.0,15,15,3.0,12.88
0,30,60,45,30,10,60,5,33,2,90,1.0,1.2,4.0,50,33,3.0,4.86
60,20,95,75,90,0,30,5,40,0,90,0.0,1.2,4.0,50,33,3.0,0.79
0,20,95,75,90,2,0,5,33,4,21,0.5,0.6,4.0,50,50,3.0,6.8
0,20,75,55,70,25,0,5,33,4,90,0.0,1.2,6.0,15,50,1.5,2.5
0,30,60,45,90,25,0,20,33,1,7,0.5,0.85,5.0,50,15,1.5,0.0
30,20,95,65,90,0,60,5,33,4,90,1.0,1.2,2.0,15,33,6.0,0.0
60,20,60,45,70,2,90,20,25,4,21,1.0,0.6,5.0,50,15,6.0,0.83
60,10,75,75,30,25,60,20,25,2,7,0.0,1.05,2.0,33,50,6.0,0.0
5,10,60,75,50,2,30,5,40,0,21,0.0,0.6,2.0,33,50,6.0,0.17
0,45,85,75,70,25,60,20,40,7,7,0.5,0.85,4.0,15,33,1.5,10.9
0,30,105,75,70,25,60,20,18,7,7,0.0,1.2,2.0,33,15,6.0,12.01
15,45,75,45,90,2,0,0,40,2,45,0.5,0.85,6.0,15,33,6.0,0.0
15,45,75,75,30,0,30,20,18,4,21,1.0,0.6,2.0,15,50,1.5,2.21
30,30,75,55,30,25,30,20,25,4,7,0.0,0.6,6.0,50,50,3.0,0.0
15,10,60,65,30,2,90,20,25,7,45,1.0,1.05,5.0,50,33,6.0,3.21
5,10,75,75,70,2,30,0,33,2,7,0.5,1.05,2.0,50,50,6.0,2.88
5,30,105,45,70,25,90,0,18,1,21,0.5,0.6,2.0,50,50,3.0,0.07
15,30,60,55,70,10,30,0,33,4,21,0.0,0.85,2.0,33,50,3.0,5.21
60,30,105,45,90,10,60,20,40,1,45,1.0,0.6,4.0,50,15,3.0,0.0
5,30,60,75,90,0,0,0,25,7,90,0.0,1.2,6.0,15,33,6.0,36.09
5,10,95,55,70,0,30,5,25,1,21,1.0,1.05,2.0,50,50,6.0,0.7
5,10,95,55,50,2,90,5,33,0,7,1.0,0.6,5.0,33,33,1.5,0.0
15,30,75,45,50,10,30,5,18,7,45,0.5,1.2,5.0,50,15,1.5,15.8
0,30,95,65,30,10,0,5,40,2,21,1.0,0.6,4.0,33,15,3.0,2.69
15,20,85,65,30,0,30,5,18,0,7,1.0,0.85,5.0,33,33,6.0,0.0
60,20,60,55,50,25,90,20,40,4,90,1.0,0.85,4.0,50,33,1.5,0.83
5,45,60,65,30,0,30,20,18,7,21,0.5,0.85,5.0,50,50,1.5,10.86
5,20,85,75,50,2,60,20,25,1,45,0.0,1.2,5.0,15,50,6.0,0.59
30,45,105,65,30,25,60,5,25,2,21,1.0,0.85,6.0,50,15,6.0,0.0
15,20,85,45,70,2,60,20,33,4,7,0.0,1.2,6.0,33,33,1.5,1.94
15,10,95,75,70,0,60,5,18,7,21,0.0,0.6,5.0,33,15,6.0,4.25
15,30,105,75,90,25,90,5,33,4,7,0.5,0.6,6.0,50,50,1.5,1.2
30,10,60,65,90,0,0,0,25,7,45,1.0,1.2,2.0,33,33,3.0,0.25
15,10,85,45,90,0,0,5,40,2,45,1.0,0.85,4.0,33,50,1.5,0.0
15,45,105,65,30,10,60,0,33,4,90,1.0,0.85,6.0,33,33,1.5,15.58
15,20,105,75,30,25,30,5,40,0,45,0.0,0.85,5.0,15,50,1.5,0.59
60,30,95,75,50,25,60,20,18,4,21,1.0,1.05,4.0,50,33,6.0,0.5
5,30,105,65,50,0,0,0,18,1,90,1.0,1.2,5.0,15,50,6.0,3.07
5,10,85,65,50,25,90,5,40,4,7,0.0,1.2,5.0,33,15,1.5,2.67
5,30,85,65,50,10,90,20,40,1,21,0.0,0.6,4.0,15,15,3.0,0.0
30,45,60,75,30,25,30,0,40,2,45,0.5,1.2,6.0,33,15,6.0,0.0
5,45,95,65,30,25,90,5,40,2,45,1.0,1.05,4.0,33,50,6.0,5.01
15,20,105,65,50,25,90,5,18,1,90,0.5,1.2,6.0,50,33,3.0,1.0
0,45,95,75,70,0,60,20,40,2,21,0.5,0.6,2.0,33,33,1.5,2.82
5,10,105,45,30,0,60,20,18,4,45,0.5,1.05,4.0,15,50,3.0,2.16
60,30,95,65,50,10,30,0,25,4,90,0.0,0.6,2.0,33,33,1.5,0.0
60,10,60,45,50,10,60,5,18,0,90,0.5,0.6,2.0,50,15,6.0,0.45
30,30,95,75,30,10,60,5,40,4,7,1.0,1.2,6.0,50,15,3.0,0.0
30,45,95,75,50,0,60,20,25,2,90,0.5,1.05,2.0,50,50,6.0,0.72
5,20,60,55,50,25,90,5,18,2,45,0.5,0.85,6.0,15,15,1.5,1.44
15,10,85,45,50,0,90,5,18,2,90,0.5,1.2,4.0,15,50,6.0,0.2
60,30,75,65,90,10,60,0,18,1,45,1.0,1.05,5.0,15,15,6.0,0.0
5,20,105,75,50,10,0,20,40,4,45,0.5,1.2,5.0,15,15,1.5,6.23
0,20,60,55,70,10,30,5,40,2,7,0.5,0.85,5.0,50,15,6.0,2.02
0,45,105,65,70,0,60,20,18,1,90,0.5,1.05,2.0,33,33,3.0,2.54
60,20,60,55,70,0,0,20,18,1,7,0.5,1.2,4.0,33,15,6.0,0.0
60,20,85,55,30,10,90,20,25,0,7,0.0,0.6,5.0,15,33,1.5,0.0
15,45,60,55,50,0,60,20,33,2,21,0.0,0.6,5.0,15,15,1.5,1.46
0,30,85,45,90,25,0,20,18,0,90,0.5,1.05,5.0,33,33,3.0,0.0
5,30,85,65,30,2,0,0,40,7,45,0.5,0.85,2.0,33,33,6.0,28.89
0,10,60,75,30,25,90,20,18,0,7,1.0,0.85,4.0,50,33,1.5,0.08
60,20,95,55,50,0,90,5,40,1,90,1.0,1.2,4.0,15,50,1.5,0.0
15,45,105,45,30,0,60,20,25,1,45,0.5,0.85,4.0,50,50,3.0,0.32
5,10,60,75,70,10,90,20,25,2,21,1.0,1.2,2.0,15,50,3.0,0.89
0,30,85,55,30,10,0,20,25,7,90,0.0,1.2,2.0,33,50,1.5,10.44
5,30,60,75,70,10,90,5,40,4,45,0.0,0.6,5.0,15,50,6.0,5.15
60,30,95,75,70,2,0,0,40,2,45,0.5,0.85,4.0,50,50,3.0,0.0
30,45,85,75,50,0,30,5,18,4,21,0.0,0.6,2.0,15,50,1.5,0.0
60,45,60,65,90,10,90,0,18,1,7,0.0,1.05,2.0,50,50,3.0,0.38
15,20,105,55,70,10,0,20,18,2,90,1.0,0.6,5.0,15,33,3.0,0.0
5,20,105,65,30,25,90,0,18,7,45,1.0,0.85,4.0,50,50,3.0,6.28
15,45,105,75,70,25,30,20,25,2,21,0.0,0.85,2.0,15,50,1.5,0.04
5,20,85,55,30,25,60,5,33,4,90,0.5,1.2,2.0,50,33,3.0,4.05
30,30,85,65,90,10,30,0,25,2,21,0.0,1.2,5.0,33,50,6.0,0.57
15,20,105,75,70,25,60,0,18,2,90,1.0,0.85,6.0,33,33,1.5,0.39
60,45,95,65,70,2,60,20,40,2,45,0.0,1.05,6.0,33,15,6.0,0.0
30,45,105,75,50,0,0,20,25,2,21,0.0,0.6,6.0,15,15,1.5,0.02
30,20,75,65,50,2,60,20,25,2,21,0.5,1.2,6.0,50,15,6.0,0.0
60,30,95,45,30,0,60,0,25,1,45,1.0,0.6,2.0,33,15,3.0,0.0
60,45,95,75,30,10,60,5,33,4,7,0.5,0.85,4.0,33,15,6.0,0.0
30,45,85,75,50,25,30,0,33,1,90,1.0,1.05,2.0,15,50,6.0,0.35
15,45,95,55,70,0,30,0,33,2,21,1.0,0.85,2.0,50,33,3.0,0.5
15,30,105,55,30,2,90,0,40,2,21,1.0,1.05,6.0,33,50,6.0,0.0
0,45,105,45,90,10,0,20,18,7,7,0.5,1.2,5.0,33,15,1.5,21.01
60,30,85,45,70,2,60,0,18,4,45,1.0,0.85,4.0,50,50,3.0,0.0
30,45,95,65,90,10,0,5,18,2,45,0.5,1.05,4.0,50,33,1.5,0.0
30,45,95,45,70,25,30,0,18,7,45,1.0,0.6,6.0,33,50,1.5,4.22
5,30,105,75,90,0,0,20,18,0,7,0.5,1.05,6.0,33,15,3.0,0.23
60,30,75,45,70,25,30,0,33,2,90,1.0,1.05,6.0,33,15,1.5,0.0
30,30,60,75,70,10,90,0,33,1,21,0.0,1.05,5.0,33,50,1.5,0.6
60,30,95,65,90,10,0,20,40,4,7,0.0,1.05,2.0,15,33,1.5,0.06
15,45,60,65,30,25,0,5,40,7,90,1.0,0.6,5.0,50,33,6.0,9.27
60,45,75,65,30,10,60,20,33,0,21,0.5,1.05,5.0,50,33,1.5,0.08
60,45,60,45,30,25,60,20,18,0,7,0.5,0.6,6.0,33,50,6.0,0.08
15,10,95,75,50,10,60,20,18,4,21,0.0,1.05,4.0,50,50,6.0,0.0
5,30,75,75,90,2,60,20,33,7,90,0.0,1.2,2.0,33,15,1.5,9.23
60,20,85,45,50,2,60,0,25,7,7,0.0,1.05,4.0,15,50,3.0,0.36
30,30,105,55,90,25,30,5,40,7,90,0.5,0.6,5.0,50,15,1.5,0.52
0,10,95,55,70,25,60,20,25,4,7,1.0,0.85,5.0,15,50,3.0,1.96
60,30,60,55,90,25,0,0,25,1,21,0.0,0.6,5.0,50,50,1.5,0.81
15,20,95,45,30,25,30,5,33,4,45,0.5,1.05,5.0,33,33,6.0,1.83
15,30,85,45,30,0,60,0,25,4,90,0.0,0.6,5.0,15,15,1.5,4.09
60,10,105,55,90,25,60,0,33,4,7,0.5,1.2,4.0,15,15,1.5,0.0
5,20,85,65,30,0,0,0,40,1,21,0.5,0.6,4.0,15,50,3.0,0.61
30,30,95,75,30,0,90,20,40,4,7,1.0,0.85,6.0,33,15,6.0,0.0
30,45,60,75,50,0,90,0,18,2,90,1.0,0.6,5.0,15,50,3.0,0.0
60,20,60,55,50,25,60,20,33,4,45,1.0,1.2,6.0,33,15,6.0,0.0
15,20,105,45,90,10,0,20,40,0,21,0.5,0.85,5.0,50,15,6.0,0.0
60,45,60,45,30,10,0,0,40,7,21,1.0,1.2,6.0,15,33,3.0,6.82
5,10,105,55,90,2,60,0,40,0,21,0.0,0.6,6.0,50,50,1.5,1.13
60,45,85,65,30,2,30,0,33,7,21,1.0,1.05,4.0,50,50,6.0,2.09
30,20,85,45,90,10,60,5,40,7,21,1.0,1.05,2.0,15,15,6.0,3.11
0,30,60,45,50,2,30,0,33,2,90,1.0,0.6,4.0,33,50,3.0,7.08
0,45,60,55,30,10,90,20,40,0,45,0.0,0.85,5.0,50,33,1.5,0.68
15,10,95,65,50,10,30,0,40,4,45,0.0,1.2,6.0,33,33,6.0,0.0
30,30,75,65,70,25,30,0,40,1,7,0.0,0.85,4.0,33,50,3.0,0.07
30,30,95,65,70,0,0,5,33,7,7,1.0,1.05,6.0,50,15,1.5,17.86
30,10,85,65,50,25,0,5,33,7,45,0.5,1.2,2.0,15,15,1.5,0.0
30,45,95,65,90,10,60,20,33,4,45,0.5,0.85,6.0,15,15,3.0,0.0
60,30,85,45,50,0,60,20,40,7,45,1.0,1.2,2.0,33,33,6.0,0.0
60,20,95,45,50,2,90,20,40,0,90,0.5,1.2,6.0,50,33,3.0,0.7
60,45,75,75,50,25,90,20,25,4,7,1.0,0.6,2.0,33,15,3.0,0.19
0,20,105,75,50,2,0,5,25,2,21,0.0,0.85,4.0,50,15,1.5,4.63
60,20,85,65,90,0,90,20,18,4,45,1.0,0.85,2.0,33,50,3.0,0.0
5,20,85,75,90,10,30,20,33,0,21,1.0,1.05,4.0,33,50,1.5,0.48
15,30,105,65,70,25,60,0,18,0,7,0.5,0.85,5.0,33,33,1.5,0.1
60,10,85,55,90,25,60,0,33,2,7,0.5,1.2,6.0,50,33,1.5,0.0
60,20,75,45,50,0,90,0,18,7,45,1.0,1.2,6.0,15,50,6.0,0.0
5,45,105,75,50,25,30,20,18,2,21,0.5,1.05,6.0,15,50,1.5,3.94
30,30,85,45,90,0,30,0,25,7,7,0.5,0.6,2.0,33,15,6.0,2.65
0,20,105,75,70,10,0,0,18,1,21,1.0,0.6,2.0,50,33,3.0,1.38
0,45,85,75,50,0,0,5,40,4,21,0.5,1.05,2.0,15,33,1.5,28.48
30,45,85,65,50,0,30,20,40,0,90,1.0,1.05,5.0,50,50,1.5,0.2
15,45,75,55,50,25,0,5,18,0,45,0.5,1.2,4.0,15,15,3.0,0.62
30,10,85,65,30,25,0,0,33,0,7,1.0,1.2,6.0,50,33,6.0,0.47
15,10,105,55,30,0,30,20,33,1,21,0.0,0.85,6.0,15,33,6.0,0.51
5,45,105,65,50,0,60,20,33,2,7,0.0,1.2,4.0,50,50,3.0,5.28
0,45,85,75,70,0,60,0,33,7,90,0.0,1.2,4.0,33,15,3.0,40.0
60,10,105,55,30,2,60,20,40,4,21,1.0,1.2,6.0,33,15,3.0,0.0
5,30,85,75,90,2,90,5,40,0,45,0.5,1.05,4.0,50,50,6.0,0.68
0,20,105,45,50,10,0,20,33,1,45,0.5,1.2,2.0,50,15,6.0,1.67
60,10,95,65,90,2,90,5,25,2,21,0.5,1.2,4.0,15,33,3.0,0.13
60,20,60,55,90,2,0,20,18,2,7,0.0,1.05,4.0,33,15,1.5,0.23
30,20,75,75,70,0,60,5,33,4,7,0.0,0.6,5.0,15,50,1.5,0.0
5,30,105,65,90,10,30,0,25,2,90,1.0,1.2,6.0,33,15,3.0,9.42
5,20,95,55,70,25,30,5,33,0,7,1.0,0.85,4.0,50,50,1.5,0.67
60,10,60,75,70,25,90,0,33,2,21,0.5,1.2,4.0,50,50,3.0,0.0
0,30,75,55,30,25,90,20,25,0,90,0.5,1.05,5.0,50,15,6.0,0.67
5,30,75,75,30,10,60,0,25,2,21,1.0,1.2,4.0,33,33,1.5,7.25
60,10,75,55,30,25,30,5,33,1,21,0.0,0.85,4.0,33,33,1.5,0.89
5,20,85,75,70,0,60,0,40,1,7,0.0,0.85,5.0,15,33,1.5,0.0
5,30,60,45,90,0,60,5,33,7,90,0.0,1.05,2.0,33,15,1.5,25.35
15,30,95,65,30,0,30,5,33,0,21,0.5,0.85,2.0,33,50,1.5,0.0
15,10,85,55,70,10,0,20,40,0,45,1.0,1.2,5.0,33,33,1.5,0.0
30,45,75,55,50,10,90,0,18,4,7,1.0,1.2,4.0,15,50,6.0,7.42
30,20,85,55,30,0,90,5,18,2,7,0.5,0.85,2.0,33,50,6.0,0.0
30,30,95,75,90,0,60,0,25,4,7,1.0,0.6,2.0,15,15,1.5,0.74
30,10,60,55,50,25,0,20,25,0,45,0.5,0.6,6.0,15,50,6.0,0.0
0,45,105,75,70,0,60,5,18,2,7,1.0,1.2,5.0,33,50,6.0,20.89
5,10,60,75,50,25,30,0,18,2,90,0.0,0.85,6.0,15,33,3.0,0.0
15,10,95,55,30,2,0,5,40,7,45,0.0,1.05,5.0,33,50,6.0,8.37
0,30,95,75,70,0,90,5,40,4,45,0.0,1.05,6.0,15,15,3.0,17.81
15,30,95,45,70,10,90,0,33,1,7,1.0,0.6,6.0,15,50,1.5,0.13
15,30,95,65,50,2,90,20,40,4,21,0.0,0.85,2.0,33,33,6.0,2.28
60,45,60,55,90,0,60,5,40,1,7,0.0,0.85,5.0,50,15,1.5,1.19
15,30,85,45,30,10,60,20,18,7,7,1.0,0.85,6.0,33,50,3.0,8.4
5,45,75,65,90,0,90,0,18,1,45,0.0,0.85,2.0,15,15,6.0,2.78
5,30,105,55,30,25,60,0,40,7,90,0.5,1.05,6.0,33,15,6.0,11.94
60,45,75,65,30,25,30,0,33,1,90,0.5,1.2,2.0,15,15,1.5,0.0
15,10,85,75,90,25,0,0,33,0,45,1.0,0.6,5.0,15,50,6.0,0.26
5,10,85,45,90,25,90,0,18,1,21,1.0,0.85,6.0,50,50,3.0,0.08
60,10,105,75,50,25,0,5,25,4,90,1.0,1.05,5.0,33,33,1.5,0.0
0,20,75,65,50,10,90,0,18,1,90,0.0,1.2,2.0,33,33,1.5,2.09
0,10,75,75,90,0,60,0,25,7,90,0.0,1.2,2.0,15,33,3.0,12.19
0,10,60,55,70,25,30,5,40,4,21,0.5,0.6,2.0,15,33,1.5,0.92
0,10,60,45,70,0,60,0,25,1,45,1.0,0.6,6.0,50,50,1.5,1.44
15,30,95,45,70,25,0,20,33,0,90,0.5,0.6,5.0,50,50,3.0,0.0
5,10,85,65,90,10,60,5,25,1,90,0.5,1.2,5.0,15,33,6.0,0.0
15,10,75,55,90,10,60,20,40,0,21,0.0,0.6,4.0,33,50,6.0,0.0
30,30,60,45,90,0,30,0,40,4,45,0.0,0.6,2.0,33,33,3.0,0.31
5,10,60,45,30,25,60,5,40,0,21,0.5,0.85,6.0,15,33,3.0,0.4
15,45,95,65,90,10,60,20,18,4,7,1.0,0.85,6.0,15,15,1.5,5.85
30,45,60,45,90,25,30,20,40,2,45,1.0,0.85,4.0,15,33,6.0,0.92
0,45,60,75,30,0,60,20,18,1,7,0.5,1.05,5.0,15,33,3.0,2.64
60,45,95,65,50,2,30,20,33,7,90,1.0,1.05,5.0,15,15,6.0,1.06
0,20,75,65,50,0,0,5,25,4,90,0.5,0.85,6.0,50,15,6.0,8.89
60,45,95,55,30,25,30,20,33,4,21,0.5,1.2,4.0,15,50,6.0,0.43
30,30,75,55,90,25,90,20,18,2,7,0.0,1.05,4.0,15,33,6.0,0.0
30,45,60,75,30,10,60,20,18,4,21,0.5,1.2,4.0,15,50,1.5,2.2
30,20,85,65,90,10,90,0,40,0,7,0.5,1.05,5.0,33,15,1.5,0.29
60,20,85,55,90,0,90,5,25,2,45,0.0,0.6,5.0,15,50,1.5,0.0
0,10,60,45,30,10,90,0,40,0,90,0.0,1.05,5.0,50,50,6.0,0.11
60,10,75,45,50,0,0,20,25,1,45,1.0,1.2,2.0,50,50,6.0,0.42
30,20,75,55,30,0,60,20,33,7,7,0.5,1.2,4.0,50,33,3.0,1.41
15,45,60,55,50,0,30,0,18,4,21,0.0,1.2,5.0,15,33,3.0,24.51
5,10,75,55,90,10,0,20,40,7,21,0.5,0.85,5.0,50,50,6.0,2.72
0,45,95,75,70,0,30,0,25,7,7,1.0,0.85,4.0,33,15,6.0,40.0
30,45,60,55,90,2,90,20,33,7,45,0.0,0.85,5.0,15,50,3.0,6.4
15,30,85,65,50,25,90,20,18,0,7,0.5,0.85,4.0,15,33,3.0,0.77
0,30,105,75,90,0,60,5,33,7,7,1.0,1.2,4.0,33,50,3.0,40.0
60,10,75,65,30,2,0,20,33,4,21,0.5,0.85,2.0,33,15,6.0,0.49
0,20,75,55,70,10,0,20,18,1,45,0.5,1.2,6.0,15,50,3.0,0.88
60,20,105,65,90,10,60,0,25,2,90,0.5,0.6,2.0,15,33,6.0,0.1
30,10,75,75,50,10,90,20,40,4,7,0.0,0.85,5.0,50,33,6.0,0.49
5,20,75,45,30,0,60,5,25,0,21,1.0,0.85,5.0,50,50,1.5,0.0
5,10,60,75,50,0,30,20,40,1,90,0.5,1.05,5.0,15,15,1.5,0.0
30,20,60,45,90,0,60,0,40,2,7,0.5,0.85,6.0,50,50,3.0,0.03
30,30,60,55,70,10,60,0,18,0,45,0.0,0.6,2.0,50,33,6.0,0.0
60,30,75,55,90,2,30,20,18,0,21,0.5,0.6,6.0,15,15,1.5,0.0
60,20,60,55,70,2,60,0,40,2,21,1.0,0.6,6.0,50,15,6.0,0.26
0,10,95,75,50,0,90,5,40,7,90,1.0,1.05,2.0,15,15,1.5,13.09
15,10,60,75,30,25,90,5,40,0,7,1.0,1.05,5.0,50,33,6.0,0.4
0,10,85,45,90,25,60,0,40,1,7,1.0,0.85,5.0,15,15,3.0,1.36
60,45,105,75,30,2,0,5,25,2,45,0.0,0.85,4.0,15,50,6.0,0.04
0,30,105,55,90,25,60,0,33,2,7,1.0,1.05,6.0,33,15,3.0,3.78
60,30,60,45,30,0,60,0,33,2,90,0.0,1.2,6.0,50,50,6.0,0.0
60,20,95,45,50,0,90,5,18,1,7,0.5,1.05,2.0,50,50,3.0,0.46
0,30,75,55,50,10,60,20,33,2,21,0.0,1.05,5.0,50,33,3.0,2.67
15,45,95,45,30,2,90,20,25,0,45,0.5,1.2,6.0,15,33,3.0,0.0
0,10,95,45,70,25,0,0,33,1,21,0.0,0.85,4.0,33,50,6.0,1.26
60,45,60,45,50,10,90,5,18,1,21,0.0,1.2,5.0,33,15,6.0,0.28
60,45,105,55,90,0,60,20,40,0,21,0.0,1.2,5.0,15,50,3.0,0.25
60,45,105,45,70,2,90,5,25,0,7,1.0,0.6,6.0,15,33,6.0,0.0
60,30,85,65,90,10,60,5,18,0,90,0.5,0.85,6.0,15,33,6.0,0.65
15,30,75,65,90,10,0,20,40,0,45,0.0,1.05,4.0,50,50,3.0,0.68
60,10,95,75,70,10,90,20,25,4,45,0.5,0.6,6.0,33,50,3.0,0.0
5,30,60,75,50,0,90,20,18,4,90,0.5,0.6,4.0,33,50,1.5,2.93
60,20,95,55,50,2,30,20,33,2,7,0.0,0.85,6.0,50,50,6.0,0.0
15,20,105,65,30,2,30,0,25,4,45,0.0,0.85,6.0,15,33,6.0,3.03
0,30,105,75,50,10,0,0,25,1,21,0.5,1.2,6.0,15,33,3.0,4.22
60,30,60,55,70,10,60,5,40,0,21,0.0,0.6,6.0,15,33,3.0,0.47
15,30,85,65,90,25,0,0,18,7,21,1.0,0.6,4.0,33,50,6.0,6.31
0,45,85,45,90,25,0,0,25,1,21,1.0,0.6,5.0,33,33,3.0,0.71
5,10,85,65,70,10,60,20,33,0,21,0.5,0.85,5.0,33,15,3.0,0.37
30,45,105,65,50,2,30,5,40,1,7,0.5,1.2,2.0,15,50,1.5,0.0
30,45,75,75,30,2,30,0,18,7,90,0.5,1.05,2.0,33,15,3.0,32.19
60,10,95,75,30,0,60,20,18,1,7,0.0,0.85,4.0,33,33,6.0,0.52
30,20,60,75,50,0,30,20,25,1,7,1.0,0.85,6.0,50,50,1.5,0.11
0,10,85,55,30,25,0,0,25,4,7,0.0,0.85,4.0,50,15,6.0,0.53
5,45,60,65,70,10,90,20,40,1,21,0.0,1.2,4.0,15,15,6.0,1.37
60,10,60,55,90,0,60,5,40,4,45,1.0,1.05,4.0,50,33,3.0,0.0
30,10,95,65,90,2,60,5,25,2,90,0.0,1.2,6.0,50,33,3.0,0.53
30,30,60,75,30,10,90,5,40,4,90,0.0,1.2,2.0,15,50,6.0,0.0
5,30,75,75,30,2,30,5,18,4,45,0.0,1.2,2.0,15,33,1.5,14.81
30,10,105,75,30,10,90,20,40,7,7,0.0,0.6,6.0,33,33,3.0,0.64
15,10,75,75,50,0,30,5,25,7,45,0.0,1.05,5.0,15,33,1.5,7.47
0,10,105,65,30,25,0,20,18,4,7,1.0,1.2,6.0,15,33,1.5,3.44
0,10,95,65,30,10,30,0,40,7,45,1.0,1.2,6.0,33,50,1.5,11.37
15,45,60,45,70,0,0,0,18,0,90,0.0,0.6,6.0,50,50,3.0,0.31
15,10,75,65,70,25,30,20,25,7,21,0.0,0.6,2.0,50,15,6.0,1.3
30,30,105,75,70,25,60,20,25,7,90,0.5,1.2,5.0,33,15,3.0,7.9
60,30,75,45,70,0,90,5,18,2,21,0.5,1.05,2.0,50,33,1.5,0.6
5,20,95,55,90,25,90,20,40,4,7,1.0,1.2,2.0,50,33,3.0,5.13
30,30,105,45,70,10,90,20,18,2,45,1.0,0.6,2.0,15,33,6.0,0.0
30,20,85,45,70,25,60,5,33,0,90,0.0,0.85,5.0,33,15,3.0,0.33
60,10,60,45,30,0,60,20,18,7,45,0.5,1.2,5.0,50,15,1.5,0.43
0,20,85,75,30,2,0,20,40,1,45,1.0,0.6,2.0,15,15,6.0,0.86
15,45,75,45,70,10,60,20,25,7,90,1.0,0.6,4.0,15,33,3.0,8.15
15,30,95,65,90,0,60,0,25,4,7,0.5,1.05,6.0,15,15,3.0,14.68
30,30,105,45,70,10,30,20,25,4,90,0.5,1.2,6.0,33,33,3.0,0.24
15,30,105,65,90,10,0,0,33,0,7,1.0,0.85,4.0,33,15,6.0,0.0
5,45,85,45,50,10,90,0,18,0,21,0.5,1.05,5.0,33,50,1.5,0.6
30,30,95,45,30,10,90,20,40,1,21,1.0,0.85,2.0,33,15,6.0,0.0
60,10,85,55,30,25,0,0,25,4,45,0.0,0.85,2.0,15,33,6.0,0.34
5,45,60,75,50,10,60,5,33,4,21,0.0,0.6,4.0,50,15,1.5,6.09
60,20,105,75,30,25,90,0,33,2,45,1.0,1.05,6.0,33,15,3.0,0.0
30,30,85,45,30,2,30,5,25,0,21,1.0,1.2,6.0,50,15,3.0,0.35
30,30,75,55,70,25,0,5,25,0,21,0.0,0.85,4.0,50,50,6.0,0.0
30,10,75,55,50,0,30,5,40,7,90,0.5,0.85,6.0,50,33,6.0,0.0
60,30,75,75,50,25,90,0,25,1,7,1.0,1.2,6.0,50,15,3.0,0.34
30,10,60,75,50,2,30,5,33,2,90,0.0,1.05,6.0,15,15,6.0,0.62
30,45,60,45,70,10,30,5,33,7,90,0.0,0.6,4.0,33,15,6.0,5.05
5,20,105,65,90,0,60,20,25,2,7,1.0,0.85,5.0,33,33,3.0,2.14
5,45,95,45,70,0,0,5,40,7,7,0.5,1.2,5.0,33,50,3.0,40.0
5,45,85,75,30,10,60,20,33,4,90,1.0,0.85,4.0,15,50,1.5,7.68
5,30,105,65,70,25,90,0,18,4,21,0.0,1.05,5.0,50,50,6.0,5.72
15,20,95,65,30,25,90,0,33,1,7,0.0,0.85,2.0,15,15,6.0,0.0
5,45,60,75,50,2,30,5,40,7,7,0.5,0.6,2.0,50,50,1.5,22.3
0,30,75,55,90,10,30,5,40,4,7,0.0,1.2,6.0,15,50,3.0,8.62
30,30,105,75,70,25,60,5,40,2,45,1.0,1.05,5.0,15,33,3.0,0.19
5,45,75,45,90,0,60,20,33,2,7,1.0,0.85,5.0,15,50,3.0,3.89
15,20,60,75,50,0,90,20,33,0,7,1.0,0.85,2.0,33,33,3.0,0.72
15,30,85,55,30,2,0,20,25,4,90,1.0,1.05,6.0,15,15,6.0,3.86
15,10,75,65,50,2,0,0,33,2,7,1.0,0.85,4.0,33,15,3.0,0.0
0,30,60,55,30,0,60,20,25,2,90,1.0,1.05,2.0,50,15,3.0,3.43
15,10,75,55,50,10,60,5,18,0,7,0.0,0.85,5.0,50,50,1.5,0.0
15,30,95,45,50,2,90,20,25,4,90,1.0,1.2,2.0,15,33,1.5,5.23
0,20,60,55,30,2,0,0,18,0,45,1.0,1.05,2.0,15,50,6.0,0.25
60,10,105,45,90,25,60,5,25,1,7,1.0,0.6,2.0,50,15,1.5,0.0
30,20,60,75,50,2,90,20,40,4,7,0.5,0.6,6.0,15,15,6.0,0.0
5,10,105,45,90,10,0,5,18,0,21,1.0,0.85,4.0,15,15,3.0,0.37
15,45,60,75,30,10,90,5,33,0,90,0.5,1.05,4.0,33,50,6.0,0.0
30,20,75,45,90,2,0,5,18,1,90,1.0,0.6,2.0,50,50,6.0,0.17
30,10,75,75,50,0,90,5,40,0,7,0.5,1.05,6.0,50,33,3.0,0.0
60,20,75,55,50,25,0,0,40,0,45,1.0,0.6,2.0,50,33,1.5,0.0
30,20,75,55,50,10,30,0,40,2,90,0.5,1.05,4.0,50,50,1.5,0.16
5,45,85,45,90,2,30,20,33,7,21,1.0,1.05,5.0,50,33,3.0,16.48
5,10,105,75,30,2,60,20,25,1,90,0.5,0.85,6.0,15,33,6.0,0.92
5,20,75,45,30,10,30,5,33,4,45,1.0,1.05,6.0,33,33,6.0,5.72
15,10,95,55,90,0,30,0,40,1,7,0.5,1.05,5.0,15,50,3.0,0.24
30,45,60,45,70,10,60,0,18,0,45,0.5,0.6,5.0,33,15,6.0,0.33
5,45,60,45,90,25,0,0,33,4,7,0.0,1.2,2.0,15,50,6.0,8.0
5,45,60,65,70,10,60,5,33,2,21,1.0,1.2,4.0,33,50,3.0,8.57
5,45,95,45,70,0,30,5,33,2,45,0.5,1.05,6.0,33,15,1.5,13.26
5,10,60,45,90,2,30,5,25,1,90,1.0,1.2,5.0,50,15,6.0,0.8
30,20,95,55,70,0,60,20,40,0,21,0.5,0.6,2.0,33,50,3.0,0.57
0,10,60,55,90,10,0,0,33,7,45,1.0,1.05,4.0,50,33,3.0,8.94
5,45,105,65,70,0,60,0,33,2,45,1.0,1.2,6.0,50,33,3.0,24.55
5,10,95,65,90,2,90,5,25,7,7,0.0,0.6,6.0,50,50,1.5,4.86
15,30,95,65,70,2,30,5,18,4,21,1.0,0.85,4.0,33,33,6.0,8.07
60,45,60,45,30,0,90,0,40,7,7,0.0,1.05,5.0,33,33,1.5,1.22
15,30,105,65,30,10,30,20,25,2,45,0.0,0.85,4.0,33,15,6.0,0.0
60,45,85,75,90,0,30,0,25,4,45,0.5,1.05,6.0,50,33,1.5,0.22
60,20,60,75,30,10,0,20,18,4,7,0.0,1.2,2.0,15,33,3.0,0.0
15,30,95,45,30,2,0,20,40,2,45,0.0,1.05,6.0,15,50,6.0,0.0
15,20,75,75,90,10,90,5,18,0,90,1.0,0.6,4.0,33,15,1.5,0.0
15,10,75,45,30,2,30,5,40,7,7,1.0,1.2,6.0,33,50,1.5,10.61
5,20,105,65,90,0,90,5,40,7,21,0.0,0.6,2.0,15,50,6.0,12.91
30,10,105,45,90,0,30,5,18,7,90,1.0,1.2,4.0,15,15,3.0,0.28
0,20,85,65,50,25,90,20,33,7,90,0.5,0.85,6.0,33,15,3.0,4.53
15,30,85,75,70,25,30,5,40,4,45,1.0,1.05,2.0,50,50,1.5,3.39
60,30,95,75,70,0,0,0,33,2,21,0.0,0.6,4.0,33,15,3.0,0.0
60,20,60,55,50,25,60,5,25,2,90,0.0,0.85,2.0,50,50,1.5,0.56
15,10,95,55,70,0,90,20,33,1,21,0.5,1.2,6.0,50,33,3.0,0.0
0,20,85,55,90,0,0,20,33,1,90,1.0,1.2,4.0,15,15,3.0,0.91
15,20,75,65,90,2,30,5,25,1,90,1.0,0.85,4.0,33,50,1.5,0.14
0,10,75,55,90,0,0,20,33,1,21,0.5,0.6,4.0,50,33,1.5,0.21
5,10,105,55,70,10,90,20,18,1,45,1.0,1.2,2.0,33,33,1.5,0.32
30,10,105,65,30,25,90,20,40,7,7,1.0,1.2,5.0,33,50,3.0,0.0
5,10,85,75,50,25,30,5,33,0,45,0.0,0.85,6.0,15,50,6.0,0.76
30,30,105,55,70,2,30,20,18,1,90,1.0,1.2,4.0,50,15,1.5,0.0
5,10,105,65,90,10,60,0,18,1,45,0.0,1.2,6.0,33,50,6.0,0.0
60,45,60,75,90,2,60,5,40,4,7,0.5,1.2,4.0,15,50,6.0,0.0
0,20,105,65,50,10,30,5,40,1,21,0.0,1.05,5.0,50,33,1.5,2.1
30,30,75,75,50,10,60,20,33,0,21,1.0,1.05,5.0,50,33,3.0,0.0
15,20,60,75,30,25,30,0,18,1,7,0.0,0.85,6.0,15,33,6.0,0.66
30,20,75,65,90,25,30,20,25,1,21,0.5,1.2,5.0,50,15,6.0,0.52
30,10,60,45,30,0,60,20,40,4,7,1.0,1.2,4.0,50,15,3.0,0.0
15,30,95,55,90,10,60,20,33,0,90,0.5,0.6,2.0,50,15,3.0,0.42
15,10,60,65,70,25,30,20,33,4,90,1.0,1.05,5.0,33,15,6.0,0.3
5,45,105,45,70,2,0,20,33,4,90,0.5,0.6,4.0,33,50,3.0,5.73
60,20,95,65,50,10,60,0,40,7,45,1.0,0.85,2.0,33,15,6.0,0.0
15,10,75,55,30,25,60,5,25,2,21,0.5,0.85,5.0,33,50,3.0,0.0
0,20,60,65,90,0,30,20,40,0,7,1.0,0.6,4.0,33,33,3.0,0.0
60,30,95,75,30,10,0,0,40,4,45,0.5,1.05,6.0,33,50,6.0,0.59
0,45,60,55,50,0,60,0,25,7,90,1.0,1.05,5.0,50,33,6.0,40.0
60,10,105,45,30,10,0,5,25,1,21,0.5,0.85,6.0,50,50,6.0,0.0
5,30,85,45,30,2,60,5,25,7,7,0.0,0.6,2.0,15,33,3.0,14.39
30,10,105,45,70,0,90,20,18,7,45,1.0,0.6,4.0,33,50,6.0,0.0
15,10,105,45,50,25,90,0,40,4,7,0.5,0.6,2.0,50,33,6.0,0.73
5,20,75,65,30,25,0,20,40,0,21,1.0,0.85,4.0,15,15,1.5,0.0
5,10,105,65,30,0,30,5,18,4,90,0.5,1.05,6.0,15,50,3.0,7.63
15,10,95,75,30,0,30,5,25,0,21,0.0,1.2,5.0,15,33,3.0,0.0
0,10,105,75,30,0,0,0,25,1,21,0.0,0.6,4.0,33,33,6.0,1.13
60,45,105,55,30,25,30,0,18,2,45,1.0,1.2,2.0,15,50,6.0,0.0
30,10,85,65,30,10,30,0,18,1,7,0.0,1.2,2.0,50,15,3.0,0.16
15,10,105,45,70,10,90,0,18,7,90,0.0,1.05,2.0,50,15,3.0,7.01
15,30,60,75,30,10,0,5,25,4,45,0.5,1.2,6.0,50,50,1.5,6.44
60,30,105,45,90,10,30,20,33,0,45,0.0,0.6,5.0,50,33,3.0,1.53
30,45,75,65,50,10,90,5,40,7,7,1.0,1.05,4.0,15,15,3.0,15.53
15,45,75,75,30,25,60,20,40,7,45,1.0,0.6,4.0,50,33,1.5,8.03
30,10,60,75,90,2,90,5,18,1,45,1.0,0.85,5.0,33,50,6.0,0.0
30,45,60,45,90,10,90,0,40,4,45,0.0,0.85,2.0,33,33,1.5,0.22
5,30,75,65,50,2,60,0,33,4,7,0.0,1.05,5.0,50,33,1.5,17.32
30,20,60,65,30,10,30,0,33,1,45,0.0,0.6,4.0,50,15,6.0,0.0
0,30,105,55,70,2,30,0,25,0,7,1.0,0.6,4.0,50,33,3.0,1.11
5,10,85,45,70,0,90,20,25,2,21,1.0,1.2,6.0,50,50,1.5,0.71
5,10,60,75,50,2,0,0,40,7,7,1.0,0.6,2.0,15,50,6.0,6.78
30,20,85,55,90,10,90,20,40,1,45,0.5,1.2,6.0,33,33,1.5,0.0
15,20,75,75,50,10,60,5,25,1,45,0.0,1.05,2.0,15,33,6.0,0.43
60,20,105,45,70,0,30,5,33,2,21,1.0,0.85,6.0,15,15,3.0,0.0
30,45,60,55,90,10,60,20,40,0,21,0.0,1.2,5.0,15,15,6.0,0.2
5,45,105,65,50,0,60,20,25,4,21,0.0,0.6,6.0,33,50,1.5,4.96
5,10,60,45,90,0,60,5,33,1,90,0.5,1.05,6.0,33,33,1.5,1.24
5,10,105,75,30,0,60,0,25,1,45,1.0,1.2,4.0,50,33,6.0,0.0
0,20,85,55,70,10,90,5,33,7,90,1.0,0.6,2.0,33,50,3.0,6.91
0,20,60,65,50,25,60,0,40,4,21,1.0,0.85,6.0,33,50,1.5,3.49
0,20,75,55,50,10,60,20,18,4,7,0.5,1.2,4.0,50,15,3.0,3.84
60,20,95,75,70,25,90,20,40,2,7,0.5,0.6,4.0,33,33,3.0,0.9
15,45,60,45,90,25,30,0,25,0,21,1.0,0.85,2.0,50,15,6.0,0.0
30,20,95,65,90,2,90,5,25,7,21,0.0,0.6,5.0,50,33,6.0,0.0
60,20,60,75,90,25,0,5,33,1,7,0.0,0.85,5.0,50,33,1.5,0.0
15,30,105,45,30,10,90,5,18,1,45,0.0,0.6,2.0,33,50,1.5,0.0
30,10,85,55,90,10,0,0,40,2,45,0.5,1.05,5.0,15,15,6.0,0.15
5,45,105,55,30,2,90,0,40,2,90,0.0,1.2,6.0,33,33,6.0,16.68
60,20,85,75,30,2,60,0,40,2,7,1.0,1.05,4.0,50,15,6.0,0.03
60,30,75,75,90,2,30,0,18,4,90,0.0,1.05,2.0,15,15,1.5,0.6
15,30,105,45,70,10,30,20,25,4,45,0.5,0.85,2.0,33,50,6.0,3.17
0,10,60,75,30,25,60,5,18,2,7,0.5,1.2,4.0,50,50,1.5,0.48
60,45,95,55,90,25,30,0,40,0,7,0.0,0.85,6.0,15,33,3.0,0.47
5,20,60,65,90,25,30,5,33,7,90,0.0,1.05,5.0,50,33,6.0,5.54
30,45,60,45,30,10,60,20,18,4,90,0.0,0.85,6.0,15,50,3.0,0.81
60,30,95,75,30,0,60,20,40,1,45,1.0,1.2,6.0,50,33,1.5,1.06
30,30,85,75,30,2,90,0,25,4,90,0.5,1.2,5.0,50,33,3.0,0.0
15,45,95,75,70,10,90,20,18,2,45,1.0,0.85,5.0,33,33,3.0,0.0
5,30,60,65,50,25,90,0,18,7,45,1.0,1.2,5.0,15,50,6.0,11.06
15,30,60,55,90,10,60,20,18,4,7,0.5,0.85,4.0,15,50,6.0,1.82
5,20,105,45,50,25,90,5,18,2,7,0.5,0.85,6.0,15,15,3.0,1.81
0,30,60,75,50,2,60,0,33,0,7,1.0,0.85,6.0,33,50,1.5,0.37
60,45,75,55,70,25,90,5,40,2,90,0.5,0.6,4.0,15,15,3.0,0.0
5,45,85,45,70,2,0,20,33,0,7,0.0,0.6,4.0,50,33,3.0,0.87
0,30,60,75,70,10,90,5,40,1,21,0.0,0.6,6.0,15,33,3.0,1.28
5,30,95,65,70,25,30,5,18,2,21,0.5,0.6,4.0,33,15,6.0,0.93
15,45,95,45,90,0,0,0,25,1,90,0.0,0.85,2.0,15,15,3.0,0.35
30,30,85,65,30,2,30,5,40,7,90,0.0,1.05,2.0,33,50,1.5,12.31
30,30,60,45,90,10,0,5,18,4,21,1.0,1.05,6.0,50,50,3.0,0.0
60,20,60,55,70,10,90,0,40,2,45,1.0,0.6,5.0,33,50,1.5,0.0
60,10,75,45,90,2,90,5,25,0,90,0.5,1.05,5.0,33,33,1.5,0.08
60,30,105,55,30,2,30,20,18,4,45,0.5,0.6,5.0,15,33,6.0,0.0
15,20,75,45,50,25,90,0,25,0,21,0.0,1.05,6.0,33,33,1.5,0.0
5,10,95,45,70,10,0,0,40,1,21,0.0,0.6,4.0,50,50,3.0,0.14
15,10,60,65,50,2,0,20,25,0,90,1.0,0.85,2.0,33,50,1.5,0.62
0,20,60,65,70,10,90,0,33,4,90,1.0,1.2,4.0,50,50,6.0,11.25
15,30,75,45,70,0,30,5,25,1,21,0.5,1.05,4.0,50,33,1.5,0.76
60,30,75,65,70,25,90,20,18,2,45,1.0,0.6,4.0,15,50,1.5,0.0
60,30,85,65,90,25,0,20,33,0,45,1.0,1.05,2.0,50,33,6.0,0.0
0,20,85,65,90,10,0,0,33,0,90,0.5,1.05,5.0,33,50,6.0,0.36
15,30,105,45,30,2,30,5,40,2,45,0.5,1.2,6.0,33,33,3.0,0.0
60,20,85,65,30,2,30,20,40,1,45,1.0,0.85,6.0,50,33,6.0,0.57
15,30,85,65,70,25,90,5,18,4,90,0.0,0.85,5.0,33,50,3.0,2.22
0,20,85,65,50,10,0,0,40,4,90,0.5,0.6,6.0,33,15,1.5,6.44
30,20,95,75,70,2,0,5,33,0,21,0.5,0.6,6.0,50,15,1.5,0.0
15,30,85,65,50,10,60,5,33,2,90,0.0,0.6,6.0,50,50,1.5,0.26
30,45,95,45,70,0,60,20,18,0,90,1.0,0.6,5.0,15,15,3.0,0.85
0,30,85,75,70,2,0,20,40,7,21,0.0,1.2,6.0,15,50,6.0,10.89
30,10,105,65,30,0,0,5,33,7,21,1.0,0.6,2.0,15,33,1.5,0.0
5,10,75,75,70,0,0,20,25,1,21,1.0,1.2,4.0,33,50,1.5,0.01
5,45,105,55,30,2,60,5,40,7,7,0.5,1.2,6.0,33,15,6.0,40.0
15,20,60,55,70,0,30,5,25,4,90,0.5,1.2,5.0,15,50,3.0,5.84
15,45,105,55,50,25,90,5,25,4,45,1.0,0.6,6.0,33,33,3.0,4.47
60,20,85,75,90,0,60,5,40,7,21,1.0,1.05,4.0,15,33,3.0,0.18
5,20,105,65,30,2,90,20,18,7,90,0.5,1.2,6.0,33,50,6.0,8.5
0,10,105,55,50,2,30,20,25,2,90,1.0,1.2,4.0,15,15,1.5,1.09
60,30,60,75,30,2,90,5,33,7,45,0.5,0.85,2.0,33,33,3.0,0.07
60,45,85,75,90,10,90,20,40,7,7,0.0,1.05,5.0,15,50,1.5,0.96
30,45,85,65,70,2,90,0,25,4,7,0.5,1.2,2.0,33,33,3.0,9.95
5,30,85,55,30,0,60,0,18,7,90,0.5,1.05,6.0,50,15,3.0,40.0
0,10,105,65,30,10,90,5,18,1,21,0.5,1.05,2.0,50,15,6.0,1.18
15,20,75,55,90,25,90,20,25,1,90,1.0,0.6,5.0,15,15,1.5,0.0
0,10,95,45,30,10,30,0,18,7,45,0.5,1.2,5.0,50,33,3.0,9.93
60,10,85,55,90,0,30,5,40,0,7,0.5,0.85,5.0,50,15,1.5,0.0
30,45,85,45,50,0,90,0,18,7,21,0.0,0.6,6.0,50,50,3.0,13.03
15,30,75,75,30,10,90,0,25,0,45,0.0,0.6,4.0,33,33,1.5,0.1
30,45,85,75,30,2,30,0,40,0,90,0.5,1.05,2.0,33,15,3.0,0.0
30,30,85,65,50,25,90,0,18,1,90,1.0,1.2,2.0,15,33,6.0,0.0
15,45,105,75,30,25,0,5,40,0,7,0.0,0.6,2.0,33,33,6.0,0.06
60,20,75,55,70,2,30,20,25,0,45,0.5,1.05,5.0,15,33,3.0,0.0
30,30,75,55,30,2,0,0,33,1,90,1.0,1.05,6.0,50,50,3.0,0.03
15,10,105,45,50,0,60,0,18,2,45,1.0,0.6,5.0,15,15,6.0,0.07
15,20,75,75,50,2,0,5,40,2,45,0.0,1.2,2.0,15,50,6.0,0.4
15,10,95,65,50,25,90,0,25,0,90,0.0,1.05,6.0,15,15,1.5,0.0
60,20,105,55,50,25,0,5,33,4,7,0.5,1.2,6.0,33,15,3.0,0.65
60,10,95,55,50,0,0,0,33,2,7,0.5,0.85,4.0,50,50,1.5,0.0
30,30,95,45,70,10,0,5,33,2,45,0.0,1.05,4.0,33,33,1.5,0.03
30,45,85,45,70,25,30,0,40,7,45,0.5,0.85,4.0,33,15,6.0,6.88
0,20,95,45,30,25,0,20,18,0,21,0.5,0.6,2.0,50,33,6.0,0.0
0,10,95,45,30,2,30,5,40,1,7,0.5,1.2,6.0,33,33,1.5,2.35
30,20,95,55,30,0,60,5,40,2,90,0.0,1.2,6.0,15,50,3.0,0.38
60,30,95,45,50,2,0,5,18,1,45,0.5,0.85,6.0,33,50,6.0,0.14
15,10,60,75,70,0,90,5,33,7,90,1.0,1.2,4.0,33,50,1.5,10.77
60,20,60,75,90,10,90,5,40,4,21,0.5,1.05,5.0,15,50,1.5,0.0
60,45,60,55,70,2,0,0,25,0,90,0.5,1.2,2.0,15,33,3.0,0.49
0,10,105,75,50,2,60,0,18,1,7,0.0,1.2,4.0,15,33,6.0,1.84
30,30,75,55,70,10,30,5,25,0,21,1.0,1.05,6.0,33,33,6.0,0.17
0,10,75,55,90,2,60,20,33,0,90,0.0,0.85,4.0,15,50,1.5,0.62
60,45,85,45,50,10,90,5,18,2,45,0.5,1.2,6.0,50,15,3.0,0.36
15,20,60,55,70,2,60,20,33,1,45,0.0,0.6,2.0,50,33,3.0,0.0
5,45,75,45,70,0,30,5,33,4,45,0.5,0.85,5.0,15,15,6.0,20.9
0,45,105,75,90,0,60,5,18,4,45,0.0,1.05,5.0,15,15,6.0,28.46
30,45,85,55,70,10,30,0,18,0,7,1.0,1.2,2.0,15,15,6.0,0.17
60,20,85,75,70,2,60,20,18,0,7,0.5,1.2,2.0,15,33,3.0,0.0
0,45,85,55,90,2,60,5,33,2,90,0.0,0.6,4.0,15,15,3.0,6.23
15,45,105,55,50,2,60,0,40,0,90,0.0,1.05,4.0,33,33,3.0,0.96
60,30,85,75,30,0,90,0,25,7,7,0.0,1.2,5.0,15,33,1.5,0.0
15,20,60,65,30,2,0,0,25,2,7,0.5,1.05,6.0,15,33,6.0,0.66
30,30,60,65,70,0,30,0,25,4,90,0.5,0.6,4.0,50,33,6.0,0.18
0,30,95,65,30,25,0,20,33,4,21,1.0,0.6,5.0,15,50,3.0,3.76
60,10,60,65,50,10,0,5,18,2,7,0.0,0.85,5.0,50,50,3.0,0.0
60,20,105,45,70,2,90,5,25,0,7,0.0,0.6,2.0,33,33,1.5,0.4
60,30,85,75,90,25,60,20,33,7,7,1.0,0.85,6.0,15,50,1.5,0.57
5,45,95,65,30,25,60,5,18,2,21,0.0,0.6,2.0,15,15,1.5,2.42
5,20,60,65,90,2,30,5,25,7,45,1.0,0.6,4.0,15,50,6.0,11.4
15,45,75,75,90,0,30,0,18,1,45,0.0,1.05,4.0,15,50,3.0,0.0
30,45,95,45,70,2,30,20,40,4,90,0.5,1.05,2.0,50,50,3.0,1.78
30,20,60,45,90,10,30,5,18,0,21,0.0,0.6,5.0,15,15,6.0,0.0
60,45,75,65,90,2,60,5,25,4,45,0.5,0.6,6.0,50,50,6.0,0.0
60,20,105,55,90,25,30,20,33,1,21,1.0,0.6,4.0,50,50,1.5,0.6
5,45,105,75,30,25,0,5,25,1,45,0.5,0.85,2.0,50,50,6.0,0.53
15,20,60,45,90,2,0,20,25,2,21,0.5,1.2,2.0,33,15,3.0,1.68
0,45,95,65,30,10,60,20,40,1,45,0.5,1.2,6.0,50,33,1.5,2.49
0,20,105,45,70,10,0,20,33,7,45,1.0,1.05,5.0,50,15,1.5,9.41
15,10,75,55,30,10,0,5,33,0,90,0.0,1.05,2.0,50,50,1.5,0.0
0,45,95,65,70,0,30,5,25,4,45,1.0,0.6,5.0,50,15,3.0,19.59
5,20,75,65,50,25,90,20,40,0,21,1.0,0.85,4.0,50,50,1.5,0.15
5,10,95,45,50,10,60,20,40,2,21,0.0,0.6,4.0,33,50,3.0,0.71
30,20,60,45,70,2,30,0,18,7,90,0.0,0.85,2.0,33,50,3.0,0.75
60,30,60,45,50,0,0,0,40,2,45,1.0,0.6,2.0,15,15,1.5,0.0
15,10,105,45,90,0,30,20,33,4,7,0.5,1.2,6.0,50,50,1.5,0.0
5,10,85,75,30,2,30,0,33,1,45,1.0,1.2,5.0,15,50,1.5,0.0
0,45,85,45,30,0,60,5,18,0,7,1.0,1.05,2.0,15,15,1.5,0.25
15,30,85,75,70,2,0,20,40,1,21,1.0,0.85,5.0,33,50,3.0,0.14
30,10,105,75,90,25,90,5,40,2,7,0.0,1.2,6.0,50,15,1.5,0.15
5,10,105,55,90,2,0,5,40,1,7,0.5,1.05,2.0,50,33,3.0,0.0
60,10,95,55,70,0,0,5,40,2,7,0.0,0.6,5.0,33,33,6.0,0.49
15,20,105,45,70,2,90,20,25,0,45,0.5,1.05,4.0,15,50,1.5,0.0
15,30,60,75,50,10,90,5,18,1,7,1.0,1.2,2.0,33,15,3.0,0.24
60,30,75,45,70,10,60,20,33,1,45,0.5,1.05,2.0,33,50,6.0,0.0
30,20,75,45,30,0,90,0,18,2,7,1.0,1.05,6.0,15,15,1.5,0.0
15,45,60,75,70,25,0,5,18,0,45,1.0,1.2,6.0,33,15,6.0,0.0
5,45,75,65,70,25,0,20,33,7,90,0.5,0.6,2.0,15,15,6.0,8.36
30,45,60,55,50,2,60,5,18,2,45,0.0,0.6,6.0,15,15,3.0,0.39
60,45,85,45,50,0,60,0,18,4,90,1.0,0.85,5.0,33,50,1.5,0.0
15,45,60,65,30,0,30,0,18,7,90,0.5,0.85,4.0,15,15,3.0,40.0
15,10,105,45,50,25,60,20,18,4,7,0.0,0.85,5.0,15,33,3.0,0.0
5,20,85,75,90,10,0,20,33,1,90,0.0,1.05,2.0,50,50,1.5,0.05
15,30,60,45,30,0,30,0,40,0,90,0.0,0.85,6.0,50,50,1.5,0.19
0,10,85,55,50,0,60,5,25,4,90,1.0,0.85,5.0,15,50,3.0,5.35
30,10,60,75,30,10,60,5,25,4,7,1.0,1.05,5.0,33,15,3.0,0.0
15,20,95,55,70,0,0,5,33,0,21,0.0,0.85,4.0,33,50,3.0,0.0
60,10,75,65,50,0,60,0,40,2,7,0.5,0.6,6.0,15,33,3.0,0.0
15,20,85,55,70,25,90,5,40,2,45,0.5,1.2,5.0,50,15,1.5,0.0
0,10,95,45,90,2,90,5,40,1,90,0.5,1.05,4.0,33,33,6.0,1.87
5,30,85,75,30,0,30,0,18,2,7,0.5,0.85,5.0,33,33,6.0,8.12
0,45,60,55,50,10,90,0,40,7,21,0.5,0.85,5.0,50,15,6.0,26.9
30,30,75,45,90,0,30,0,33,0,21,1.0,1.05,4.0,50,50,6.0,0.0
15,20,95,65,50,2,90,0,40,7,45,1.0,1.2,5.0,33,33,6.0,32.98
15,30,95,45,50,25,30,20,18,4,45,1.0,0.85,6.0,50,15,6.0,3.08
15,10,75,55,50,25,30,5,40,0,90,0.5,1.05,2.0,50,33,1.5,0.97
15,45,85,65,30,0,30,20,40,1,7,0.0,0.6,5.0,15,15,6.0,0.18
60,20,60,75,70,10,60,0,25,4,90,0.5,1.2,5.0,15,15,6.0,0.0
5,30,85,55,50,25,30,20,25,4,21,1.0,1.2,4.0,15,33,1.5,7.62
0,45,95,55,30,10,30,20,33,7,90,1.0,1.2,5.0,15,33,1.5,21.13
15,30,95,55,30,0,60,0,18,7,21,0.0,1.2,4.0,15,50,6.0,40.0
60,20,75,75,90,2,0,0,40,1,45,0.0,1.05,5.0,15,15,6.0,0.0
30,30,105,45,50,25,0,0,18,4,21,0.0,0.6,6.0,15,15,1.5,0.0
15,30,75,55,70,25,0,0,25,1,7,0.5,1.2,5.0,15,33,3.0,0.0
30,10,75,55,50,0,0,5,18,7,45,0.0,1.2,5.0,15,15,6.0,0.0
0,10,95,75,90,10,90,5,33,7,45,0.0,1.05,2.0,33,33,1.5,6.23
15,45,75,55,90,25,60,20,40,1,90,0.0,1.2,5.0,15,50,1.5,0.0
0,30,75,65,70,0,60,5,25,0,90,0.5,1.05,4.0,33,50,1.5,0.74
60,30,60,75,90,25,60,0,40,7,90,1.0,1.05,5.0,33,33,6.0,0.74
0,45,95,75,50,25,60,0,40,7,21,1.0,1.2,5.0,15,33,3.0,21.44
0,10,75,65,50,0,90,20,33,2,21,0.5,0.85,6.0,50,15,3.0,0.31
30,20,95,65,30,25,60,5,25,4,21,0.0,0.85,4.0,33,15,3.0,0.15
30,10,75,65,90,25,30,0,25,1,7,0.0,1.05,6.0,50,50,6.0,0.0
15,20,75,65,50,10,90,5,18,0,7,0.5,1.2,4.0,33,50,6.0,0.54
0,20,60,55,70,0,30,20,40,2,21,0.0,1.05,6.0,50,50,3.0,0.94
30,45,60,75,30,25,0,0,40,2,90,0.0,1.05,4.0,15,33,1.5,0.0
0,30,105,45,90,10,60,0,40,7,90,0.0,1.2,4.0,50,50,3.0,27.14
15,45,95,65,30,10,60,5,40,4,7,1.0,0.85,5.0,50,50,3.0,9.67
15,10,85,55,90,10,30,20,18,2,7,1.0,1.2,4.0,33,15,6.0,0.0
0,20,75,55,50,2,0,5,18,0,90,1.0,0.6,4.0,15,50,6.0,0.65
0,30,85,65,70,25,90,5,18,2,45,0.0,1.2,6.0,33,15,3.0,2.58
5,10,60,75,70,10,90,20,40,4,90,0.5,1.05,6.0,50,33,3.0,2.3
30,30,95,75,30,10,30,0,33,1,90,0.5,1.05,5.0,15,15,3.0,0.0
60,45,105,55,90,2,90,5,33,2,21,0.0,0.6,6.0,15,50,6.0,0.31
60,30,60,75,50,25,30,20,40,2,7,0.0,1.2,6.0,15,33,3.0,0.34
60,10,75,55,30,10,30,0,25,0,21,1.0,0.85,4.0,15,15,1.5,0.0
0,30,60,75,70,10,60,5,40,2,45,0.0,1.05,5.0,15,50,3.0,3.76
5,45,105,75,70,10,90,20,25,2,7,0.5,0.85,6.0,50,15,6.0,3.83
5,30,85,75,90,25,30,20,25,7,45,1.0,1.2,5.0,15,33,6.0,12.6
30,10,60,45,90,2,60,5,33,4,90,1.0,0.85,4.0,33,50,6.0,0.0
15,20,95,65,30,25,90,0,40,4,7,0.0,0.6,4.0,50,33,1.5,0.0
60,30,75,45,50,25,30,0,25,0,45,1.0,0.6,2.0,50,33,3.0,0.0
30,20,85,65,90,2,30,0,18,4,45,0.5,1.2,4.0,50,15,6.0,0.18
0,20,85,55,50,25,30,5,25,7,7,0.5,0.6,4.0,15,50,3.0,4.53
15,30,105,65,30,10,30,0,25,2,45,0.0,1.05,2.0,33,33,3.0,1.24
60,20,75,55,30,25,0,0,33,2,7,0.5,0.85,2.0,15,50,1.5,0.11
30,45,60,55,50,10,30,0,40,4,21,0.5,1.2,5.0,33,33,3.0,5.68
30,30,95,55,70,10,60,20,18,2,90,0.0,0.85,6.0,33,33,1.5,0.32
15,20,105,55,50,10,30,5,18,1,7,0.5,0.6,2.0,15,33,1.5,0.0
30,20,95,65,50,10,90,5,25,1,7,0.0,0.6,4.0,33,15,6.0,0.0
60,10,75,75,70,2,60,5,40,0,45,0.0,0.6,2.0,33,50,1.5,0.13
30,30,105,45,30,0,60,5,25,4,45,0.0,1.2,5.0,33,33,1.5,0.0
5,45,105,45,70,2,30,20,18,0,90,1.0,0.85,4.0,33,33,6.0,0.0
30,10,105,75,70,25,0,0,25,1,45,0.0,0.6,2.0,15,50,1.5,0.0
0,45,75,55,70,25,90,5,33,2,90,0.5,1.2,2.0,33,15,6.0,3.73
0,20,85,65,90,2,30,0,33,4,45,1.0,1.2,5.0,15,33,3.0,16.96
30,20,85,45,90,10,90,0,33,0,45,0.0,1.2,6.0,50,50,3.0,0.0
15,45,85,75,30,0,30,20,25,4,45,0.0,0.85,6.0,50,33,6.0,4.8
15,20,60,45,50,2,30,5,18,2,45,0.5,1.2,5.0,50,15,3.0,0.0
30,45,60,65,30,10,30,5,33,1,7,0.0,1.2,2.0,50,15,1.5,0.0
30,20,75,55,30,0,30,5,25,2,21,1.0,0.85,4.0,50,50,3.0,0.78
15,45,75,65,30,25,90,20,33,1,7,1.0,1.2,4.0,50,50,3.0,0.16
30,45,95,45,30,25,30,5,33,4,90,0.5,1.2,5.0,50,50,1.5,2.37
0,30,75,75,50,10,0,20,33,2,21,0.5,1.2,4.0,50,33,1.5,3.27
30,45,105,55,50,2,60,5,25,4,21,1.0,1.05,6.0,50,50,6.0,5.95
0,30,95,55,50,2,60,20,33,4,90,0.5,0.6,2.0,33,15,3.0,3.0
60,45,60,45,90,25,30,20,40,7,90,1.0,0.85,5.0,33,50,3.0,0.64
60,30,60,75,70,25,0,0,33,2,7,1.0,0.85,4.0,15,50,1.5,0.0
60,10,60,75,50,10,90,5,18,1,21,0.5,1.2,4.0,50,50,6.0,0.08
5,20,60,45,90,2,0,20,33,1,7,0.0,0.85,4.0,50,15,3.0,0.0
5,20,60,55,50,25,30,20,18,2,7,1.0,0.85,2.0,15,33,1.5,1.36
60,45,95,55,30,0,30,20,33,7,7,0.0,0.6,6.0,33,50,3.0,0.23
30,10,60,45,30,0,90,5,33,1,21,0.5,1.05,4.0,33,15,6.0,0.48
15,10,85,65,90,10,90,20,18,0,90,1.0,0.6,6.0,15,15,3.0,0.0
5,20,60,65,30,0,30,20,18,7,21,0.5,0.6,4.0,15,15,1.5,2.9
0,30,105,55,50,10,0,20,25,1,45,0.0,1.2,6.0,15,33,1.5,2.19
0,20,60,55,30,0,90,5,33,2,21,1.0,0.85,4.0,33,33,6.0,5.87
0,45,95,45,30,25,90,20,40,1,7,0.0,1.05,2.0,33,15,6.0,2.16
30,30,75,75,90,2,0,0,25,0,45,0.0,1.2,5.0,15,50,1.5,0.0
15,20,60,65,30,0,60,0,40,2,45,0.0,1.05,5.0,15,50,3.0,0.73
30,45,95,45,50,25,60,5,40,7,90,0.0,0.6,4.0,15,50,3.0,2.73
0,30,105,55,70,10,0,0,40,1,90,0.0,1.2,6.0,15,50,1.5,4.47
60,20,105,45,30,2,30,0,33,0,7,0.0,0.6,4.0,33,15,3.0,0.77
60,10,60,45,70,0,30,5,18,4,45,0.0,0.6,6.0,50,50,3.0,0.0
30,10,60,75,30,25,60,20,33,4,90,1.0,1.2,4.0,50,50,1.5,0.64
15,10,95,45,70,10,0,0,18,7,7,0.0,0.6,5.0,33,50,3.0,4.67
30,45,95,75,90,0,60,0,33,7,90,1.0,0.6,2.0,33,15,6.0,17.29
30,30,85,45,90,25,0,0,25,1,7,0.5,1.05,4.0,33,33,6.0,0.18
5,45,95,55,70,2,30,0,33,7,21,1.0,1.05,6.0,15,33,6.0,40.0
30,20,105,55,50,10,90,20,18,1,45,0.0,0.85,6.0,50,33,1.5,0.0
60,30,95,65,70,10,30,20,40,1,21,0.5,1.2,5.0,15,50,1.5,0.0
60,45,95,75,50,2,90,0,33,1,21,0.5,0.6,6.0,50,15,1.5,0.0
0,45,95,55,50,10,0,0,33,1,7,0.5,1.2,4.0,33,50,3.0,6.84
5,45,75,75,50,2,30,5,40,0,45,0.5,1.05,5.0,33,50,1.5,0.91
15,20,85,65,50,0,0,0,40,2,45,1.0,1.05,5.0,50,33,3.0,0.0
0,30,75,65,90,2,0,5,18,1,7,0.0,1.2,5.0,33,50,6.0,3.47
5,30,95,65,50,25,30,5,40,1,45,0.0,1.2,5.0,50,50,1.5,0.02
0,45,85,45,70,10,0,20,25,2,90,1.0,0.85,4.0,15,33,3.0,4.66
60,20,85,65,50,0,0,20,18,1,45,0.5,1.05,4.0,50,33,6.0,0.0
30,20,85,55,30,0,60,20,40,0,90,0.5,1.2,2.0,50,15,3.0,0.0
60,45,75,75,70,0,30,0,40,7,7,0.5,1.05,2.0,33,15,3.0,1.01
0,10,60,55,70,0,30,20,25,0,90,0.0,0.6,5.0,15,15,3.0,0.18
5,45,105,55,50,0,30,0,40,0,45,1.0,1.05,4.0,33,15,3.0,0.0
60,45,105,65,50,0,0,20,18,2,7,0.5,1.05,4.0,33,33,1.5,0.0
30,20,95,55,50,25,0,20,33,7,45,0.0,1.05,5.0,33,33,6.0,0.97
30,20,105,55,30,10,60,5,40,7,90,1.0,0.85,6.0,33,33,1.5,0.77
30,30,60,45,70,2,60,20,18,2,7,0.5,0.85,2.0,15,33,3.0,0.0
60,30,105,75,90,25,0,20,40,1,45,0.5,1.2,6.0,15,33,3.0,0.0
0,20,60,45,30,10,30,5,25,1,90,0.5,1.05,2.0,50,15,1.5,1.66
15,10,105,65,50,10,90,5,25,2,21,0.5,0.85,6.0,33,50,6.0,0.0
15,10,95,75,70,10,90,0,40,2,45,1.0,0.85,5.0,15,15,1.5,1.11
60,30,95,75,30,0,90,5,25,1,90,1.0,0.85,5.0,50,50,3.0,0.0
15,20,75,75,90,10,0,0,18,1,45,0.5,0.6,6.0,15,15,6.0,0.0
60,10,75,65,50,25,60,5,33,1,45,0.0,0.85,6.0,33,50,1.5,0.22
15,20,105,65,90,0,60,0,40,1,7,0.5,0.6,5.0,15,15,3.0,0.09
30,10,60,75,90,2,90,0,25,4,45,1.0,0.85,4.0,50,50,1.5,0.0
15,10,105,45,90,0,90,0,25,1,21,0.0,1.05,5.0,33,15,6.0,0.0
30,10,75,45,50,0,30,5,18,1,7,0.0,0.85,6.0,33,50,6.0,0.0
30,45,95,75,90,2,90,5,40,4,45,0.5,1.05,5.0,33,50,1.5,5.25
60,10,105,65,70,2,60,20,18,0,7,0.0,1.2,4.0,50,33,3.0,1.03
5,20,60,55,50,2,30,20,18,1,45,1.0,0.6,5.0,50,50,3.0,0.0
30,10,75,75,70,0,90,0,40,0,90,0.5,1.05,2.0,33,50,1.5,0.75
15,30,105,75,90,2,0,5,33,7,21,1.0,1.05,4.0,33,50,6.0,36.95
60,30,60,75,70,25,30,5,25,0,21,0.0,1.05,4.0,33,33,1.5,0.05
5,30,105,55,70,0,60,20,33,0,90,1.0,1.05,2.0,50,50,6.0,0.0
30,30,85,75,70,10,30,0,18,0,45,0.0,1.05,4.0,33,15,6.0,0.0
60,45,95,65,70,10,90,0,18,7,90,0.5,1.05,2.0,15,50,3.0,0.2
60,20,95,75,50,10,0,20,25,7,7,0.0,1.05,2.0,33,33,6.0,0.83
0,45,75,65,90,0,30,0,40,0,21,1.0,1.05,2.0,50,33,6.0,0.0
0,45,85,65,90,10,30,5,33,2,21,1.0,0.85,4.0,50,33,3.0,5.64
60,30,60,65,30,25,90,20,18,2,45,1.0,1.2,2.0,50,33,3.0,0.39
0,45,95,65,30,2,90,20,25,4,45,0.5,0.6,5.0,50,33,3.0,4.68
0,45,60,45,50,2,60,5,25,1,21,0.5,1.05,2.0,50,15,3.0,5.19
60,20,60,55,90,25,60,20,40,7,90,1.0,1.05,6.0,50,50,6.0,0.31
60,45,75,45,90,2,0,5,25,4,7,0.5,0.85,6.0,50,15,1.5,0.07
0,45,85,55,50,0,0,0,40,2,90,1.0,0.6,2.0,33,33,1.5,10.12
0,10,105,75,50,25,0,20,33,2,21,0.5,0.6,6.0,15,15,1.5,0.96
30,45,75,65,90,25,60,5,33,1,45,0.0,0.6,5.0,15,50,1.5,0.02
5,20,95,55,30,2,30,5,25,4,45,1.0,1.2,4.0,50,33,1.5,15.26
15,45,60,45,50,0,30,20,18,4,45,1.0,1.2,4.0,50,15,6.0,7.42
15,20,60,45,30,2,0,5,40,7,7,0.0,1.2,6.0,33,33,1.5,15.94
60,30,95,55,30,2,30,5,33,7,45,0.5,0.6,4.0,15,50,3.0,0.5
60,10,75,65,30,2,90,5,25,2,21,1.0,0.6,4.0,15,50,3.0,0.0
30,30,95,75,30,10,0,20,25,0,45,0.5,1.2,2.0,33,15,1.5,0.0
30,30,75,65,70,0,60,0,25,7,21,0.0,0.6,5.0,15,33,6.0,1.43
15,10,75,75,30,25,60,5,40,2,21,1.0,0.85,4.0,50,33,1.5,0.12
60,30,85,45,50,10,60,20,33,1,45,1.0,1.05,6.0,33,33,3.0,0.91
60,45,85,65,30,0,0,20,33,7,45,1.0,1.2,6.0,50,15,1.5,3.34
5,30,105,55,90,0,0,20,33,0,21,1.0,1.2,2.0,33,33,1.5,0.0
5,45,60,75,30,25,30,0,25,0,21,1.0,0.85,2.0,15,15,1.5,0.0
60,45,95,75,90,2,90,0,18,1,90,0.0,1.05,5.0,50,15,3.0,0.0
30,10,105,45,70,25,60,5,33,1,90,0.5,1.2,2.0,33,33,3.0,0.44
30,20,105,55,30,25,60,20,18,7,45,0.5,1.2,6.0,50,15,6.0,2.55
60,45,105,45,30,2,60,0,18,1,21,0.5,1.2,4.0,33,33,3.0,0.0
60,10,60,65,30,10,0,0,33,4,7,0.5,1.2,2.0,15,15,1.5,0.65
0,45,75,65,70,25,90,20,25,2,90,0.5,0.85,6.0,50,15,6.0,2.77
0,30,60,55,30,10,90,5,18,7,21,0.0,0.6,4.0,15,33,3.0,7.72
15,20,85,45,30,0,0,0,33,7,45,1.0,0.6,5.0,15,50,6.0,16.25
15,10,75,65,90,0,30,0,25,7,90,1.0,1.2,6.0,33,33,1.5,14.79
5,30,60,55,70,0,30,20,40,7,21,1.0,1.2,5.0,33,50,6.0,11.68
5,10,105,45,50,25,30,0,25,7,90,1.0,0.6,4.0,33,33,1.5,1.51
30,10,85,65,30,10,0,0,25,0,7,0.5,1.2,2.0,33,33,3.0,0.0
30,45,95,45,50,2,0,0,18,1,90,0.5,1.2,5.0,15,33,6.0,0.0
5,10,75,75,30,25,90,5,40,0,21,0.5,1.2,4.0,33,33,3.0,0.0
30,10,75,75,70,25,90,5,33,0,45,0.5,0.85,6.0,33,15,3.0,0.0
15,20,85,55,90,0,0,20,33,0,7,0.0,1.05,6.0,33,15,1.5,0.15
60,30,60,65,90,25,60,20,40,4,7,1.0,1.05,2.0,50,33,6.0,0.68
5,20,60,55,70,25,60,20,18,1,90,0.5,1.2,2.0,15,50,3.0,0.16
15,45,75,55,50,2,30,5,33,1,45,0.5,1.2,2.0,33,15,3.0,0.67
30,20,95,55,30,2,30,5,25,4,7,0.5,0.6,6.0,15,50,6.0,0.0
60,45,105,75,70,25,90,20,25,1,90,0.0,0.85,5.0,50,33,3.0,0.0
5,45,105,45,50,0,30,0,33,0,21,1.0,0.85,4.0,50,50,1.5,0.0
30,20,85,55,70,0,60,5,33,2,45,0.0,0.85,5.0,50,50,1.5,0.73
0,20,85,75,50,0,30,0,25,4,90,0.0,1.05,5.0,50,15,3.0,13.64
30,45,85,75,30,25,90,20,25,0,21,0.0,1.05,2.0,50,33,1.5,0.3
60,30,95,65,50,10,90,5,18,7,21,0.0,0.6,4.0,33,50,3.0,0.0
5,30,95,75,50,25,30,0,40,1,21,0.0,1.05,6.0,15,15,3.0,0.72
5,10,75,55,90,10,0,20,33,4,45,1.0,0.6,2.0,33,15,3.0,1.53
5,10,75,45,30,0,90,5,25,4,90,0.0,0.85,5.0,33,33,3.0,4.63
60,30,95,75,50,2,60,0,18,0,45,1.0,1.2,2.0,15,33,6.0,0.37
30,10,60,55,90,0,60,5,18,0,90,0.5,1.05,4.0,50,50,6.0,0.73
30,20,85,65,30,0,90,5,40,7,45,0.5,1.2,4.0,15,15,3.0,8.67
15,10,75,65,50,2,30,5,33,2,7,0.5,0.6,2.0,50,15,6.0,0.0
60,30,60,55,50,0,60,20,18,4,90,0.5,0.6,5.0,50,33,1.5,0.07
5,20,60,75,30,10,90,20,33,2,45,1.0,0.6,4.0,50,50,6.0,1.21
60,20,75,45,50,0,60,20,25,0,45,0.0,0.6,6.0,33,50,1.5,0.72
0,20,95,75,50,10,0,5,18,4,21,1.0,0.85,5.0,50,50,1.5,6.14
5,10,75,55,70,0,30,5,33,7,90,0.0,0.85,4.0,50,33,3.0,7.47
0,20,95,75,70,10,30,20,33,1,45,1.0,0.6,4.0,15,15,6.0,0.34
0,30,105,75,50,2,0,20,33,0,45,0.0,1.05,6.0,50,15,3.0,0.2
60,10,85,45,50,2,90,5,25,0,7,1.0,0.6,6.0,33,33,3.0,0.0
60,10,60,75,30,25,60,20,18,0,21,1.0,1.05,5.0,33,50,6.0,0.14
60,30,105,75,70,25,30,5,33,2,90,0.5,1.2,2.0,33,15,1.5,0.0
15,45,85,45,50,0,0,20,18,1,90,1.0,0.85,4.0,33,15,6.0,0.5
60,30,60,65,50,2,60,0,40,0,21,0.5,1.05,6.0,33,33,1.5,0.0
60,30,105,45,50,0,90,0,40,4,7,0.5,1.05,4.0,33,50,6.0,0.0
0,20,85,55,90,25,60,0,25,7,21,0.0,0.85,5.0,15,50,3.0,5.18
30,10,105,65,50,2,90,0,33,0,7,0.0,1.05,6.0,50,33,3.0,0.58
15,30,95,55,90,25,0,5,18,7,90,0.5,0.6,5.0,33,33,3.0,4.79
5,45,60,45,50,10,0,5,40,1,90,1.0,0.6,2.0,50,50,1.5,0.0
15,10,95,65,90,10,30,0,40,1,7,1.0,1.2,6.0,15,50,6.0,0.0
60,10,95,65,90,2,30,5,25,2,7,0.0,0.6,5.0,50,33,3.0,0.52
60,45,95,45,50,25,60,5,25,7,7,1.0,0.85,2.0,15,33,6.0,0.0
60,30,75,65,30,25,0,20,33,0,45,1.0,1.05,5.0,15,33,6.0,0.0
5,10,85,55,90,25,30,0,33,2,90,0.5,0.6,6.0,15,33,6.0,0.42
0,30,85,45,30,0,60,0,40,2,90,0.0,0.85,4.0,15,15,6.0,7.68
30,30,60,75,90,2,90,20,25,1,45,1.0,1.05,4.0,33,15,6.0,0.0
30,20,85,45,90,2,90,5,33,2,90,1.0,1.05,6.0,50,50,6.0,1.61
5,45,60,45,70,2,30,5,18,4,90,0.5,0.6,5.0,15,50,3.0,13.48
30,30,75,45,70,0,30,5,40,0,7,0.5,0.6,4.0,15,33,6.0,0.01
30,45,95,65,50,25,0,5,18,1,90,1.0,1.2,2.0,33,33,1.5,0.0
30,30,75,75,50,0,60,0,18,4,90,0.5,1.2,4.0,15,33,1.5,0.0
5,30,85,55,30,25,30,20,18,2,45,0.5,1.05,6.0,15,33,3.0,2.91
30,20,60,55,90,0,90,20,18,2,45,0.0,0.85,6.0,15,15,3.0,0.14
0,45,75,45,50,2,0,20,40,4,90,0.5,1.2,5.0,33,50,1.5,8.5
5,30,75,45,90,10,30,5,25,1,90,0.0,1.2,2.0,33,50,1.5,1.59
5,10,85,75,50,2,0,0,40,4,90,0.5,1.05,5.0,33,15,3.0,7.18
30,10,85,65,90,0,60,0,33,0,90,1.0,1.2,5.0,33,15,1.5,0.16
5,30,105,75,50,10,90,20,25,4,21,0.5,1.2,2.0,15,33,6.0,7.97
0,30,60,75,90,10,0,20,25,4,45,1.0,1.05,4.0,15,15,3.0,6.53
5,30,85,65,30,0,90,5,25,0,21,0.5,1.2,2.0,33,33,6.0,0.0
30,30,75,55,50,2,60,5,18,7,7,0.0,0.6,5.0,50,50,1.5,1.75
5,45,60,65,30,10,30,5,33,7,7,0.0,1.2,2.0,33,50,1.5,21.68
0,30,105,45,70,0,0,5,18,1,21,0.5,0.6,5.0,15,50,6.0,3.08
0,10,85,75,50,10,90,20,18,1,7,0.0,0.6,2.0,33,50,3.0,0.0
5,10,75,65,90,25,90,5,25,7,7,0.0,1.05,4.0,33,15,1.5,2.41
30,30,105,65,70,0,30,5,18,7,21,0.0,0.85,4.0,15,50,3.0,9.87
15,45,60,75,90,10,90,20,18,1,7,0.5,1.05,2.0,33,15,6.0,0.0
60,45,85,45,90,10,60,0,40,1,45,0.0,0.85,4.0,15,15,3.0,1.58
60,45,95,65,30,2,90,0,25,7,45,0.5,1.2,5.0,33,50,3.0,10.12
0,10,85,55,50,10,0,20,25,2,45,1.0,1.05,4.0,50,50,3.0,0.61
60,10,105,55,30,25,90,5,40,7,21,0.0,1.05,6.0,15,33,3.0,0.0
5,20,75,75,50,0,30,5,33,1,45,0.0,0.85,5.0,33,50,3.0,0.47
0,20,75,45,30,25,90,0,18,4,21,1.0,1.05,5.0,15,15,6.0,3.1
30,30,85,75,50,10,30,5,18,2,21,1.0,0.6,2.0,50,15,1.5,0.78
0,45,95,75,30,25,90,20,40,2,90,0.5,0.85,2.0,50,15,1.5,3.52
0,30,60,55,70,2,90,20,25,4,7,0.0,1.2,6.0,50,33,6.0,5.16
5,30,75,55,70,2,30,20,25,1,45,0.0,1.05,6.0,33,33,1.5,0.0
30,45,85,65,90,10,0,0,18,7,45,0.0,0.6,2.0,33,50,3.0,7.14
30,20,105,55,90,25,60,0,18,2,90,0.5,0.85,5.0,50,50,6.0,0.06
15,45,95,45,90,2,30,20,33,1,21,1.0,0.6,4.0,33,33,3.0,0.46
30,30,95,75,90,0,90,0,40,0,21,1.0,1.05,5.0,50,33,6.0,0.25
5,10,60,65,90,2,30,20,33,0,7,1.0,1.05,6.0,15,33,3.0,0.0
5,45,85,65,90,25,0,20,40,7,21,0.0,0.6,2.0,50,50,6.0,7.31
0,10,60,45,70,2,90,20,40,7,7,0.5,0.85,5.0,15,33,3.0,2.24
15,10,105,75,90,0,0,20,18,0,45,1.0,1.05,6.0,15,33,1.5,0.41
5,45,85,75,90,10,30,20,33,7,21,0.0,1.05,2.0,33,15,6.0,12.19
0,20,75,65,50,2,60,0,40,4,45,1.0,1.2,6.0,33,33,1.5,16.58
15,20,95,65,90,10,0,0,18,0,45,1.0,1.2,2.0,33,15,3.0,0.17
5,10,95,45,30,25,60,5,40,4,90,1.0,1.05,6.0,15,50,1.5,2.24
30,10,75,65,50,10,90,5,25,0,21,0.0,1.05,4.0,33,50,3.0,0.0
15,45,95,75,50,10,0,5,18,0,90,0.0,0.85,5.0,33,33,3.0,0.0
30,10,75,75,30,10,30,20,40,1,7,1.0,1.2,4.0,33,33,3.0,0.0
60,10,105,65,30,10,90,5,25,0,7,1.0,1.2,4.0,33,15,6.0,0.0
0,10,85,45,90,10,0,5,40,0,45,1.0,0.6,2.0,15,50,6.0,0.0
5,45,75,75,70,2,90,20,25,7,45,1.0,1.2,6.0,33,33,6.0,18.3
0,30,85,65,30,25,0,0,40,7,7,0.5,1.05,4.0,33,15,1.5,9.6
5,10,75,55,90,2,90,5,40,0,21,0.0,0.85,6.0,50,50,3.0,0.0
0,30,95,75,30,2,0,20,33,1,45,0.0,1.05,6.0,15,33,3.0,0.8
15,20,75,55,70,10,30,20,33,7,90,1.0,0.6,6.0,15,15,6.0,2.63
5,20,105,55,50,2,60,0,40,7,90,0.0,1.05,4.0,33,50,6.0,24.63
5,45,105,65,90,10,90,5,33,2,7,0.5,0.85,4.0,15,15,1.5,6.25
60,30,60,45,90,10,90,20,33,2,7,1.0,1.05,2.0,50,15,3.0,0.0
60,45,95,75,70,10,90,5,18,7,21,0.5,1.2,6.0,15,33,6.0,4.37
15,45,85,55,50,2,60,5,40,2,90,0.0,0.85,6.0,50,15,1.5,0.31
30,20,105,45,30,10,0,0,25,4,45,0.0,1.2,4.0,33,33,1.5,0.0
15,20,60,65,30,10,0,5,40,1,90,0.0,1.2,6.0,15,50,1.5,0.0
30,45,75,75,90,0,60,20,18,7,7,0.5,1.05,6.0,50,15,3.0,10.2
30,30,75,75,70,25,60,20,33,2,90,0.0,0.85,2.0,50,50,6.0,0.0
60,45,60,75,50,10,30,5,40,2,90,0.5,1.2,5.0,15,33,6.0,0.39
5,10,75,55,70,25,90,5,40,0,7,1.0,1.2,5.0,33,33,6.0,0.43
5,20,75,45,30,0,60,20,18,2,45,0.5,0.6,6.0,15,33,3.0,0.25
60,30,85,45,70,0,30,5,33,1,45,0.5,0.85,6.0,15,15,1.5,0.0
0,45,85,55,50,10,30,20,33,7,90,0.5,0.6,6.0,15,50,1.5,8.3
0,45,60,75,90,10,90,20,25,4,21,0.5,1.2,4.0,15,50,3.0,8.24
60,20,95,75,90,0,90,20,40,7,45,0.5,0.6,2.0,50,50,3.0,0.18
15,30,60,75,50,25,30,20,18,0,7,0.5,0.85,4.0,50,15,3.0,0.0
5,30,85,75,50,0,60,20,33,0,45,0.5,1.2,2.0,15,33,3.0,0.43
15,20,105,75,50,10,60,20,18,7,90,1.0,0.6,5.0,15,33,3.0,4.45
60,10,85,55,90,10,90,0,40,7,21,1.0,1.05,2.0,33,50,6.0,0.0
0,30,60,55,30,25,90,5,25,0,21,1.0,0.6,5.0,33,50,1.5,0.0
5,45,105,65,50,25,30,0,33,7,21,0.5,0.6,4.0,33,15,3.0,9.81
5,10,95,55,30,10,30,0,40,7,45,1.0,0.85,6.0,50,15,3.0,7.64
30,45,85,75,30,25,90,5,33,2,45,0.5,0.85,5.0,33,15,1.5,0.12
15,45,95,55,70,0,60,0,25,2,7,0.0,1.05,5.0,50,33,1.5,3.14
15,30,95,55,30,0,30,5,18,0,45,0.0,1.05,2.0,33,50,3.0,0.56
60,20,60,75,90,0,0,5,18,0,45,1.0,1.05,6.0,33,15,1.5,0.0
15,45,85,45,30,0,60,5,33,0,21,0.0,1.2,2.0,33,50,6.0,0.0
0,45,85,65,50,10,90,20,33,7,7,1.0,0.85,6.0,15,50,1.5,13.2
5,30,85,65,30,25,0,20,25,1,45,0.0,1.05,4.0,33,33,6.0,0.74
60,45,95,55,30,0,0,5,33,1,7,0.5,1.2,6.0,50,15,3.0,0.06
60,45,60,75,30,25,30,0,40,0,7,0.5,1.2,2.0,15,15,1.5,0.04
60,30,95,45,50,0,60,0,18,4,45,0.5,1.05,6.0,33,15,3.0,0.0
15,20,95,45,50,25,90,20,40,4,21,0.0,1.05,6.0,50,50,6.0,1.59
15,45,85,65,30,0,90,0,40,1,21,0.0,1.05,6.0,15,33,1.5,0.24
0,30,85,75,30,25,60,0,33,2,7,0.5,0.85,6.0,33,33,3.0,2.11
60,20,105,75,70,10,60,0,18,1,90,1.0,0.6,5.0,50,50,3.0,0.13
60,20,105,55,90,2,90,5,25,2,21,0.5,1.2,2.0,50,33,3.0,0.0
0,30,95,65,70,0,30,5,18,1,45,0.0,1.05,4.0,33,33,3.0,3.84
5,45,75,45,50,10,0,20,33,2,7,0.0,1.05,5.0,15,50,3.0,3.55
5,45,85,45,70,25,0,20,33,7,21,1.0,0.6,6.0,15,33,1.5,9.84
15,10,75,55,90,0,30,0,40,4,21,0.5,0.85,4.0,15,33,1.5,0.26
30,45,95,75,70,25,60,20,18,7,45,0.5,1.2,6.0,33,50,6.0,13.49
15,20,60,55,90,25,60,20,40,1,90,0.5,1.05,2.0,50,33,1.5,0.53
30,45,95,55,50,0,30,0,40,0,21,0.0,1.2,6.0,50,15,3.0,0.01
5,20,75,55,30,10,0,20,18,0,90,0.5,1.05,2.0,15,15,3.0,0.14
5,10,60,55,70,2,0,0,33,2,21,1.0,1.2,2.0,33,33,1.5,2.89
15,10,60,75,90,0,90,0,25,4,45,0.0,1.05,6.0,15,15,3.0,0.21
5,20,85,75,50,2,60,0,25,4,7,0.0,1.05,2.0,33,15,1.5,12.53
0,30,95,75,30,25,30,20,18,0,90,1.0,1.05,4.0,33,50,3.0,0.15
30,30,60,55,90,0,90,20,25,0,45,0.0,1.2,4.0,33,15,1.5,0.0
0,30,75,45,50,0,30,0,18,2,90,0.0,1.2,2.0,33,15,6.0,10.07
5,30,95,65,70,25,30,0,25,1,90,0.0,0.6,5.0,15,15,6.0,0.07
5,45,75,65,70,0,0,5,25,7,45,0.5,1.05,5.0,15,50,1.5,40.0
60,45,85,65,70,25,0,0,40,7,21,1.0,1.05,6.0,15,33,3.0,1.39
5,45,85,65,70,0,60,5,25,7,90,0.5,0.6,2.0,50,33,6.0,27.25
30,10,105,45,50,0,90,0,18,0,21,0.5,0.6,5.0,15,15,1.5,0.65
30,45,85,45,30,0,0,5,40,0,7,1.0,0.85,4.0,33,15,1.5,0.54
30,20,75,75,30,2,0,5,33,1,90,0.5,0.85,4.0,15,33,1.5,0.0
5,20,60,45,30,25,0,20,40,0,45,0.5,1.2,5.0,15,33,1.5,1.04
60,30,60,45,30,0,60,5,40,1,45,0.0,1.2,4.0,33,50,3.0,0.77
5,30,75,65,30,2,0,0,25,7,90,0.5,0.6,2.0,33,33,3.0,19.51
30,10,75,65,50,2,60,5,40,4,45,0.0,1.05,2.0,33,33,1.5,0.0
5,45,105,75,70,2,90,0,33,7,90,1.0,0.6,6.0,50,50,1.5,40.0
0,45,60,65,30,0,0,5,25,2,7,0.0,1.05,5.0,33,33,3.0,10.62
5,45,60,75,70,0,0,20,40,4,45,0.5,1.05,2.0,50,33,3.0,7.84
0,20,85,45,30,0,90,5,18,4,7,0.5,0.6,4.0,50,15,1.5,7.15
5,20,60,45,90,2,0,0,33,4,90,0.5,1.2,5.0,15,15,1.5,14.67
60,10,85,65,50,25,0,20,40,7,21,0.5,0.6,2.0,33,33,1.5,0.0
15,10,60,65,90,10,60,20,40,4,21,0.5,0.85,4.0,15,15,6.0,0.76
30,30,75,45,30,25,60,5,18,1,45,0.0,1.05,4.0,15,33,6.0,0.0
0,45,85,75,70,10,30,0,18,4,45,1.0,1.05,2.0,33,15,3.0,23.37
15,10,60,55,90,0,30,20,33,4,21,1.0,0.6,2.0,33,50,6.0,0.09
30,45,105,65,90,25,0,0,25,0,45,0.0,1.05,5.0,50,33,3.0,0.0
15,45,75,55,70,2,60,20,40,1,90,1.0,1.2,2.0,15,50,3.0,0.0
15,20,60,75,70,0,60,0,25,4,7,0.0,0.6,5.0,50,33,6.0,0.0
60,45,85,45,70,2,0,5,33,0,45,0.5,0.85,2.0,50,33,3.0,0.0
60,10,95,55,50,10,0,5,18,0,45,0.5,0.6,6.0,15,50,3.0,0.0
60,10,105,45,90,2,0,0,25,0,90,1.0,1.05,4.0,50,15,1.5,0.31
5,30,95,75,90,2,60,0,25,7,45,0.5,0.6,6.0,15,50,3.0,24.06
0,30,60,55,70,2,90,20,40,1,21,0.0,1.05,6.0,15,50,3.0,1.33
0,30,75,45,70,2,0,5,25,4,45,0.0,1.05,6.0,15,50,6.0,12.72
60,30,75,65,30,10,30,20,33,1,7,1.0,1.05,5.0,50,50,6.0,0.0
60,20,95,65,50,25,30,5,33,4,21,0.0,0.6,6.0,50,15,1.5,0.0
60,20,60,55,70,0,0,20,18,1,21,0.0,0.6,2.0,33,33,1.5,0.0
0,20,85,75,70,10,0,0,25,1,21,0.0,0.85,4.0,15,50,3.0,2.21
5,30,95,45,70,2,0,0,40,0,45,1.0,1.2,4.0,33,50,1.5,0.87
0,45,105,55,50,25,0,20,18,7,21,0.5,0.6,5.0,15,50,1.5,10.95
0,45,105,65,70,2,0,0,40,2,90,1.0,0.85,2.0,15,15,1.5,16.29
60,30,95,55,70,10,60,5,18,4,90,0.0,0.6,5.0,15,33,3.0,0.25
60,20,75,65,30,0,0,20,25,7,21,1.0,1.05,2.0,15,50,6.0,0.0
60,20,85,75,70,2,90,0,33,4,45,0.0,1.05,4.0,15,50,1.5,0.56
30,10,95,75,90,25,0,20,40,1,21,0.0,0.6,2.0,50,33,6.0,0.2
60,30,85,55,30,2,90,0,18,1,45,1.0,0.6,4.0,33,33,6.0,0.13
0,45,60,55,90,2,0,5,18,7,21,0.0,0.6,5.0,33,50,1.5,19.71
0,45,75,65,90,10,30,5,40,7,45,0.5,0.85,4.0,33,33,1.5,17.67
30,30,75,45,70,2,90,5,18,1,7,0.5,0.85,2.0,50,33,3.0,0.0
60,10,75,65,70,0,0,20,40,7,45,0.5,1.05,6.0,33,50,3.0,0.0
60,10,95,65,70,2,0,5,33,0,45,0.0,1.05,5.0,33,33,3.0,0.88
0,10,95,75,70,2,0,0,18,1,45,1.0,0.6,5.0,15,33,6.0,1.28
60,10,95,75,30,0,60,5,40,2,45,1.0,1.05,2.0,15,15,1.5,0.11
15,45,85,65,70,25,90,20,25,2,90,0.5,0.85,5.0,33,15,3.0,0.0
60,20,85,75,90,2,60,5,40,0,7,0.0,0.6,6.0,50,33,6.0,1.3
0,20,60,75,70,2,60,0,18,2,45,1.0,0.6,5.0,15,15,3.0,4.81
0,45,60,75,70,0,90,20,33,4,90,1.0,1.2,4.0,15,50,1.5,9.64
5,20,60,75,90,25,0,0,33,2,90,0.0,1.2,5.0,33,33,3.0,0.48
60,45,85,65,50,10,60,0,25,1,7,0.0,0.85,6.0,50,15,3.0,0.71
15,45,105,55,90,10,0,20,33,2,45,0.0,0.6,5.0,33,33,6.0,0.0
15,45,75,55,70,25,0,20,40,1,90,0.5,1.2,6.0,33,50,3.0,0.49
0,30,75,65,50,10,0,20,18,7,90,0.0,1.2,4.0,50,50,3.0,8.75
15,45,95,75,90,25,90,0,18,7,7,1.0,0.85,5.0,15,33,3.0,14.99
60,20,60,75,90,25,0,20,33,4,90,0.5,0.6,2.0,50,33,6.0,0.47
30,20,105,75,90,0,60,5,40,4,90,0.0,1.05,2.0,33,33,3.0,0.16
15,10,60,65,70,10,60,20,33,0,45,0.5,1.05,4.0,33,33,6.0,0.0
5,45,85,65,70,10,60,20,33,4,90,1.0,1.2,4.0,15,33,6.0,10.99
15,10,105,65,50,0,90,0,40,4,21,1.0,0.85,6.0,33,50,3.0,0.32
60,45,60,65,50,25,90,0,25,4,90,1.0,0.6,4.0,33,33,6.0,0.28
5,30,75,65,30,0,90,20,40,0,90,0.5,0.85,6.0,33,33,6.0,0.0
60,30,75,65,90,0,90,5,18,7,7,0.5,0.85,6.0,50,33,1.5,0.47
5,30,105,55,70,0,0,5,18,2,90,1.0,1.2,2.0,33,50,6.0,11.95
5,20,60,75,30,0,0,0,25,2,7,0.0,0.85,6.0,33,15,1.5,4.12
5,30,105,65,30,0,0,20,40,7,45,1.0,0.6,2.0,50,50,1.5,7.14
60,30,95,65,30,2,0,0,25,7,90,1.0,0.6,5.0,33,33,6.0,0.0
5,10,75,55,30,10,90,5,40,7,45,0.0,0.85,5.0,15,50,6.0,4.52
5,45,85,65,50,10,90,0,40,4,21,0.5,1.05,2.0,50,15,1.5,20.82
30,45,75,45,90,2,0,5,25,2,7,0.5,1.05,4.0,15,33,3.0,0.0
60,20,85,65,50,25,30,5,40,4,21,1.0,1.05,2.0,15,50,3.0,0.0
30,30,95,75,30,0,60,0,40,4,21,1.0,1.2,6.0,33,15,6.0,0.21
15,10,85,75,50,0,0,0,18,2,7,0.5,0.6,2.0,33,15,6.0,0.61
15,20,75,75,30,2,90,5,40,7,7,0.5,1.2,4.0,33,33,1.5,19.33
0,20,85,55,30,0,0,0,33,7,45,0.5,1.2,6.0,15,15,1.5,29.6
0,45,85,55,30,25,60,5,18,4,21,0.0,0.85,2.0,50,50,3.0,6.12
5,45,75,55,90,0,0,0,18,2,21,0.5,0.85,2.0,50,50,1.5,11.68
15,10,60,75,30,2,90,5,33,7,90,0.5,0.6,4.0,50,33,1.5,4.0
15,20,85,45,70,25,0,0,18,0,45,0.5,0.6,2.0,33,50,1.5,0.69
60,30,105,75,30,2,90,5,25,2,90,0.5,1.2,6.0,15,33,3.0,0.0
60,30,95,55,70,25,60,0,33,1,21,0.5,1.2,5.0,15,33,6.0,0.53
60,45,60,75,70,10,0,20,25,4,90,0.0,0.6,5.0,50,50,1.5,0.0
30,10,85,45,30,25,60,5,40,0,21,0.5,1.2,6.0,33,15,3.0,0.0
15,30,75,65,50,25,90,20,18,7,7,1.0,1.05,2.0,15,33,1.5,10.32
5,45,105,75,50,25,60,20,40,0,45,0.0,1.05,2.0,33,50,6.0,0.0
5,10,95,75,30,25,0,0,40,7,7,0.5,0.85,6.0,33,50,3.0,2.72
5,20,105,75,90,25,0,20,18,2,45,0.0,1.2,2.0,33,15,1.5,2.06
0,45,85,45,30,0,90,5,33,1,45,0.5,1.05,6.0,33,15,6.0,6.32
30,45,95,45,90,25,90,0,18,7,21,0.0,0.85,5.0,50,15,3.0,7.01
60,20,60,65,50,25,30,20,33,7,90,1.0,0.85,4.0,33,33,3.0,1.18
0,10,75,45,70,10,60,20,40,4,7,0.0,0.85,4.0,33,33,1.5,1.54
0,10,105,45,50,10,90,20,18,0,90,1.0,0.85,2.0,50,50,3.0,0.13
5,45,60,55,70,10,60,20,18,2,7,0.5,1.2,6.0,15,33,6.0,2.93
30,30,105,75,50,25,0,0,33,1,90,1.0,1.2,4.0,15,15,6.0,0.74
5,20,85,65,70,0,0,5,33,0,90,1.0,1.2,4.0,50,50,3.0,0.78
60,20,85,45,30,0,0,5,40,2,45,1.0,1.05,4.0,50,50,1.5,0.0
0,10,85,75,30,2,60,20,40,0,90,0.0,1.2,5.0,50,50,1.5,0.0
0,30,85,75,30,10,30,0,33,4,7,0.0,1.2,2.0,15,33,3.0,13.71
15,30,60,55,30,0,60,20,18,0,45,0.5,1.05,5.0,33,15,6.0,0.0
15,20,95,65,30,25,30,20,25,7,45,0.0,1.2,4.0,33,33,1.5,6.9
5,10,85,55,70,0,60,5,18,0,21,0.5,0.85,5.0,33,15,1.5,0.2
30,30,60,65,30,2,0,20,33,0,7,0.5,0.6,5.0,15,15,1.5,0.0
0,45,85,45,70,10,0,5,40,7,21,0.0,0.85,6.0,33,50,6.0,17.36
60,30,95,55,90,2,0,20,25,2,21,0.0,0.6,6.0,15,33,3.0,0.68
5,45,60,75,30,2,60,0,25,4,21,1.0,1.05,2.0,15,50,3.0,31.4
60,20,95,75,70,2,90,5,25,4,45,1.0,0.85,2.0,50,33,6.0,0.0
15,30,85,75,30,10,0,20,33,0,45,0.5,0.85,2.0,50,33,6.0,0.0
30,20,75,45,50,2,0,5,25,1,21,0.0,0.85,2.0,50,50,3.0,0.0
0,20,85,45,50,25,0,5,18,0,45,0.0,1.2,6.0,33,50,3.0,0.0
5,45,60,55,90,10,90,20,40,4,21,0.5,0.6,5.0,15,33,1.5,4.62
60,10,105,55,50,2,0,20,40,0,7,1.0,0.85,5.0,33,33,1.5,0.0
0,45,75,45,30,25,30,5,40,7,21,1.0,0.6,6.0,50,50,3.0,8.36
0,10,95,75,30,2,90,20,18,2,21,0.5,0.85,5.0,33,33,6.0,1.31
0,45,105,55,50,10,0,20,40,7,90,0.0,0.85,2.0,15,50,1.5,12.2
60,20,85,45,70,10,60,20,40,7,7,0.5,0.85,4.0,33,33,3.0,0.0
30,20,95,45,50,0,30,0,18,4,90,1.0,1.2,5.0,15,33,6.0,0.0
60,45,85,55,30,25,0,20,25,4,21,1.0,1.05,4.0,33,15,1.5,0.0
60,45,60,65,30,10,60,5,18,1,90,0.0,0.6,5.0,15,15,3.0,0.5
15,45,75,65,90,10,60,0,25,0,90,1.0,0.85,6.0,15,50,1.5,0.0
30,45,95,55,30,10,0,5,33,4,45,0.0,0.6,5.0,33,33,3.0,0.8
30,45,75,45,90,10,90,5,25,2,45,1.0,1.05,4.0,33,33,6.0,0.12
5,20,105,45,90,2,30,20,40,4,45,0.0,1.2,2.0,15,33,3.0,3.96
0,20,105,55,90,2,90,20,25,1,21,0.0,1.2,4.0,15,33,6.0,1.5
60,45,75,75,90,0,0,0,33,4,45,0.5,1.05,2.0,50,33,1.5,0.0
30,10,85,55,90,2,90,0,33,0,90,0.0,0.6,2.0,15,33,3.0,0.64
0,45,60,65,30,0,0,0,18,4,90,0.5,1.05,5.0,33,33,6.0,30.3
5,10,60,45,90,10,90,0,40,2,21,0.0,1.05,4.0,50,15,3.0,0.88
60,45,75,45,90,2,30,0,40,4,45,0.5,0.6,2.0,50,33,1.5,0.0
60,45,60,45,90,0,30,20,33,0,21,0.5,0.6,2.0,33,33,1.5,0.33
30,30,75,65,70,25,60,0,40,2,7,0.5,0.85,5.0,33,33,6.0,0.44
15,10,60,75,30,2,60,20,33,1,90,0.5,1.05,6.0,33,50,6.0,0.15
0,30,85,55,50,2,0,0,40,2,21,0.0,0.85,4.0,50,33,3.0,7.73
15,30,85,55,50,2,60,5,40,7,90,0.5,1.05,2.0,33,33,3.0,28.27
30,30,105,75,50,2,60,0,18,4,90,1.0,0.6,2.0,15,50,6.0,0.52
30,30,85,55,50,2,0,5,33,1,7,0.0,0.85,6.0,33,50,3.0,0.55
0,20,85,45,30,10,60,5,18,2,45,0.0,1.05,5.0,33,33,1.5,2.5
5,20,85,55,70,10,0,20,40,0,7,0.5,0.85,2.0,50,15,6.0,0.0
5,30,95,65,70,0,90,0,18,1,21,0.0,0.6,2.0,15,33,3.0,0.64
5,10,105,45,70,10,60,5,25,4,90,0.0,1.2,2.0,33,15,3.0,4.04
0,45,75,75,50,2,90,5,25,2,21,0.0,1.2,5.0,33,15,1.5,11.18
30,10,85,75,30,25,30,5,40,4,45,0.0,0.85,6.0,15,33,6.0,0.31
15,30,85,65,30,2,60,5,25,7,21,0.5,0.85,2.0,15,33,3.0,21.46
0,30,105,65,50,25,60,5,40,0,45,1.0,1.05,4.0,15,15,1.5,0.54
5,10,75,65,90,10,90,0,40,0,90,0.5,1.05,2.0,15,15,1.5,0.0
0,10,75,75,90,10,60,20,40,0,7,0.5,0.6,4.0,33,15,6.0,0.13
30,20,60,45,70,2,90,5,25,1,90,1.0,0.85,6.0,33,50,3.0,0.0
5,20,95,75,70,2,0,0,33,1,45,0.0,1.2,4.0,50,15,3.0,0.16
0,30,85,65,70,0,90,20,33,2,90,0.0,1.05,4.0,50,33,1.5,3.08
60,20,95,75,30,10,90,0,40,7,45,0.0,1.2,2.0,33,50,1.5,0.23
0,10,60,55,30,25,90,0,18,4,45,1.0,0.6,5.0,33,50,3.0,0.94
30,45,60,75,90,25,90,0,18,2,7,1.0,1.05,4.0,33,15,1.5,0.32
15,30,95,75,70,25,60,5,40,2,90,0.0,0.85,6.0,33,33,1.5,0.0
0,30,60,75,70,0,30,0,25,0,45,0.5,0.85,2.0,33,50,3.0,0.0
0,45,85,55,90,2,0,5,25,2,21,1.0,0.6,6.0,50,50,1.5,7.19
30,20,105,55,30,25,0,5,18,4,7,0.0,1.2,6.0,15,33,6.0,0.5
30,10,85,45,70,0,0,5,40,4,90,1.0,0.85,2.0,50,50,3.0,0.18
30,45,60,75,30,25,60,20,40,0,21,0.0,0.85,2.0,50,50,3.0,0.0
30,45,105,55,70,2,90,5,40,7,90,1.0,1.2,4.0,33,33,6.0,40.0
5,20,60,45,90,0,60,5,40,2,45,0.0,0.6,4.0,15,33,3.0,2.45
0,10,85,75,90,0,60,0,25,7,21,0.5,1.2,5.0,50,50,1.5,14.55
5,45,60,75,70,0,60,20,25,1,7,0.5,1.2,4.0,33,50,1.5,1.43
60,10,85,45,30,2,90,20,18,0,45,0.5,0.6,5.0,33,50,3.0,0.0
15,30,60,65,30,10,0,20,25,7,45,0.0,1.2,2.0,50,50,1.5,8.2
30,10,60,75,30,25,0,5,33,0,90,1.0,1.2,6.0,15,15,3.0,0.0
30,20,105,65,50,0,90,5,18,7,7,0.5,1.05,4.0,33,50,1.5,5.96
30,30,95,55,70,0,0,0,18,1,7,0.5,0.6,6.0,15,33,3.0,0.72
60,45,75,55,70,10,90,5,33,0,45,1.0,1.05,4.0,15,33,1.5,0.0
0,20,95,55,50,10,30,0,40,4,90,0.0,1.05,5.0,50,15,3.0,8.56
60,20,75,65,70,10,30,20,33,2,21,0.0,0.85,2.0,15,15,3.0,0.0
30,30,60,65,30,2,60,5,25,1,21,0.5,1.05,2.0,50,15,6.0,0.0
30,20,60,75,70,2,60,0,25,1,45,0.0,1.05,4.0,15,50,1.5,0.0
30,45,85,75,50,0,90,0,25,2,7,0.0,1.2,5.0,50,33,3.0,0.0
60,10,85,55,70,0,90,20,25,7,90,0.0,1.05,5.0,50,33,6.0,0.14
30,10,95,55,70,25,30,5,18,7,7,0.5,1.05,4.0,50,15,3.0,0.29
5,20,60,75,90,10,0,0,18,2,21,0.0,1.2,2.0,15,33,1.5,4.0
30,45,85,75,90,2,90,0,25,4,90,0.0,0.6,5.0,15,50,1.5,0.0
60,10,75,55,50,25,60,5,33,1,90,0.5,1.05,5.0,33,15,1.5,0.0
5,20,75,45,50,10,90,5,33,1,90,0.0,0.85,2.0,33,15,6.0,0.0
30,10,95,55,70,10,0,0,40,7,21,1.0,0.85,4.0,15,33,1.5,0.59
30,10,85,55,90,10,90,0,18,1,90,1.0,0.85,2.0,33,33,6.0,0.0
15,45,75,65,30,25,60,0,25,1,45,0.0,0.6,6.0,15,50,1.5,0.89
30,10,85,55,50,25,0,0,40,7,7,1.0,1.05,5.0,33,33,1.5,0.58
30,20,60,55,50,25,90,5,40,1,21,0.0,0.6,2.0,33,15,6.0,0.6
0,45,105,75,70,25,60,0,18,7,7,1.0,0.6,2.0,50,50,3.0,10.92
15,45,75,45,50,0,0,0,40,2,90,0.5,1.2,2.0,15,15,1.5,5.0
0,45,105,45,90,0,60,0,25,1,90,0.5,0.6,2.0,50,33,6.0,5.55
5,10,95,55,30,10,0,5,33,1,90,0.0,1.2,2.0,50,50,1.5,0.46
0,10,60,45,90,2,60,0,25,4,21,0.0,0.85,2.0,15,15,6.0,4.5
30,10,75,45,30,10,0,0,33,4,90,0.0,0.85,6.0,15,33,3.0,0.36
0,30,85,45,30,25,30,20,33,1,21,0.0,1.05,2.0,15,33,6.0,1.69
5,45,75,65,30,0,60,20,33,4,7,0.5,0.85,2.0,33,50,1.5,6.73
0,20,75,55,30,25,90,0,18,7,21,0.5,0.6,6.0,33,15,6.0,2.32
5,30,105,75,90,10,30,0,18,1,90,0.0,1.05,6.0,33,15,1.5,0.64
60,10,60,45,70,0,90,0,40,4,45,0.0,0.6,5.0,33,50,1.5,0.0
0,30,95,65,30,0,30,20,33,2,45,1.0,1.05,6.0,50,33,6.0,3.63
0,10,75,55,50,0,0,5,33,0,7,0.5,0.6,2.0,33,33,1.5,0.19
30,30,60,55,90,25,90,20,33,0,45,0.5,0.6,6.0,50,15,6.0,0.44
60,30,75,75,70,25,90,0,18,1,7,0.5,1.2,2.0,15,15,3.0,0.56
15,20,85,75,90,10,0,5,33,1,90,0.0,1.2,5.0,33,15,1.5,0.31
15,30,60,45,30,2,0,5,33,2,90,0.0,1.05,6.0,33,15,3.0,0.0
5,30,75,75,30,0,0,20,25,2,45,0.0,0.6,5.0,50,33,6.0,0.99
5,45,60,75,70,0,90,0,40,0,21,0.0,1.05,4.0,33,33,1.5,0.14
0,20,85,45,90,25,30,0,18,7,45,0.5,0.6,6.0,33,33,6.0,4.28
30,10,85,65,50,0,90,0,25,1,90,1.0,0.6,2.0,50,15,6.0,0.1
30,30,95,45,50,0,90,5,40,2,90,0.5,1.2,5.0,33,50,3.0,0.0
0,30,85,45,30,10,30,20,25,2,90,0.0,0.85,6.0,15,15,1.5,2.31
60,30,85,45,70,2,30,5,33,1,7,0.0,0.85,6.0,33,50,1.5,0.0
60,10,85,55,50,0,60,0,18,4,90,0.0,0.6,4.0,15,15,6.0,0.0
60,30,60,45,90,25,90,5,25,0,7,1.0,0.6,5.0,15,33,1.5,0.0
15,45,85,65,70,10,0,5,18,2,21,1.0,1.2,6.0,33,15,6.0,2.47
15,20,60,65,70,25,90,5,33,7,90,1.0,0.85,6.0,15,50,3.0,5.32
5,20,85,55,90,0,30,20,18,7,7,0.5,1.2,6.0,33,50,1.5,8.37
15,10,75,65,50,0,90,5,25,1,90,0.5,0.6,6.0,15,33,6.0,0.0
30,10,75,65,50,2,90,20,25,4,45,1.0,0.85,6.0,15,50,1.5,0.0
0,20,60,65,50,10,0,0,33,4,7,0.5,0.85,6.0,15,15,1.5,6.68
30,20,60,75,50,10,90,20,40,1,45,0.5,0.6,5.0,33,33,3.0,0.0
15,45,75,45,30,25,60,20,25,4,90,0.0,1.2,2.0,15,50,6.0,5.29
5,20,60,45,70,10,90,20,18,4,45,0.5,0.6,2.0,50,33,1.5,1.87
60,10,75,65,70,25,30,20,25,4,7,0.5,0.85,5.0,50,33,1.5,0.82
30,20,95,55,30,10,30,20,18,7,7,0.0,1.2,4.0,15,50,6.0,2.0
5,10,85,65,30,2,0,20,25,2,7,1.0,0.6,6.0,33,33,3.0,0.25
30,20,105,75,30,2,30,20,40,1,21,1.0,1.2,2.0,50,15,3.0,0.32
15,20,105,55,70,2,0,0,18,1,90,0.5,0.6,6.0,15,50,1.5,0.02
30,45,95,45,50,25,60,20,18,4,21,0.5,1.05,2.0,15,33,6.0,2.16
0,20,105,45,90,25,0,0,25,4,21,1.0,1.05,4.0,15,50,1.5,5.94
30,10,85,75,70,2,60,0,40,7,21,0.0,0.85,2.0,33,15,6.0,0.0
15,45,60,45,70,25,30,0,18,4,90,1.0,0.6,2.0,50,50,3.0,2.64
0,30,60,55,30,10,60,5,18,1,7,1.0,0.85,6.0,15,33,6.0,1.99
30,30,105,65,90,2,30,5,40,0,90,0.0,0.85,6.0,33,33,1.5,0.0
5,30,60,55,90,0,90,5,40,2,7,1.0,1.2,5.0,50,15,3.0,8.36
30,20,75,75,70,25,0,20,33,2,21,0.5,1.2,6.0,33,50,3.0,0.36
5,30,85,55,90,0,30,5,33,2,21,0.0,1.2,2.0,33,15,3.0,7.87
15,30,60,55,70,25,90,20,18,1,7,0.5,0.85,5.0,50,50,6.0,0.94
0,10,75,75,90,2,30,20,33,0,21,1.0,0.6,5.0,15,33,3.0,0.0
0,20,95,45,90,10,60,0,18,7,90,0.0,1.2,2.0,33,50,6.0,16.58
5,10,75,55,70,0,30,20,40,2,45,0.0,1.05,2.0,15,33,3.0,0.49
30,30,85,65,90,10,90,0,25,7,7,0.0,1.2,2.0,33,33,1.5,13.51
15,45,75,65,30,0,90,0,18,4,90,0.0,1.2,2.0,50,33,1.5,23.53
0,45,95,75,30,2,60,5,33,4,90,1.0,0.6,2.0,33,15,1.5,17.39
30,45,85,75,70,10,60,5,18,4,21,0.5,0.85,6.0,15,33,1.5,0.0
5,20,85,75,90,25,0,20,18,7,90,0.5,0.6,5.0,15,33,6.0,4.31
5,30,105,75,70,10,0,0,40,0,21,0.5,0.6,4.0,15,50,6.0,0.06
60,20,60,65,70,2,0,20,25,0,21,0.5,1.05,5.0,33,50,6.0,0.0
30,20,85,75,90,25,30,0,18,4,21,0.5,1.05,6.0,50,15,3.0,0.0
0,30,60,45,70,0,30,5,40,4,90,0.5,1.2,5.0,50,50,6.0,18.42
5,30,105,75,90,2,90,0,40,4,45,0.5,1.2,2.0,15,15,6.0,27.65
15,30,85,45,50,10,60,0,25,4,90,0.5,1.05,2.0,15,50,3.0,8.05
60,45,105,75,30,25,90,0,18,2,7,1.0,0.85,5.0,50,15,6.0,0.26
60,30,105,45,70,10,60,5,33,1,90,0.0,1.2,4.0,33,33,3.0,0.0
60,45,60,45,70,10,90,20,25,7,90,0.5,0.6,6.0,33,15,6.0,0.24
5,10,85,75,30,2,90,20,25,7,7,0.0,1.05,6.0,50,50,6.0,2.61
0,30,105,75,90,25,0,20,40,2,7,0.0,0.85,4.0,50,50,1.5,1.67
15,45,95,75,70,25,30,0,40,4,7,1.0,1.2,4.0,33,33,6.0,8.51
60,45,60,75,50,2,90,0,18,1,7,0.0,0.85,6.0,15,33,6.0,0.32
60,45,85,45,70,25,90,5,33,7,90,0.5,0.6,5.0,15,33,3.0,0.0
5,30,105,65,70,0,30,0,40,4,21,0.0,0.6,2.0,50,15,6.0,14.61
60,20,85,55,30,0,30,0,33,1,90,0.5,0.6,5.0,50,33,3.0,0.0
60,10,60,45,50,2,30,0,33,1,45,0.0,1.05,2.0,33,50,3.0,0.0
15,30,75,75,90,25,0,20,25,4,90,1.0,0.85,4.0,15,15,3.0,1.58
15,20,60,45,70,10,60,5,40,4,7,0.5,0.85,5.0,15,50,3.0,1.62
15,10,60,55,30,10,0,20,40,1,21,1.0,1.2,5.0,15,15,3.0,0.0
15,30,95,45,50,0,30,20,33,4,90,1.0,0.85,6.0,33,33,6.0,2.56
0,10,105,55,30,10,30,5,25,2,45,0.0,1.05,6.0,15,50,6.0,2.15
0,45,105,45,50,10,90,5,18,1,45,0.0,1.2,5.0,50,15,6.0,3.33
15,10,85,55,70,0,60,20,33,2,90,1.0,1.05,2.0,15,15,3.0,0.0
30,10,60,65,90,2,90,0,33,1,7,0.0,0.6,5.0,50,33,3.0,0.0
15,20,105,65,70,2,0,20,33,2,7,0.0,0.85,4.0,15,50,3.0,0.14
30,45,75,45,70,2,0,0,25,2,21,0.0,0.85,6.0,15,15,3.0,0.0
15,30,85,75,50,10,90,5,40,2,90,1.0,0.85,4.0,50,15,6.0,0.0
0,10,105,65,30,10,90,20,40,7,21,1.0,0.6,5.0,33,15,6.0,2.33
60,20,105,75,50,0,0,20,40,2,45,0.5,0.6,6.0,33,33,3.0,0.24
30,45,60,55,50,25,0,20,40,2,90,0.5,0.6,2.0,50,15,1.5,0.37
30,30,75,45,70,25,0,5,33,1,7,1.0,1.2,5.0,50,33,3.0,0.32
5,10,75,65,70,10,0,20,40,1,7,1.0,1.2,2.0,50,50,6.0,0.0
0,10,60,55,30,2,90,5,25,7,7,1.0,1.2,5.0,15,33,1.5,12.09
30,45,95,65,90,0,0,5,25,2,21,0.5,1.05,6.0,33,15,6.0,0.0
0,20,60,55,30,0,0,20,40,0,21,0.0,0.6,5.0,15,50,1.5,1.16
15,10,95,75,70,2,0,20,40,0,45,0.0,0.85,2.0,33,33,1.5,0.45
5,20,85,75,70,10,90,0,18,4,7,0.5,0.6,6.0,33,50,1.5,4.66
60,20,60,65,30,0,0,0,40,1,7,1.0,1.05,6.0,50,50,6.0,0.03
0,10,60,75,30,10,90,5,40,4,45,1.0,1.05,6.0,33,33,6.0,3.47
5,45,95,65,70,25,0,0,25,4,45,1.0,1.2,5.0,15,15,1.5,12.08
60,10,85,65,50,2,60,0,18,2,21,0.0,1.2,2.0,15,15,1.5,0.0
15,30,85,75,70,2,90,5,18,4,21,1.0,0.85,5.0,15,15,3.0,8.33
5,20,60,55,70,2,0,5,25,4,21,1.0,0.85,2.0,50,15,6.0,9.65
0,45,60,45,50,10,0,5,33,1,7,0.5,1.05,6.0,33,15,1.5,2.79
0,20,95,45,90,0,0,20,18,4,90,0.5,0.85,5.0,15,15,3.0,3.65
5,45,60,45,30,25,0,5,40,7,90,0.5,1.2,5.0,15,33,3.0,15.95
5,30,105,65,90,10,30,20,40,2,21,0.5,0.85,5.0,33,33,3.0,1.43
30,45,75,65,30,25,90,0,25,1,21,1.0,1.2,2.0,15,33,6.0,0.0
0,30,60,75,30,10,0,20,40,1,21,0.0,0.6,5.0,33,33,1.5,0.3
0,10,85,65,50,2,60,0,40,1,7,0.5,0.85,2.0,33,50,6.0,1.98
30,45,60,55,30,0,60,0,25,2,21,0.5,0.85,6.0,15,33,3.0,0.0
60,45,95,55,70,25,30,5,33,0,90,0.5,1.2,4.0,15,50,3.0,0.0
15,20,60,75,70,25,60,0,25,1,90,1.0,0.85,5.0,50,33,1.5,0.0
5,30,60,75,50,0,60,5,33,7,21,0.5,0.85,6.0,33,15,1.5,22.72
0,20,85,45,50,25,90,5,25,2,7,0.5,0.6,6.0,50,33,3.0,1.58
15,20,75,65,90,25,60,0,40,7,21,0.0,1.2,5.0,15,33,1.5,5.48
5,30,75,65,70,10,90,0,33,0,7,0.5,1.2,5.0,50,33,6.0,0.0
30,45,85,75,70,0,30,20,25,0,21,0.5,1.2,2.0,33,50,1.5,0.0
5,30,105,65,50,2,60,5,25,2,7,0.5,0.6,4.0,33,15,3.0,4.87
15,30,95,45,70,0,0,20,18,0,7,0.5,1.2,4.0,50,50,6.0,0.33
0,20,105,55,70,10,60,20,18,0,21,0.5,1.2,2.0,15,33,3.0,0.0
30,30,75,45,30,25,60,5,40,7,45,0.0,0.6,4.0,15,50,6.0,0.0
5,20,105,45,90,10,0,20,40,2,45,0.0,0.85,4.0,33,33,3.0,0.85
15,45,75,45,50,2,90,5,40,1,90,0.0,0.6,2.0,33,50,6.0,0.83
0,10,105,45,30,2,0,0,33,1,90,1.0,0.85,6.0,50,50,3.0,1.29
5,10,75,45,90,0,0,20,18,4,21,0.0,0.85,6.0,33,50,3.0,0.58
5,10,85,65,30,10,0,20,18,4,7,1.0,0.85,6.0,50,15,6.0,1.25
60,30,75,75,50,10,30,5,25,4,21,1.0,1.2,5.0,50,33,3.0,0.0
60,10,60,55,50,2,60,5,33,4,21,1.0,0.85,5.0,33,50,1.5,0.0
0,45,60,45,70,10,90,5,25,0,21,1.0,1.2,2.0,33,50,6.0,0.0
60,10,105,65,30,25,90,20,33,1,7,0.0,1.2,2.0,33,33,3.0,0.18
0,10,95,55,70,10,60,20,40,2,45,0.0,0.6,4.0,33,15,6.0,0.42
60,45,85,45,90,2,0,0,18,2,90,0.0,0.6,6.0,33,15,6.0,0.0
15,20,105,55,70,10,60,20,40,7,7,1.0,1.05,6.0,50,50,1.5,8.07
0,10,85,45,50,2,90,0,33,1,45,1.0,1.05,6.0,50,15,1.5,2.7
0,10,95,75,50,10,60,5,18,7,45,0.5,1.2,4.0,33,50,3.0,7.45
30,30,95,75,50,0,30,5,40,1,7,1.0,0.6,2.0,15,50,6.0,0.18
30,30,60,45,70,2,0,20,25,1,21,0.0,1.05,6.0,33,33,1.5,0.0
5,45,105,55,90,25,60,5,33,2,45,0.0,1.05,6.0,50,33,3.0,4.4
30,45,85,75,50,25,60,20,40,0,21,0.0,0.6,2.0,15,33,3.0,0.0
15,45,85,65,50,2,60,5,33,1,45,1.0,1.05,5.0,33,15,3.0,0.32
15,30,60,65,90,2,30,5,18,4,45,1.0,0.6,2.0,50,15,6.0,2.38
30,10,75,75,70,10,60,20,33,1,21,1.0,0.6,4.0,15,50,1.5,0.0
60,45,95,45,30,0,0,20,40,4,90,0.5,0.85,6.0,15,33,6.0,0.67
60,10,105,65,50,25,0,5,25,4,45,0.5,1.05,4.0,50,33,3.0,0.0
60,20,105,75,30,25,0,20,40,4,90,0.5,1.05,2.0,50,33,1.5,0.77
0,45,85,55,30,25,0,20,18,2,21,1.0,0.6,4.0,33,15,3.0,2.35
15,10,75,65,70,10,90,5,33,2,7,1.0,0.85,6.0,50,15,1.5,0.88
0,45,105,55,90,2,0,20,25,2,45,0.0,0.85,4.0,50,33,3.0,3.29
5,30,105,45,50,10,60,5,40,0,7,0.5,0.85,6.0,33,15,3.0,0.0
0,30,105,55,90,2,30,5,18,1,21,0.0,1.2,5.0,50,15,1.5,4.62
30,10,95,75,50,10,60,0,25,2,90,0.0,0.85,6.0,15,15,6.0,0.0
15,45,85,45,90,2,90,0,25,2,21,0.0,1.05,2.0,33,50,6.0,2.88
15,10,95,55,50,25,60,0,33,2,45,0.0,1.2,2.0,50,15,6.0,0.0
5,30,85,75,50,2,60,0,33,2,21,0.0,1.2,2.0,15,15,6.0,9.79
60,20,95,65,50,2,60,0,40,0,45,0.5,0.85,4.0,33,33,3.0,0.04
30,20,105,65,30,2,60,0,40,2,90,1.0,0.6,2.0,33,50,3.0,0.0
5,10,95,55,90,25,0,20,33,0,45,0.5,1.2,5.0,15,15,3.0,0.09
15,10,85,75,90,10,60,20,18,4,45,1.0,1.2,6.0,50,50,6.0,0.23
15,20,60,65,50,0,0,5,25,0,7,0.0,1.2,6.0,15,50,1.5,0.25
30,20,85,45,30,10,30,0,25,7,90,0.0,0.85,4.0,15,15,6.0,0.0
0,30,60,55,70,10,60,0,25,2,21,0.0,1.05,4.0,15,15,1.5,5.92
5,10,60,45,30,2,30,5,25,7,21,0.5,0.85,5.0,15,50,6.0,7.37
5,30,75,55,70,25,0,20,40,4,21,1.0,1.05,5.0,33,50,3.0,5.3
30,30,60,75,90,10,30,5,18,2,7,1.0,0.85,2.0,50,33,1.5,0.0
5,45,60,55,90,2,0,20,33,4,90,1.0,0.85,6.0,15,33,6.0,6.82
5,45,75,55,70,10,90,20,40,4,21,1.0,0.85,5.0,15,50,1.5,7.59
60,20,75,55,50,2,30,20,18,1,45,0.0,0.85,4.0,33,50,1.5,0.21
30,20,95,45,70,0,0,5,33,0,21,0.5,1.05,4.0,15,50,1.5,0.0
30,10,105,55,50,10,0,5,40,1,21,0.0,1.2,5.0,15,33,1.5,0.48
15,20,75,75,70,0,0,5,25,0,45,0.5,1.2,5.0,50,33,1.5,0.0
15,45,75,55,50,2,0,0,40,0,90,0.0,1.2,5.0,50,33,3.0,0.0
30,30,95,65,50,0,60,20,25,2,90,0.5,0.6,6.0,50,15,6.0,0.29
0,20,85,55,70,10,0,0,18,2,45,1.0,1.2,4.0,50,33,1.5,5.41
5,45,95,75,90,0,60,0,33,7,90,0.5,1.2,2.0,15,15,3.0,40.0
15,30,75,55,30,25,60,5,25,1,90,1.0,0.6,5.0,15,33,1.5,0.0
5,45,60,65,50,10,30,0,18,7,7,0.5,1.2,4.0,50,15,6.0,37.96
5,10,75,55,70,2,90,5,40,2,90,1.0,1.2,2.0,33,33,6.0,1.85
30,30,85,55,90,2,0,5,18,4,7,1.0,0.6,2.0,50,15,1.5,1.29
15,10,85,75,70,2,0,0,40,2,7,0.0,1.05,5.0,50,15,1.5,1.47
0,45,75,55,30,10,30,0,33,7,21,0.0,1.2,5.0,15,33,1.5,32.52
0,30,75,45,30,10,60,0,25,0,45,1.0,1.2,5.0,15,33,3.0,0.13
0,45,95,65,30,10,0,5,25,2,7,0.5,1.2,2.0,50,33,1.5,8.49
30,45,60,55,30,10,30,20,40,0,7,0.5,0.6,2.0,15,50,3.0,0.26
5,45,60,65,50,10,30,5,18,0,90,0.0,1.2,5.0,15,50,3.0,0.97
5,30,85,55,30,0,90,0,40,0,21,0.0,0.6,6.0,15,33,6.0,0.0
0,30,85,55,70,0,90,20,18,7,90,1.0,0.85,5.0,15,15,3.0,9.84
60,20,60,45,70,0,0,20,18,1,90,1.0,0.6,4.0,50,50,6.0,0.18
5,45,85,45,70,10,30,5,33,1,45,1.0,1.05,2.0,15,33,3.0,2.12
5,45,105,75,90,10,0,0,18,2,7,0.0,0.85,6.0,15,33,1.5,8.05
0,45,95,75,90,2,90,5,40,7,7,0.0,1.2,2.0,50,50,1.5,40.0
60,20,85,45,50,2,0,5,40,7,21,0.0,0.85,4.0,33,33,1.5,0.17
30,20,60,45,90,2,60,20,18,1,90,1.0,1.2,2.0,50,50,3.0,0.5
0,10,60,65,30,2,0,20,25,4,90,0.5,0.85,6.0,15,50,3.0,1.24
5,20,75,65,30,25,90,20,40,4,90,0.0,1.05,5.0,15,50,6.0,3.14
0,10,105,55,30,25,30,5,18,7,7,0.5,1.05,6.0,33,33,1.5,3.95
60,30,60,55,70,2,90,0,40,0,45,0.0,0.85,2.0,33,33,1.5,0.0
60,10,85,55,90,25,60,20,18,1,21,0.0,1.2,6.0,33,50,6.0,0.0
0,10,95,75,90,10,60,0,18,2,21,0.5,1.05,4.0,50,15,3.0,2.68
5,20,105,65,30,2,90,0,25,7,7,0.0,1.2,6.0,33,50,3.0,28.28
30,30,95,75,70,2,60,0,33,1,45,1.0,1.2,5.0,15,50,1.5,0.0
5,10,95,45,30,2,90,20,18,0,7,0.0,0.85,4.0,15,50,1.5,0.01
5,30,60,75,30,0,90,5,40,7,45,0.0,1.2,6.0,15,50,1.5,28.3
15,30,105,45,70,2,60,20,40,0,90,1.0,0.85,4.0,50,15,3.0,0.0
30,20,95,45,30,10,60,20,18,1,90,0.0,0.85,5.0,33,33,6.0,0.0
0,30,95,75,70,2,30,20,40,2,45,0.0,0.6,2.0,15,15,6.0,1.78
15,45,95,45,70,10,60,0,25,4,21,0.5,0.6,2.0,50,33,3.0,6.52
30,30,95,75,50,0,30,20,33,1,7,0.0,0.85,5.0,50,15,6.0,0.73
30,30,75,55,70,25,0,5,18,1,7,0.5,1.2,6.0,50,15,6.0,0.47
0,10,95,75,70,25,30,20,33,1,45,0.5,1.05,4.0,50,15,6.0,0.3
15,30,60,65,70,10,0,20,25,7,90,0.0,0.85,5.0,33,33,6.0,6.15
15,30,105,75,30,2,90,5,25,1,21,0.0,1.05,4.0,15,33,1.5,0.0
30,10,105,45,70,25,90,0,18,2,7,1.0,0.85,4.0,33,33,1.5,0.26
60,30,85,65,30,2,30,5,18,2,90,1.0,1.05,4.0,33,15,3.0,0.55
15,20,105,55,30,2,60,20,18,0,90,1.0,1.2,6.0,33,33,3.0,0.87
5,30,95,75,30,2,90,5,25,1,90,0.0,1.05,4.0,33,33,3.0,1.3
0,30,60,75,50,2,60,5,40,0,45,1.0,0.85,5.0,50,15,3.0,0.0
30,20,95,65,90,25,30,0,40,0,45,0.5,0.6,2.0,33,50,3.0,0.43
0,45,85,45,30,0,30,5,40,7,21,1.0,1.05,6.0,15,33,6.0,40.0
60,45,95,75,90,10,60,0,25,1,45,0.5,0.6,5.0,33,15,1.5,0.91
30,30,60,55,50,25,60,20,40,2,21,1.0,0.85,6.0,33,33,3.0,0.21
15,30,85,45,50,10,30,20,40,2,45,0.5,0.85,6.0,50,33,6.0,0.43
5,20,60,65,90,0,60,5,33,4,90,0.5,0.85,2.0,15,50,6.0,8.66
60,20,95,45,70,2,60,20,25,7,90,0.0,1.05,4.0,33,50,6.0,0.0
15,20,60,55,90,2,60,5,33,1,45,0.0,0.85,5.0,50,15,3.0,0.0
30,10,105,75,90,2,60,20,25,4,21,0.5,1.2,6.0,15,15,3.0,0.0
30,45,75,75,30,10,90,0,40,1,7,1.0,1.2,4.0,33,33,1.5,0.06
30,20,60,65,30,2,0,20,18,4,90,0.5,0.6,6.0,15,33,6.0,0.61
30,45,95,75,50,0,30,0,33,4,21,0.0,1.05,6.0,33,50,6.0,5.87
30,10,95,75,30,10,60,5,25,2,90,1.0,1.05,4.0,15,33,1.5,0.07
60,10,60,55,70,0,30,5,25,2,45,0.5,0.85,5.0,33,15,1.5,0.0
5,20,60,45,70,0,90,0,18,4,7,0.5,1.2,6.0,50,33,6.0,16.13
60,20,60,55,30,25,60,5,25,7,21,0.0,1.2,5.0,15,33,3.0,0.98
15,20,75,55,30,0,0,0,33,2,90,0.5,1.05,2.0,33,50,6.0,0.0
60,30,105,75,90,0,30,0,40,0,45,0.5,0.85,5.0,50,15,1.5,1.04
5,30,85,65,90,2,90,5,25,4,90,0.0,1.2,5.0,50,33,6.0,16.57
15,10,60,75,50,2,90,5,25,7,21,1.0,0.6,6.0,50,15,3.0,5.67
15,20,105,55,30,0,30,5,40,2,21,1.0,1.05,2.0,33,50,6.0,1.2
30,20,60,55,90,2,0,0,25,0,21,1.0,0.85,4.0,50,50,1.5,0.83
15,30,85,75,90,0,90,20,18,4,7,0.0,0.6,5.0,50,15,1.5,1.55
15,30,95,45,30,2,0,5,25,1,90,0.0,1.05,6.0,33,15,1.5,0.83
0,30,85,65,50,0,90,20,18,7,90,1.0,0.6,2.0,15,33,3.0,7.06
0,45,95,65,50,0,60,20,33,7,21,0.5,0.6,2.0,15,33,6.0,10.15
15,20,95,45,90,10,30,20,33,2,21,1.0,1.05,6.0,15,15,1.5,0.07
0,45,60,45,70,2,60,0,18,2,21,0.0,1.05,6.0,50,15,3.0,11.65
60,10,85,75,30,10,90,5,33,2,45,0.0,1.2,4.0,15,50,3.0,0.0
0,30,95,65,30,0,30,5,25,7,7,1.0,0.6,4.0,50,50,6.0,22.91
30,45,95,45,70,2,0,20,33,7,90,1.0,0.6,5.0,50,15,6.0,4.51
15,20,105,45,30,2,60,20,33,4,21,1.0,0.6,4.0,33,15,1.5,0.0
0,20,60,65,90,10,60,0,18,4,45,1.0,1.2,2.0,15,33,1.5,10.8
60,30,60,65,30,10,0,20,18,7,7,0.0,1.2,2.0,33,15,1.5,0.39
15,30,60,55,50,10,0,0,33,2,21,0.5,1.05,4.0,50,50,3.0,0.09
5,30,85,75,30,10,60,0,25,7,90,0.0,0.6,2.0,50,15,6.0,12.19
60,30,60,75,90,0,0,0,33,7,21,0.0,1.05,2.0,50,33,6.0,0.33
15,20,95,45,50,0,90,5,33,7,7,1.0,0.6,2.0,15,15,1.5,13.64
0,10,95,75,90,10,60,20,40,4,21,0.0,0.85,4.0,33,50,3.0,1.12
0,30,75,65,70,25,30,0,18,4,45,1.0,0.6,5.0,15,50,6.0,4.15
0,30,105,65,30,10,30,20,18,4,21,0.5,0.85,5.0,33,33,1.5,5.42
0,10,105,75,50,25,60,0,18,2,7,0.5,1.2,2.0,33,33,3.0,1.64
15,30,75,75,70,2,60,0,25,0,90,0.0,0.85,5.0,15,33,6.0,0.23
30,20,105,45,50,0,30,20,18,4,21,0.5,1.05,2.0,50,50,1.5,0.0
15,30,95,45,50,0,60,5,40,1,45,0.0,0.6,4.0,15,15,3.0,0.0
0,20,60,45,30,0,30,0,33,4,45,0.5,0.85,2.0,33,15,3.0,10.8
0,30,85,55,50,25,90,0,25,4,7,1.0,1.05,6.0,33,50,6.0,5.97
30,45,75,65,90,25,60,0,18,1,45,0.0,1.2,6.0,33,50,6.0,0.0
30,45,75,55,90,0,0,5,18,0,45,0.5,1.05,2.0,50,33,6.0,0.21
5,20,60,45,30,2,90,0,33,1,21,1.0,1.05,4.0,15,50,6.0,0.29
60,10,85,55,50,0,90,0,40,4,90,0.5,1.05,6.0,50,33,1.5,0.0
30,10,60,65,30,0,0,5,40,7,90,0.0,0.85,2.0,15,33,1.5,0.0
60,45,60,55,90,10,30,0,40,1,45,0.5,1.05,6.0,50,50,1.5,0.43
30,10,85,75,90,10,0,20,18,2,90,1.0,0.6,2.0,33,50,3.0,0.0
0,20,95,65,70,2,60,5,25,4,21,0.5,1.2,6.0,15,33,3.0,13.33
60,45,95,45,30,0,90,0,25,4,90,1.0,0.85,5.0,33,33,3.0,0.0
60,30,85,55,90,2,30,20,18,7,7,0.5,1.2,6.0,33,33,1.5,0.0
5,30,85,65,70,25,90,20,18,4,7,0.5,1.2,2.0,33,50,6.0,5.59
0,10,60,75,50,0,60,0,25,4,21,0.5,0.85,2.0,50,15,6.0,6.53
60,30,95,75,50,10,0,5,33,2,21,0.5,0.6,6.0,33,33,6.0,0.0
5,45,85,55,70,2,90,5,25,7,21,0.0,0.6,4.0,15,15,3.0,21.28
0,10,95,65,90,0,90,0,40,2,21,1.0,0.6,2.0,50,33,6.0,2.52
30,45,75,75,50,10,0,0,25,1,7,1.0,1.05,6.0,50,50,1.5,0.04
5,10,85,45,90,10,0,5,40,0,45,1.0,1.05,5.0,50,33,1.5,0.08
15,10,60,45,30,2,0,20,40,4,90,1.0,0.6,5.0,15,33,1.5,0.37
5,20,60,65,30,25,60,0,40,4,21,1.0,1.2,2.0,33,50,3.0,4.33
15,20,85,55,50,0,90,0,33,1,7,1.0,0.6,6.0,33,15,1.5,0.16
5,45,85,65,50,25,90,5,25,7,90,0.0,0.6,6.0,33,50,6.0,6.44
30,20,105,45,30,0,0,0,18,2,21,1.0,0.85,4.0,50,15,3.0,0.18
5,20,75,75,90,10,0,5,33,7,7,0.5,0.85,4.0,33,33,6.0,7.61
15,45,60,65,30,2,90,0,40,2,45,1.0,1.05,4.0,33,50,1.5,2.53
5,45,60,55,30,10,90,0,40,7,7,0.5,1.2,6.0,15,15,1.5,38.22
15,30,85,45,30,10,30,5,40,0,21,1.0,1.2,6.0,15,33,1.5,0.0
5,30,95,55,50,25,30,5,40,2,45,0.5,0.6,5.0,50,33,1.5,2.01
30,30,95,55,50,2,90,5,18,0,7,0.5,1.05,2.0,15,33,6.0,0.34
5,45,75,45,90,10,30,0,25,7,21,0.5,0.85,5.0,15,50,3.0,25.91
30,10,95,75,70,25,30,0,33,2,21,0.5,1.2,2.0,33,50,6.0,0.87
5,20,85,45,50,2,90,20,25,4,7,0.5,0.85,6.0,33,50,3.0,2.63
60,10,95,65,90,10,30,0,18,0,21,0.0,1.2,5.0,15,50,1.5,0.41
30,10,85,75,30,2,0,0,25,4,7,0.5,0.85,2.0,15,33,3.0,0.0
60,20,105,55,50,25,60,20,33,2,21,0.5,1.2,4.0,50,15,6.0,0.1
5,45,105,55,50,10,0,20,40,1,7,1.0,1.05,2.0,50,50,3.0,2.23
0,10,105,45,70,0,30,0,40,1,90,0.0,1.05,5.0,33,15,1.5,1.59
30,30,105,65,50,25,90,0,25,4,21,0.0,0.85,2.0,33,33,1.5,0.1
0,45,105,55,50,25,60,5,18,0,90,0.5,0.6,6.0,15,50,3.0,0.13
5,30,105,65,30,2,30,20,40,4,7,1.0,1.05,6.0,33,15,6.0,7.16
15,45,60,45,30,2,30,20,18,4,21,0.0,0.6,2.0,50,33,3.0,1.88
15,30,60,75,50,25,60,0,40,4,90,1.0,1.05,5.0,50,50,6.0,4.7
30,45,105,75,90,0,30,0,25,4,45,0.5,1.05,2.0,33,15,3.0,8.05
0,30,75,65,50,10,0,5,25,4,21,0.0,1.2,6.0,33,33,6.0,8.46
5,10,75,65,50,0,90,0,18,7,7,0.0,1.05,6.0,15,15,3.0,10.33
15,10,60,55,70,2,60,0,25,1,21,0.5,0.6,2.0,33,33,1.5,0.0
5,30,95,55,70,2,0,20,40,0,7,0.5,0.85,4.0,33,33,3.0,0.0
0,30,85,55,50,2,60,5,18,4,90,1.0,0.85,4.0,15,33,6.0,15.81
60,30,85,45,50,10,60,5,18,7,90,1.0,0.6,2.0,33,50,1.5,0.9
15,30,105,55,30,10,60,0,40,2,7,0.0,0.85,6.0,15,15,3.0,0.0
30,10,95,45,90,0,60,5,25,1,90,1.0,0.6,6.0,50,50,1.5,0.09
30,45,60,55,90,10,90,0,40,7,45,0.0,0.6,4.0,15,33,6.0,6.87
0,45,105,75,50,25,90,0,18,2,7,1.0,1.2,4.0,50,15,1.5,5.9
60,10,95,75,90,10,90,20,33,4,45,0.0,0.6,4.0,50,33,3.0,0.01
15,30,60,65,90,0,90,0,33,1,45,0.0,0.85,6.0,15,33,3.0,0.25
15,30,85,75,90,0,60,0,33,1,45,1.0,0.6,5.0,33,15,3.0,0.0
60,30,85,55,50,2,0,0,25,7,90,0.5,0.85,5.0,15,33,6.0,0.0
15,10,105,75,90,25,30,20,33,7,90,1.0,0.85,4.0,33,50,6.0,3.04
30,45,75,75,90,2,90,0,18,4,7,0.5,1.05,4.0,50,33,6.0,4.91
15,30,75,65,70,0,90,20,33,7,21,1.0,1.05,6.0,15,15,6.0,9.41
5,30,85,65,30,25,30,20,33,1,7,0.5,0.6,5.0,15,15,3.0,0.0
15,30,60,75,90,25,30,5,25,7,45,0.5,1.05,2.0,33,15,3.0,9.17
30,45,60,55,70,10,90,5,40,1,7,0.5,1.2,6.0,33,15,6.0,0.63
0,10,95,65,30,10,0,5,25,1,45,0.5,0.6,5.0,50,15,3.0,1.08
30,10,105,55,50,2,0,20,25,2,7,1.0,0.85,2.0,15,15,6.0,0.56
15,10,60,45,70,25,60,20,40,1,7,1.0,1.05,5.0,33,15,1.5,0.0
60,10,85,75,70,25,60,5,40,7,45,0.5,0.85,6.0,15,15,1.5,0.04
5,30,95,65,30,0,30,20,33,7,21,0.0,0.85,5.0,15,15,1.5,8.31
30,30,85,45,50,10,30,5,18,4,90,1.0,0.85,4.0,33,50,6.0,0.6
5,10,95,45,50,0,30,0,40,0,90,1.0,0.85,4.0,15,15,6.0,0.5
60,10,60,45,30,2,30,20,25,4,90,0.0,0.85,5.0,33,50,3.0,0.0
5,30,95,65,70,0,0,20,25,2,45,0.5,0.85,6.0,15,50,6.0,2.08
0,20,75,65,50,0,30,0,40,2,7,0.5,1.05,2.0,50,15,6.0,6.62
0,20,105,65,90,2,90,20,25,7,45,0.0,0.6,2.0,33,50,3.0,3.95
60,20,95,75,70,2,60,20,18,1,45,1.0,1.2,6.0,50,50,6.0,0.34
5,20,105,65,70,10,30,0,18,0,7,1.0,1.05,5.0,33,33,6.0,0.34
5,10,95,65,30,10,0,20,40,0,21,1.0,0.85,4.0,15,50,6.0,0.0
30,45,85,45,50,10,60,20,25,7,7,0.0,0.85,4.0,15,50,3.0,6.25
30,20,105,45,30,2,90,0,33,4,45,0.5,0.6,4.0,33,15,3.0,0.1
0,10,95,75,50,2,0,0,25,2,7,0.5,1.2,6.0,33,50,6.0,4.16
5,45,85,75,50,0,30,0,33,2,45,1.0,0.85,5.0,33,33,3.0,14.04
5,10,105,55,70,0,60,5,18,2,90,0.5,0.85,6.0,33,15,3.0,1.78
5,30,95,65,70,25,60,5,40,4,45,1.0,1.05,6.0,33,50,1.5,5.93
15,10,105,75,70,0,90,5,40,2,45,0.0,0.6,5.0,50,50,1.5,0.0
15,45,105,75,30,10,30,5,33,4,90,1.0,1.05,2.0,50,50,1.5,13.77
15,45,95,45,90,2,30,20,33,0,45,0.0,1.2,4.0,33,33,1.5,0.45
5,10,105,55,50,10,30,0,25,1,7,0.0,1.05,5.0,50,33,1.5,0.0
30,45,75,65,30,10,90,5,40,0,45,1.0,0.6,4.0,50,50,3.0,0.0
60,20,105,65,50,2,60,20,33,7,7,0.5,1.05,4.0,33,50,6.0,0.83
60,30,75,55,90,10,0,0,18,7,7,0.0,0.6,6.0,50,33,6.0,0.0
0,10,85,75,50,2,90,0,18,0,45,1.0,0.6,5.0,50,33,6.0,0.22
30,10,105,75,70,0,0,20,33,7,90,0.5,0.85,5.0,50,33,3.0,0.0
0,10,85,55,30,10,0,20,25,7,90,0.5,1.05,2.0,33,50,3.0,3.09
5,30,85,45,70,10,0,5,18,7,7,1.0,0.85,6.0,33,33,3.0,16.0
30,45,60,75,30,25,60,0,25,2,7,0.0,1.05,4.0,33,50,3.0,0.0
15,30,105,55,90,25,0,20,40,7,21,0.0,1.2,2.0,33,33,6.0,10.88
60,10,95,45,50,25,90,0,18,0,21,1.0,0.85,5.0,15,50,1.5,0.0
0,30,85,75,30,10,90,0,33,7,45,0.0,1.05,6.0,15,15,3.0,20.16
15,10,75,75,90,0,0,20,18,0,7,1.0,0.85,4.0,33,50,3.0,0.78
5,20,75,45,70,2,30,5,18,4,7,1.0,1.2,2.0,15,33,6.0,12.16
5,20,105,75,30,0,30,20,25,1,7,1.0,0.85,4.0,15,33,3.0,0.06
60,30,75,65,30,25,0,5,33,7,45,0.5,0.6,2.0,33,15,6.0,1.06
60,10,60,55,70,2,30,5,18,4,7,1.0,0.6,4.0,50,15,1.5,0.0
30,45,85,55,70,0,30,0,33,4,21,0.5,0.6,6.0,15,15,1.5,0.53
5,45,105,55,50,0,0,20,33,1,90,1.0,1.2,5.0,33,33,1.5,1.71
0,10,95,75,30,0,90,0,18,7,21,0.0,0.85,5.0,15,33,6.0,9.91
15,20,95,55,50,0,30,20,33,0,7,0.0,0.85,5.0,33,50,3.0,0.28
60,30,60,55,30,10,60,5,33,7,45,1.0,1.2,4.0,33,33,3.0,0.4
0,30,95,65,70,2,0,5,33,4,21,1.0,1.05,2.0,33,33,3.0,19.61
0,30,85,65,70,25,60,5,33,7,7,0.5,1.05,4.0,33,15,6.0,10.6
60,45,85,75,70,0,30,0,33,1,7,0.5,1.05,4.0,15,15,6.0,0.0
0,20,95,75,70,10,30,20,25,4,90,0.5,0.85,6.0,50,15,3.0,3.35
15,10,75,65,30,2,30,5,18,1,45,0.5,0.85,4.0,15,33,1.5,0.29
0,45,85,45,90,10,30,5,18,0,90,0.0,0.85,4.0,50,50,6.0,0.0
30,45,75,55,70,2,0,0,33,7,21,1.0,1.2,5.0,33,50,6.0,40.0
5,45,75,55,30,10,60,0,18,7,45,1.0,0.6,2.0,15,50,6.0,20.98
30,20,85,55,30,25,60,0,25,7,45,0.5,0.85,5.0,15,15,3.0,0.95
60,45,60,75,50,0,60,0,25,1,45,0.0,1.05,4.0,50,15,1.5,0.0
30,20,60,75,50,2,30,5,25,0,90,0.0,1.05,5.0,33,50,1.5,0.0
60,10,95,45,50,0,30,5,40,7,90,1.0,0.6,2.0,15,33,1.5,0.0
5,45,75,65,70,10,30,0,40,4,7,0.5,0.85,4.0,15,15,6.0,14.83
30,45,105,65,30,25,90,5,18,0,7,0.0,1.05,5.0,33,15,1.5,0.0
0,20,75,45,90,2,60,5,33,0,7,0.0,0.6,4.0,33,33,6.0,0.1
15,45,85,55,90,2,60,5,18,7,45,0.5,0.6,6.0,15,15,1.5,24.2
0,20,75,75,50,25,30,5,18,0,21,1.0,0.6,4.0,50,15,1.5,0.42
5,45,75,55,90,0,60,0,40,4,45,1.0,0.85,5.0,15,15,6.0,28.63
30,30,85,75,90,2,0,5,18,2,45,0.5,0.6,4.0,33,33,1.5,0.34
15,30,75,55,90,2,60,5,40,4,90,1.0,0.85,4.0,33,50,3.0,6.64
30,10,85,65,70,2,30,5,25,0,45,1.0,1.2,5.0,15,33,3.0,0.37
60,45,105,45,90,10,30,5,18,7,90,0.0,0.85,5.0,50,50,3.0,0.3
0,45,60,45,70,25,60,0,33,1,7,0.0,1.05,5.0,15,33,1.5,1.5
0,30,60,65,50,25,0,20,40,7,7,1.0,0.85,5.0,50,50,6.0,7.97
60,20,95,65,70,10,90,5,40,7,90,0.5,0.85,5.0,50,33,1.5,0.34
60,10,85,55,90,2,90,5,40,7,45,1.0,1.2,5.0,15,50,3.0,0.0
30,45,75,65,50,0,0,5,18,7,90,0.5,1.05,5.0,15,15,6.0,28.65
5,20,85,75,90,0,30,5,33,1,21,0.5,0.6,2.0,15,50,1.5,0.0
15,45,75,65,30,25,60,5,18,2,21,0.0,0.6,4.0,33,15,1.5,0.0
0,10,85,65,90,10,0,20,40,1,45,0.0,0.6,4.0,33,33,3.0,0.15
60,20,75,65,30,0,0,5,18,1,7,0.0,1.2,2.0,50,33,1.5,0.0
60,30,95,75,30,25,90,20,25,4,21,1.0,0.6,6.0,50,15,3.0,0.0
15,45,60,45,30,0,90,20,40,4,45,0.0,0.6,6.0,15,15,6.0,2.36
5,20,85,75,90,0,0,5,18,0,45,0.0,1.2,2.0,15,33,1.5,0.11
5,20,75,45,50,25,30,20,18,2,7,1.0,0.6,2.0,15,50,1.5,0.59
30,20,85,45,30,25,90,5,40,0,7,0.0,1.05,5.0,15,15,3.0,0.04
5,20,85,45,90,10,30,20,33,7,90,0.0,1.2,6.0,15,15,1.5,6.91
30,10,75,65,70,10,90,5,33,0,21,1.0,1.05,4.0,50,15,6.0,0.0
15,30,105,45,70,25,60,20,33,0,21,0.5,0.85,5.0,50,15,3.0,0.0
5,20,85,55,50,0,90,20,33,2,90,0.5,0.6,4.0,15,15,1.5,0.98
5,20,60,55,30,25,90,5,40,2,45,1.0,0.85,4.0,50,50,3.0,1.28
60,10,95,55,30,0,60,20,40,1,7,1.0,1.2,6.0,33,33,3.0,0.22
5,45,85,45,30,10,90,0,40,2,45,0.5,1.05,5.0,50,33,3.0,9.92
15,45,95,45,50,25,0,5,25,2,21,0.5,0.85,4.0,50,33,1.5,0.53
5,45,95,75,70,10,60,0,40,2,45,0.5,1.05,5.0,50,33,6.0,11.04
0,20,60,45,50,0,60,0,40,4,45,1.0,1.05,5.0,15,50,6.0,16.25
5,20,85,65,50,2,60,5,40,7,21,0.0,1.2,5.0,33,50,3.0,20.23
15,20,60,55,30,0,30,0,40,4,7,1.0,0.6,5.0,50,33,3.0,0.22
15,10,60,45,70,0,90,0,25,0,45,0.0,1.05,4.0,50,15,1.5,0.0
15,45,95,65,30,0,90,0,40,2,7,0.5,1.2,4.0,15,33,1.5,7.26
60,10,60,45,70,10,30,0,18,1,90,0.5,0.85,4.0,15,50,3.0,0.28
15,45,105,65,50,25,90,20,25,7,7,1.0,0.85,6.0,15,15,3.0,15.93
5,10,60,65,50,0,0,5,33,1,90,0.0,1.05,2.0,33,15,3.0,0.0
15,20,105,55,30,25,60,20,40,0,45,0.0,0.85,2.0,33,33,3.0,0.0
60,30,85,45,70,10,90,5,25,7,45,0.5,1.05,4.0,50,50,3.0,0.0
5,30,85,75,50,2,60,5,33,2,7,1.0,1.05,4.0,15,15,1.5,8.78
60,45,60,45,90,25,60,5,33,1,7,1.0,1.05,6.0,50,50,6.0,0.46
30,45,75,75,50,2,30,20,33,1,7,0.0,0.85,5.0,50,33,1.5,0.0
5,30,95,55,90,25,30,0,25,2,21,0.5,1.05,6.0,15,15,1.5,2.2
0,10,60,75,70,0,90,0,25,2,21,0.5,0.85,5.0,50,50,1.5,2.94
30,30,85,55,90,25,0,5,18,1,45,1.0,0.85,5.0,50,50,6.0,0.15
60,10,60,65,70,2,60,5,25,4,21,1.0,1.2,5.0,15,50,1.5,0.33
5,10,105,55,90,25,60,0,40,4,45,0.0,1.05,4.0,33,50,3.0,1.53
5,10,105,75,70,0,90,5,18,1,45,1.0,1.2,5.0,50,33,3.0,0.36
60,20,75,45,30,0,60,5,33,2,7,0.0,1.2,4.0,15,50,1.5,0.19
30,10,75,75,50,2,30,20,33,0,45,0.0,0.85,2.0,33,33,3.0,0.64
0,45,75,75,30,10,60,20,33,2,45,0.0,0.6,2.0,33,50,3.0,2.35
15,45,95,75,70,0,60,5,33,0,21,0.0,1.2,4.0,15,15,3.0,0.16
5,45,75,45,70,25,60,5,40,4,7,0.5,0.6,4.0,33,15,3.0,5.3
30,45,95,45,90,10,0,20,33,1,90,0.0,0.6,6.0,50,50,3.0,0.0
5,20,95,65,90,10,0,20,33,0,21,1.0,1.05,2.0,50,33,1.5,0.71
60,45,105,65,50,10,90,0,18,0,7,1.0,0.85,2.0,50,33,1.5,0.0
60,10,105,55,50,25,0,20,18,7,21,1.0,0.6,6.0,50,15,1.5,0.23
30,30,60,45,30,25,60,5,40,0,7,1.0,0.6,6.0,50,33,6.0,0.46
5,45,75,65,30,10,30,20,25,1,7,0.5,1.2,5.0,50,15,3.0,0.66
30,20,60,55,30,25,60,20,25,0,21,0.5,0.85,6.0,50,33,1.5,0.1
60,20,95,75,70,0,0,20,25,2,90,0.5,1.05,2.0,33,15,6.0,0.0
0,45,75,75,30,10,60,20,25,4,21,1.0,0.6,4.0,33,15,1.5,5.04
5,30,95,45,90,10,90,20,40,2,90,0.5,1.05,6.0,50,33,3.0,2.65
15,20,60,75,50,2,0,0,33,2,90,0.5,1.05,2.0,33,15,1.5,0.06
5,30,95,65,30,25,60,20,40,7,90,1.0,0.85,6.0,33,33,3.0,9.49
30,10,75,65,30,2,60,20,25,7,21,0.5,0.6,2.0,33,33,3.0,0.13
60,45,95,75,70,25,30,20,18,4,90,1.0,0.6,4.0,50,15,1.5,0.0
30,45,95,75,70,10,0,0,33,1,90,0.0,0.6,4.0,50,15,1.5,0.22
15,10,105,55,70,2,90,20,18,4,21,1.0,0.85,2.0,15,15,6.0,1.09
0,45,95,75,70,25,60,0,33,4,90,1.0,1.2,5.0,33,50,6.0,11.87
15,45,105,75,30,0,60,20,18,4,45,0.5,0.6,2.0,33,50,6.0,2.59
5,20,105,65,30,0,30,0,40,7,90,0.5,1.2,5.0,15,15,1.5,36.04
15,10,75,45,70,2,60,0,18,2,21,0.0,1.2,6.0,33,15,1.5,1.18
5,30,75,65,70,25,90,0,25,7,90,1.0,0.6,2.0,50,33,6.0,5.72
60,45,60,65,70,2,90,20,40,4,7,0.0,1.2,6.0,33,33,1.5,0.0
0,20,85,65,70,25,0,5,25,0,45,1.0,0.85,4.0,50,33,6.0,0.32
60,30,75,45,50,0,0,20,33,7,7,0.5,0.6,2.0,15,33,1.5,0.0
30,10,75,75,70,2,30,5,25,1,7,0.0,1.05,4.0,33,15,3.0,0.4
60,45,95,55,30,25,90,20,33,1,21,0.0,0.6,2.0,33,15,3.0,0.0
15,20,60,65,30,25,60,0,40,7,90,0.0,0.6,4.0,15,33,6.0,3.68
15,45,60,75,70,0,90,5,25,4,7,0.5,1.05,6.0,15,33,3.0,18.77
60,45,105,75,50,2,90,20,33,4,90,0.0,1.2,2.0,15,15,6.0,0.0
60,10,95,75,90,0,90,20,18,0,21,0.0,1.2,6.0,15,50,3.0,0.0
15,30,75,75,70,2,0,20,18,1,90,1.0,0.6,6.0,33,33,3.0,0.21
60,10,105,75,70,25,60,20,25,1,7,0.0,0.85,4.0,33,50,3.0,0.0
60,45,60,55,90,10,60,20,40,7,45,0.5,1.05,6.0,50,50,3.0,0.62
60,20,85,75,70,2,0,20,18,1,21,0.0,0.85,5.0,33,33,1.5,0.0
15,10,75,55,90,25,60,0,33,0,45,0.5,1.05,6.0,15,15,3.0,0.04
30,45,75,55,70,25,90,5,18,1,21,1.0,0.6,6.0,15,15,1.5,0.0
5,30,85,75,70,0,90,20,25,7,90,1.0,1.2,4.0,50,50,1.5,12.9
5,20,105,55,50,25,90,20,25,7,90,1.0,0.85,5.0,50,15,3.0,6.49
5,45,105,45,90,10,30,20,25,1,45,0.0,1.2,4.0,33,50,3.0,1.61
5,10,105,45,90,10,90,0,25,1,45,0.0,1.05,2.0,50,33,3.0,0.7
5,20,95,75,50,0,0,5,40,4,90,1.0,1.2,6.0,33,50,6.0,17.21
0,10,105,45,70,25,60,5,25,1,7,0.5,0.85,6.0,33,15,6.0,1.13
30,20,85,55,90,0,0,20,25,1,21,0.5,1.2,6.0,15,33,3.0,0.48
60,10,105,75,90,0,30,0,33,0,90,0.0,1.05,6.0,15,33,3.0,0.39
30,20,105,65,90,2,90,20,33,0,7,0.5,0.85,5.0,15,50,6.0,0.0
0,10,105,75,90,2,60,20,33,0,45,0.0,1.05,2.0,33,50,3.0,0.0
5,30,105,75,70,10,30,5,33,1,90,0.5,1.2,2.0,50,15,3.0,0.16
60,45,95,55,50,2,30,20,40,2,90,1.0,0.6,5.0,15,15,1.5,0.0
0,20,95,45,50,25,60,20,18,4,90,1.0,1.2,6.0,50,50,1.5,5.82
15,10,85,65,50,25,0,0,40,7,7,0.0,0.6,6.0,33,15,1.5,0.77
0,45,105,45,70,10,60,20,25,7,21,0.0,1.05,5.0,33,33,3.0,15.17
5,10,85,65,70,0,30,20,33,0,90,0.5,0.85,4.0,15,15,6.0,0.29
0,30,95,65,30,25,0,5,40,7,45,1.0,0.6,2.0,33,15,3.0,7.62
0,20,105,75,70,0,0,0,40,1,7,1.0,1.2,4.0,50,15,1.5,5.38
15,30,75,75,90,2,30,0,25,7,45,0.0,1.05,4.0,15,50,3.0,28.53
0,20,60,45,50,25,0,5,33,7,90,0.5,1.05,2.0,50,33,3.0,6.18
0,20,105,75,70,10,90,0,25,4,7,1.0,1.05,5.0,50,33,3.0,12.03
30,45,75,55,30,0,60,5,18,7,45,0.5,1.2,2.0,33,15,1.5,34.93
5,20,85,45,90,25,60,5,40,0,45,0.0,1.05,2.0,50,33,6.0,0.0
15,45,105,55,90,2,0,20,33,4,45,0.0,1.2,4.0,50,50,1.5,8.15
5,30,75,45,90,0,0,0,25,4,90,0.5,1.2,2.0,33,15,3.0,23.5
0,10,60,45,50,25,90,20,25,1,90,0.5,0.85,2.0,15,15,1.5,0.03
60,20,60,65,70,2,30,5,18,1,45,0.5,0.85,4.0,50,15,6.0,0.0
15,45,85,75,90,25,0,20,33,7,7,0.0,0.6,5.0,50,50,6.0,7.4
15,20,105,45,70,25,60,0,18,2,45,0.0,1.05,6.0,50,15,6.0,0.0
30,30,105,45,70,0,60,20,18,2,45,0.5,1.2,2.0,50,50,6.0,0.0
15,30,60,75,30,0,0,5,33,4,21,0.5,1.2,6.0,50,50,3.0,12.27
15,20,95,55,90,25,90,5,33,7,45,1.0,0.6,4.0,50,15,3.0,5.14
15,20,75,45,90,2,30,5,40,2,45,1.0,0.6,6.0,15,33,3.0,0.48
5,45,75,65,30,10,30,0,18,2,7,1.0,0.85,2.0,50,15,3.0,7.33
30,10,60,75,30,2,90,20,33,4,21,0.5,1.05,6.0,50,15,3.0,0.15
60,10,95,75,30,25,30,0,33,7,45,1.0,1.05,4.0,15,15,6.0,0.27
15,45,85,45,90,10,90,5,18,4,21,1.0,1.2,4.0,50,50,3.0,14.1
30,30,95,75,30,25,0,20,25,2,45,0.0,1.05,2.0,15,50,1.5,0.35
60,30,85,65,70,0,30,5,18,2,21,1.0,1.2,4.0,33,50,3.0,1.28
0,45,60,75,70,0,60,5,33,1,21,0.5,1.05,4.0,15,15,3.0,6.26
30,10,85,75,30,25,60,0,33,4,21,0.0,1.2,6.0,50,33,1.5,0.0
15,10,95,45,30,0,90,0,33,4,7,1.0,1.05,5.0,15,33,6.0,0.0
15,10,85,65,70,2,90,0,40,7,7,0.5,0.85,6.0,33,50,1.5,9.07
60,30,75,45,90,10,30,5,25,1,7,1.0,0.6,6.0,15,33,6.0,0.0
30,30,85,65,30,2,0,20,18,4,7,0.5,1.05,2.0,50,50,6.0,0.2
60,45,75,55,30,0,30,5,40,1,21,0.5,0.85,4.0,15,33,1.5,0.06
30,30,60,65,50,2,90,0,33,7,7,0.5,1.2,4.0,33,15,3.0,21.33
15,30,105,55,30,10,30,20,40,1,45,0.5,0.6,4.0,50,50,3.0,0.0
60,45,85,55,90,0,90,0,18,7,90,0.0,1.2,5.0,15,50,3.0,9.42
5,10,95,65,30,0,0,20,25,4,45,0.5,1.05,2.0,50,15,6.0,2.46
15,30,75,75,30,0,90,0,25,1,21,1.0,1.05,4.0,33,33,6.0,0.28
60,30,105,65,70,2,30,5,18,4,45,0.5,1.05,4.0,50,33,6.0,0.0
30,45,85,75,70,10,0,0,33,4,21,1.0,0.85,6.0,33,33,3.0,0.0
5,10,60,45,50,2,0,0,25,7,90,0.5,0.85,5.0,15,15,3.0,9.44
15,20,85,65,70,25,60,20,25,7,90,1.0,0.85,4.0,33,15,3.0,5.95
60,20,85,55,70,2,0,5,18,4,21,1.0,1.05,6.0,33,15,3.0,0.0
60,20,85,75,30,10,90,5,40,0,7,1.0,0.6,2.0,15,15,1.5,0.55
5,20,105,65,70,0,30,0,40,7,21,0.0,0.85,4.0,50,33,3.0,23.0
0,30,75,55,90,2,30,5,25,0,45,0.5,1.05,4.0,33,15,3.0,0.0
0,45,95,75,90,0,0,20,18,2,7,0.0,0.85,6.0,50,33,1.5,2.97
5,20,95,55,70,10,60,5,18,1,21,1.0,1.2,4.0,15,15,3.0,0.0
5,20,75,45,70,10,60,5,25,4,90,0.5,0.85,6.0,15,15,1.5,4.69
15,45,85,45,50,0,90,20,18,7,45,0.0,1.2,6.0,33,50,3.0,13.96
5,10,105,45,70,25,60,5,18,1,21,1.0,0.6,2.0,15,15,3.0,0.0
0,30,85,45,90,10,90,0,40,1,45,0.0,0.85,4.0,33,15,1.5,1.49
60,45,95,75,90,10,60,0,18,0,90,0.0,0.6,2.0,50,50,6.0,0.0
30,30,60,65,70,25,30,20,40,2,45,1.0,0.85,2.0,15,33,3.0,0.0
0,20,60,55,90,10,90,0,33,7,90,1.0,1.2,4.0,33,50,3.0,18.79
5,30,75,55,30,10,60,5,25,0,21,0.5,1.2,2.0,33,15,6.0,0.05
60,10,105,45,70,0,0,5,18,2,7,0.5,0.6,5.0,15,50,3.0,0.0
0,10,75,65,90,10,30,20,40,1,90,0.5,0.6,4.0,15,33,3.0,0.0
15,20,105,55,70,10,30,20,40,0,45,0.0,1.05,2.0,50,15,3.0,0.13
15,30,75,65,50,25,60,20,25,4,90,1.0,0.85,2.0,50,15,6.0,2.32
5,30,95,75,30,10,30,20,18,7,90,0.0,0.85,2.0,50,33,6.0,7.46
0,45,75,65,30,10,0,0,40,2,21,0.0,0.6,6.0,15,15,6.0,5.23
5,45,105,75,30,25,0,5,25,4,90,0.5,1.2,4.0,33,15,3.0,10.66
0,45,75,45,30,10,30,0,25,0,7,0.0,0.85,5.0,33,50,3.0,0.0
0,20,75,45,30,10,0,20,40,7,21,1.0,1.05,5.0,15,15,3.0,7.67
30,20,60,65,70,2,0,20,18,1,45,1.0,0.6,4.0,15,33,3.0,0.0
30,45,95,45,50,25,60,5,25,2,7,1.0,1.05,5.0,15,15,6.0,0.0
5,20,75,65,50,10,60,20,25,7,90,1.0,0.85,5.0,50,33,3.0,6.07
60,20,75,65,50,0,90,0,40,2,7,0.5,1.05,2.0,15,15,6.0,0.0
0,30,85,45,50,10,60,5,25,0,90,0.5,0.6,2.0,33,15,1.5,0.0
5,30,105,45,70,0,0,20,33,1,90,1.0,1.2,4.0,33,33,1.5,0.91
30,20,60,55,90,10,60,5,25,4,90,0.5,1.2,6.0,33,50,3.0,0.0
5,45,105,75,50,0,0,20,25,1,21,0.0,1.2,4.0,15,33,1.5,1.98
5,45,95,45,90,0,60,20,33,7,7,1.0,1.05,2.0,33,50,3.0,17.68
30,10,75,65,70,2,90,0,40,7,21,0.0,1.2,5.0,50,33,1.5,0.97
15,10,60,75,90,0,60,20,25,7,21,0.0,1.05,6.0,50,50,1.5,2.88
0,45,105,45,50,0,30,5,40,0,7,0.0,0.6,4.0,33,15,1.5,0.0
5,20,105,65,70,0,30,20,25,0,90,0.0,0.85,4.0,15,15,1.5,0.0
5,20,105,65,30,0,0,0,40,4,21,1.0,1.2,4.0,33,50,3.0,23.64
30,45,105,55,50,25,0,20,33,1,21,1.0,1.2,6.0,33,15,3.0,0.0
60,45,85,75,70,2,0,5,25,0,90,1.0,0.6,5.0,50,50,6.0,0.39
15,10,105,75,50,0,30,20,18,0,21,0.0,0.6,5.0,15,50,1.5,0.0
0,10,60,75,90,2,30,0,33,0,90,0.5,1.05,2.0,33,33,1.5,0.0
5,45,60,55,30,2,60,20,33,0,90,0.0,1.2,4.0,50,33,1.5,0.0
60,30,60,75,50,2,30,20,18,1,90,0.0,1.05,6.0,50,50,3.0,0.17
0,10,75,75,90,2,30,5,33,7,45,0.0,1.05,4.0,33,50,1.5,7.35
30,20,85,75,30,0,90,5,33,4,90,1.0,1.05,6.0,15,15,1.5,0.0
60,10,60,45,50,0,60,20,33,0,7,1.0,1.05,2.0,15,15,1.5,0.0
5,30,75,65,90,2,0,0,33,0,7,0.0,0.85,5.0,33,15,1.5,0.15
30,45,95,75,30,2,90,0,40,7,21,0.5,1.05,6.0,50,50,3.0,40.0
60,20,105,55,70,25,90,20,18,2,7,0.0,1.05,6.0,15,15,6.0,0.0
60,10,75,55,30,2,0,20,18,2,21,0.5,0.6,5.0,50,15,1.5,0.0
30,45,105,65,50,10,90,0,33,7,7,0.0,0.6,6.0,33,50,6.0,8.99
60,20,75,65,70,0,0,5,18,7,45,0.0,0.6,4.0,50,15,1.5,0.85
30,10,95,45,90,0,90,20,40,7,45,0.5,1.05,4.0,50,15,6.0,0.14
60,45,75,65,30,0,90,20,40,7,21,0.0,1.05,5.0,33,15,3.0,0.12
15,45,95,55,30,2,90,0,40,1,7,1.0,0.6,6.0,15,50,3.0,0.2
60,30,60,75,50,2,0,20,18,0,90,0.0,1.2,6.0,50,33,1.5,0.11
60,30,105,55,70,10,0,5,40,0,45,1.0,1.2,2.0,15,33,3.0,0.0
30,30,95,65,30,25,60,5,40,4,90,0.0,1.05,6.0,15,15,1.5,0.75
0,10,105,45,70,2,60,20,40,4,21,0.5,0.85,5.0,50,33,1.5,2.72
15,45,95,45,70,0,30,0,33,7,45,1.0,0.6,6.0,15,50,3.0,40.0
60,20,60,65,50,10,30,0,40,7,45,0.0,0.85,2.0,50,50,1.5,0.0
0,20,75,55,30,0,60,0,18,1,90,0.5,1.05,5.0,50,50,6.0,3.4
15,10,85,75,70,0,30,5,40,7,90,0.0,0.6,5.0,50,15,1.5,4.32
30,10,85,75,50,25,0,20,18,7,21,1.0,1.2,5.0,50,50,1.5,0.0
30,10,95,55,90,25,90,0,40,4,45,0.0,1.2,5.0,50,15,6.0,0.35
30,10,85,65,90,0,60,0,25,2,45,0.0,1.2,6.0,15,33,1.5,0.24
30,30,85,45,70,25,30,5,33,7,7,1.0,1.2,6.0,50,50,6.0,6.28
15,10,60,55,30,2,90,0,40,2,7,0.5,0.85,2.0,15,15,3.0,0.47
60,30,75,55,30,10,0,5,40,1,45,0.5,1.2,4.0,33,33,1.5,0.0
5,45,75,75,50,2,0,20,18,1,45,0.5,1.05,5.0,33,50,6.0,0.85
5,10,60,65,70,25,90,0,40,4,21,0.0,1.2,2.0,50,50,1.5,2.77
60,30,95,75,90,0,90,0,33,0,7,0.0,0.85,5.0,33,50,1.5,0.0
5,10,60,45,50,0,60,5,33,2,7,0.0,0.6,5.0,33,33,1.5,1.27
15,45,95,55,30,10,90,0,40,2,90,0.0,0.85,2.0,15,15,3.0,0.0
60,20,105,45,70,2,90,0,18,1,90,1.0,1.2,2.0,50,33,1.5,0.59
0,20,75,65,50,2,30,20,40,4,45,0.5,1.2,6.0,50,33,3.0,3.46
5,20,85,45,70,10,30,5,18,4,90,0.5,1.2,5.0,33,33,6.0,7.35
15,45,105,65,90,10,60,0,25,2,21,0.5,0.85,5.0,33,50,6.0,0.51
60,30,60,75,70,2,30,20,40,1,45,0.0,0.6,6.0,33,50,3.0,0.52
5,30,60,65,70,25,90,5,33,4,90,0.0,1.2,2.0,15,15,1.5,4.61
5,45,95,75,30,25,90,5,33,1,7,0.5,0.6,5.0,33,50,3.0,0.22
30,20,75,45,90,2,60,5,33,0,90,0.5,0.6,5.0,15,15,1.5,0.97
5,20,105,75,30,25,90,5,18,2,90,0.5,0.6,2.0,33,15,6.0,1.32
15,20,105,75,90,0,0,20,33,2,21,0.0,1.2,5.0,15,50,1.5,0.0
15,30,75,65,90,25,30,5,18,4,21,0.0,0.6,4.0,15,33,6.0,1.31
0,10,75,45,30,0,30,0,33,7,7,0.0,1.05,6.0,50,33,3.0,10.02
5,30,75,55,50,2,0,0,25,0,21,0.5,1.2,5.0,50,50,1.5,0.59
15,10,105,65,90,25,30,0,40,2,45,0.5,1.2,4.0,33,15,6.0,0.06
5,30,85,75,70,10,0,20,18,4,90,0.0,1.05,6.0,50,15,1.5,5.1
30,20,95,65,90,10,90,0,33,2,45,0.5,0.85,2.0,15,50,6.0,0.0
0,20,95,65,50,0,0,20,18,1,21,0.0,0.85,2.0,33,50,1.5,0.0
5,30,60,55,90,10,0,5,33,0,90,1.0,1.05,4.0,15,33,1.5,0.62
30,45,95,65,30,0,0,0,25,1,90,0.0,1.2,4.0,33,33,6.0,0.0
15,20,75,75,90,10,60,5,33,1,7,0.0,0.85,4.0,15,15,6.0,0.83
15,20,95,75,90,2,0,20,33,7,45,1.0,0.85,2.0,50,33,6.0,5.86
15,30,105,75,50,2,60,0,18,1,7,0.0,1.05,5.0,50,50,6.0,0.0
5,20,60,75,30,10,0,0,33,4,7,1.0,1.2,6.0,15,33,3.0,10.6
60,20,85,65,70,10,90,5,40,0,7,0.0,0.6,5.0,50,33,6.0,0.17
0,20,85,55,90,10,60,20,40,1,45,0.5,1.05,5.0,50,15,6.0,0.65
0,10,105,45,50,10,60,20,40,1,90,0.0,0.85,6.0,33,15,1.5,0.2
5,45,85,55,30,0,30,0,40,1,7,0.5,0.85,6.0,33,50,6.0,3.13
15,45,60,75,70,0,0,20,40,2,21,1.0,0.85,5.0,33,15,1.5,0.0
5,10,60,45,90,0,0,0,18,7,21,0.0,0.85,2.0,33,15,1.5,8.07
5,10,105,55,70,25,0,20,18,2,90,0.5,0.6,6.0,15,15,1.5,0.04
5,30,95,65,30,0,90,0,18,4,90,0.5,0.6,6.0,50,50,6.0,15.17
60,30,95,75,30,2,90,0,18,4,7,0.0,1.05,2.0,15,50,3.0,0.37
30,20,75,75,30,10,30,5,18,4,45,1.0,1.05,6.0,33,33,6.0,0.0
30,45,95,75,70,25,0,5,25,7,45,0.0,0.6,2.0,15,50,1.5,3.58
30,30,75,75,70,25,0,0,40,1,21,0.0,0.85,4.0,33,50,6.0,1.15
60,20,75,75,90,2,30,0,25,2,45,0.0,0.6,5.0,33,15,3.0,0.0
60,45,95,45,30,0,0,0,33,7,7,0.0,1.2,4.0,50,50,3.0,9.62
30,20,105,55,50,10,0,5,18,1,90,1.0,1.2,4.0,15,33,6.0,0.0
60,10,60,75,70,25,60,5,33,0,21,0.0,0.85,4.0,15,33,1.5,0.38
60,30,85,65,90,10,0,0,25,7,7,0.0,1.05,5.0,15,50,3.0,0.16
30,30,85,75,30,0,90,5,25,1,90,1.0,0.6,2.0,15,33,3.0,0.32
5,45,60,65,70,25,0,0,40,7,21,0.0,0.6,4.0,33,15,6.0,6.41
30,10,95,45,70,0,90,20,40,0,45,0.5,1.2,2.0,15,50,6.0,0.0
5,20,60,45,90,10,90,5,25,2,21,0.0,1.2,5.0,15,15,6.0,2.17
15,20,105,75,30,25,0,20,40,2,90,1.0,1.2,4.0,33,33,6.0,0.17
15,45,85,55,50,0,90,20,25,2,45,1.0,0.85,2.0,15,15,3.0,0.0
60,45,85,75,50,10,60,20,18,0,45,0.0,1.05,4.0,15,50,1.5,0.0
30,20,95,75,50,10,0,5,25,1,7,1.0,0.6,6.0,50,33,1.5,0.47
0,10,60,55,70,0,30,0,40,1,90,0.0,1.2,5.0,33,33,3.0,1.37
0,45,105,45,70,0,0,0,18,0,7,0.0,0.85,2.0,50,50,1.5,0.0
60,10,85,45,30,0,30,20,25,0,45,1.0,0.6,4.0,33,33,1.5,0.0
15,30,75,75,90,10,60,5,18,7,45,0.5,0.6,5.0,50,50,6.0,7.81
30,30,105,75,70,25,0,20,18,2,90,1.0,0.6,4.0,50,50,6.0,0.0
0,20,75,55,90,10,90,0,40,7,90,1.0,0.6,4.0,33,33,3.0,9.09
30,20,95,75,30,25,90,5,40,2,90,0.5,1.2,6.0,50,33,6.0,0.0
30,45,95,75,50,0,0,5,33,0,90,1.0,0.85,4.0,50,50,1.5,0.07
5,20,85,75,70,0,30,5,40,7,90,0.5,1.2,2.0,33,15,6.0,23.93
60,30,85,75,30,10,30,0,40,1,21,0.0,0.85,4.0,15,50,3.0,0.0
60,20,105,45,50,2,60,5,40,4,21,0.0,0.85,6.0,50,15,3.0,0.0
60,10,105,45,90,2,30,20,18,2,45,0.0,1.05,5.0,50,15,6.0,0.2
30,10,105,65,90,25,0,0,40,1,45,1.0,1.05,6.0,15,33,1.5,0.0
30,30,60,65,30,25,30,20,40,4,21,0.5,0.6,6.0,15,50,6.0,0.0
5,20,60,65,90,25,90,0,18,7,7,1.0,1.2,2.0,33,15,1.5,7.81
15,30,105,55,30,25,0,20,18,1,21,0.0,0.85,2.0,50,50,6.0,0.0
5,30,95,45,30,25,30,5,18,4,45,0.0,1.05,6.0,33,33,3.0,5.66
15,10,75,55,50,10,60,20,18,4,45,1.0,0.6,5.0,50,33,3.0,0.27
30,20,75,75,70,25,60,0,18,4,45,0.5,0.85,5.0,15,33,6.0,0.72
0,10,105,45,90,10,30,5,33,4,7,0.5,1.2,6.0,50,50,3.0,3.4
5,30,60,65,70,2,60,5,40,2,7,1.0,1.05,4.0,33,15,6.0,7.55
0,30,75,65,30,10,0,5,25,7,21,1.0,1.05,6.0,33,15,1.5,16.72
0,10,85,45,50,25,60,0,33,4,7,1.0,0.6,4.0,50,15,3.0,1.66
0,10,95,55,50,2,30,5,25,2,21,0.0,1.2,5.0,33,50,1.5,3.55
60,20,85,45,50,2,0,0,40,1,21,1.0,0.6,4.0,50,50,1.5,0.49
15,30,60,75,90,0,90,5,40,0,90,0.0,1.2,2.0,15,33,1.5,0.0
5,20,75,65,30,2,30,5,25,0,45,0.0,1.05,6.0,15,50,6.0,0.0
30,20,85,65,30,10,0,20,33,0,45,0.5,1.2,2.0,33,50,1.5,0.0
5,10,105,55,70,10,90,20,25,0,90,0.0,1.2,4.0,50,33,1.5,0.0
5,45,85,75,50,2,30,0,25,1,45,0.0,1.2,4.0,33,50,6.0,4.9
0,20,85,65,30,10,60,0,40,7,45,0.5,1.05,2.0,33,33,3.0,16.52
15,10,95,75,70,2,60,5,18,0,45,0.5,1.05,2.0,33,50,3.0,0.19
5,20,75,65,70,10,30,5,33,0,45,0.5,0.6,6.0,33,33,3.0,0.42
30,20,105,45,70,25,0,5,40,1,45,1.0,0.6,2.0,50,33,1.5,0.16
30,45,60,65,70,25,30,5,33,7,21,0.5,0.6,5.0,15,50,6.0,3.55
5,10,85,75,50,0,0,20,25,0,90,1.0,0.6,4.0,15,15,6.0,0.22
0,10,105,65,50,2,60,20,33,4,7,0.0,0.6,4.0,33,50,1.5,0.7
60,10,75,65,30,0,0,20,25,1,90,1.0,0.85,5.0,33,50,6.0,0.51
5,30,105,65,50,2,90,0,25,1,21,0.5,0.6,2.0,50,33,3.0,0.0
0,10,75,75,30,25,0,5,18,4,45,0.0,1.05,6.0,15,50,6.0,2.0
60,30,105,55,30,10,0,5,18,1,21,1.0,1.2,6.0,15,15,6.0,0.0
60,45,85,65,30,0,90,0,33,7,7,0.0,1.2,5.0,50,50,3.0,8.8
15,10,60,55,70,25,60,20,25,2,21,1.0,0.85,6.0,50,50,3.0,0.26
30,10,85,65,50,10,60,5,18,7,45,0.5,1.2,2.0,15,33,1.5,0.0
0,20,85,55,50,25,30,5,25,0,90,0.0,0.85,5.0,15,33,6.0,0.0
0,30,85,75,90,2,0,20,33,1,90,0.0,1.2,2.0,15,33,3.0,2.07
0,10,105,65,70,0,30,20,40,2,45,0.0,1.2,4.0,15,33,6.0,1.97
30,45,85,45,70,2,0,0,40,2,7,1.0,0.6,2.0,50,50,1.5,0.72
0,45,75,55,50,10,60,0,25,4,45,0.5,1.05,2.0,50,50,6.0,18.04
60,10,105,75,70,10,0,5,18,2,45,0.0,1.2,2.0,50,15,3.0,0.0
60,20,60,65,70,0,0,20,18,0,7,0.5,1.05,6.0,50,50,1.5,0.59
60,20,75,55,30,25,90,20,25,4,90,0.5,0.6,4.0,50,15,3.0,0.0
60,10,95,65,30,0,0,5,40,0,7,1.0,0.6,6.0,50,33,3.0,0.37
0,10,85,55,30,25,60,0,40,2,45,0.5,1.05,4.0,50,15,1.5,0.0
30,45,85,65,50,10,90,20,18,1,90,1.0,0.6,2.0,33,50,6.0,0.0
60,45,75,55,30,0,90,0,25,0,90,1.0,0.6,6.0,50,33,1.5,0.0
15,30,105,45,30,0,30,20,40,4,90,0.0,1.05,2.0,50,15,3.0,4.37
60,30,85,55,70,25,90,5,18,0,45,1.0,0.85,5.0,50,33,3.0,0.0
15,30,85,65,70,25,60,0,40,0,45,1.0,0.6,2.0,50,50,3.0,0.2
0,10,85,65,70,10,90,0,33,1,7,0.5,1.05,4.0,50,50,3.0,1.64
5,10,95,75,90,25,90,5,25,2,45,0.0,0.6,4.0,15,33,3.0,0.0
60,45,60,75,70,0,0,0,33,2,7,0.5,1.2,4.0,33,15,3.0,0.86
30,10,60,55,50,25,0,5,40,1,21,1.0,0.85,5.0,15,33,1.5,0.24
0,45,95,55,90,10,60,20,18,1,21,0.5,0.6,4.0,33,50,3.0,2.19
0,10,105,55,50,2,30,20,18,0,21,0.5,0.85,2.0,33,50,3.0,0.0
30,30,60,75,30,10,30,0,18,0,45,0.5,1.05,4.0,33,33,1.5,1.12
60,45,85,55,30,10,30,0,40,2,21,0.0,1.05,4.0,50,50,3.0,0.0
15,30,105,75,30,25,90,0,25,0,21,0.0,0.85,2.0,33,50,6.0,0.03
0,10,105,55,30,10,60,5,33,0,21,0.5,0.6,4.0,15,50,6.0,0.0
5,20,85,45,30,25,0,20,33,2,45,1.0,1.05,6.0,33,50,3.0,2.54
30,20,85,55,90,25,0,0,40,0,21,0.0,0.85,5.0,33,50,3.0,0.0
15,10,95,65,90,10,30,0,18,0,21,0.0,1.05,4.0,15,15,3.0,1.29
15,20,75,55,70,0,90,20,25,0,7,0.0,1.05,4.0,50,15,3.0,0.84
0,20,60,75,90,25,60,0,18,0,7,0.5,0.85,2.0,15,15,1.5,0.0
15,45,60,45,70,2,0,5,33,4,90,1.0,1.2,5.0,15,15,1.5,22.17
60,30,75,75,50,2,90,20,25,7,21,1.0,0.6,4.0,33,15,1.5,0.0
60,10,95,75,90,10,90,5,40,2,45,0.0,1.05,4.0,50,50,1.5,0.57
15,45,75,45,50,10,60,20,25,2,90,0.5,0.6,2.0,33,15,6.0,0.0
30,10,105,55,50,2,30,20,33,2,45,0.5,1.2,5.0,50,33,6.0,0.0
15,45,105,65,70,10,0,20,33,1,7,1.0,1.05,6.0,15,50,6.0,0.0
30,10,95,45,50,2,0,5,25,7,21,0.5,1.2,5.0,50,33,1.5,0.0
5,20,105,65,70,10,60,20,25,2,7,0.0,1.2,4.0,15,33,3.0,0.98
5,10,105,75,30,2,30,5,40,7,90,0.0,0.6,6.0,33,15,6.0,5.97
0,10,105,55,50,0,30,20,33,0,90,0.0,1.05,5.0,33,15,3.0,0.58
15,10,60,65,90,2,90,20,33,4,90,0.0,0.6,6.0,50,33,1.5,0.14
30,20,85,55,30,10,60,5,40,2,7,1.0,1.05,6.0,33,15,6.0,0.41
30,20,75,65,70,10,60,5,18,0,21,1.0,0.85,4.0,15,50,6.0,0.09
60,30,105,45,50,0,30,0,33,7,21,0.0,0.85,2.0,50,50,1.5,0.0
0,20,85,45,90,25,90,20,40,0,90,1.0,0.85,4.0,50,15,3.0,0.0
30,45,85,45,30,0,90,5,25,2,45,1.0,1.2,4.0,33,50,6.0,0.0
0,20,60,55,70,10,30,0,18,1,45,0.0,1.05,4.0,33,50,3.0,1.88
30,45,105,55,90,0,90,5,33,4,45,0.5,0.6,4.0,50,15,3.0,0.0
0,30,85,75,50,0,60,5,33,1,21,0.0,1.2,5.0,33,33,1.5,4.5
5,45,105,65,70,0,60,20,25,4,7,0.5,0.85,4.0,50,50,3.0,8.3
60,20,105,75,90,0,0,0,40,2,21,1.0,1.05,5.0,33,50,1.5,0.0
0,30,75,55,90,0,60,0,40,1,90,0.0,1.2,4.0,33,33,6.0,5.22
15,10,75,65,30,25,30,20,40,4,7,0.0,1.05,5.0,50,15,3.0,0.09
60,10,85,65,50,10,90,20,33,0,45,0.0,1.05,6.0,15,33,1.5,0.0
60,45,95,65,30,10,90,20,25,1,7,1.0,0.85,6.0,50,50,1.5,0.0
0,45,105,65,30,10,90,5,25,1,7,1.0,1.05,6.0,50,50,1.5,4.2
60,20,105,65,50,25,90,5,40,2,7,0.5,1.05,4.0,33,33,3.0,1.02
30,45,105,65,90,2,90,0,40,2,21,0.5,0.6,2.0,15,33,6.0,0.0
5,30,60,75,30,25,90,5,40,7,21,0.5,1.2,4.0,33,50,6.0,11.02
5,20,85,45,30,0,0,0,25,7,21,1.0,0.6,5.0,50,50,1.5,17.14
0,20,60,45,90,10,90,5,18,2,90,1.0,1.2,2.0,50,33,1.5,3.73
5,10,75,45,50,10,60,20,25,2,90,1.0,0.6,2.0,50,33,1.5,0.0
15,45,85,55,90,10,30,5,33,1,45,1.0,1.2,2.0,15,33,6.0,0.0
0,30,85,75,90,25,30,0,40,1,90,0.0,0.85,4.0,50,15,6.0,1.66
0,45,75,55,70,10,60,0,40,2,7,1.0,0.85,2.0,50,15,6.0,8.23
15,45,105,45,50,10,60,0,25,4,21,0.5,0.85,6.0,50,50,3.0,13.02
15,45,105,45,70,10,90,5,18,2,21,0.5,0.85,6.0,50,15,3.0,0.0
0,20,75,55,30,0,0,20,25,7,90,1.0,0.6,6.0,50,33,6.0,3.97
15,45,85,65,50,0,30,0,25,1,7,0.0,0.6,6.0,50,15,1.5,0.0
15,20,75,55,50,2,90,0,25,2,45,0.0,1.05,2.0,33,15,6.0,0.14
0,30,105,65,50,2,30,20,25,1,21,1.0,1.05,6.0,33,15,6.0,2.5
60,45,60,45,30,25,30,0,18,1,21,0.5,1.05,4.0,15,33,3.0,0.0
15,45,75,55,90,0,0,5,40,2,45,0.0,0.85,5.0,50,50,3.0,0.0
5,10,75,75,70,10,0,20,25,4,45,0.0,0.85,2.0,15,33,6.0,1.94
60,20,60,75,90,2,90,20,40,4,45,1.0,1.05,6.0,33,15,6.0,0.02
15,45,75,55,50,10,30,20,25,4,7,0.0,0.85,5.0,50,15,3.0,2.97
30,45,60,55,90,0,30,20,18,4,90,0.0,1.05,2.0,50,50,3.0,1.56
5,20,85,55,90,10,90,0,40,1,90,0.0,0.6,2.0,33,50,6.0,0.05
0,45,85,65,70,25,90,5,33,4,21,0.5,0.6,2.0,33,33,6.0,4.79
15,30,85,45,90,0,90,5,40,7,7,0.0,0.6,4.0,33,50,1.5,15.1
0,10,105,55,50,10,0,20,40,0,45,1.0,1.05,2.0,15,50,6.0,0.74
5,10,75,45,50,10,60,0,18,1,90,1.0,0.85,2.0,15,50,6.0,0.0
15,10,105,75,70,25,30,0,25,7,21,0.5,0.6,4.0,50,15,6.0,2.43
60,45,75,45,30,25,30,0,33,4,90,1.0,1.2,4.0,15,15,6.0,0.46
0,30,105,75,90,0,90,20,40,7,90,0.5,1.05,5.0,50,15,1.5,11.97
60,30,60,45,30,10,60,20,25,4,21,0.5,1.05,6.0,15,15,6.0,0.47
0,45,75,65,70,2,30,0,25,1,90,0.0,1.2,5.0,15,15,6.0,7.45
15,20,95,55,50,0,0,20,33,1,45,0.0,1.2,6.0,15,50,1.5,0.0
15,45,75,75,90,25,0,20,33,4,7,0.5,0.85,5.0,33,50,3.0,4.54
30,30,60,75,50,10,90,20,40,0,90,1.0,1.05,6.0,15,50,1.5,0.0
30,20,95,45,70,2,0,20,18,0,7,0.0,0.6,6.0,50,33,6.0,0.0
5,10,105,55,90,2,90,20,33,0,90,1.0,0.6,4.0,15,15,3.0,0.56
60,20,75,55,50,25,60,20,33,2,45,1.0,1.05,5.0,33,33,1.5,0.21
30,45,105,55,70,10,90,20,40,0,90,0.5,0.6,6.0,33,50,3.0,0.0
15,20,60,75,30,2,90,5,25,1,90,0.5,0.6,4.0,33,50,6.0,0.27
5,10,105,75,90,0,0,0,18,1,7,0.0,1.2,4.0,33,50,6.0,0.41
0,10,75,75,50,2,60,20,18,7,21,0.0,1.05,6.0,15,50,3.0,2.97
15,20,95,55,50,10,0,20,18,1,45,1.0,0.85,2.0,15,33,1.5,0.25
0,20,105,45,50,10,90,20,40,4,90,1.0,1.2,4.0,15,15,1.5,6.39
30,20,105,65,30,2,90,5,18,1,90,0.5,1.05,2.0,33,50,6.0,0.54
30,45,105,45,70,10,0,20,25,0,45,1.0,1.2,5.0,15,50,3.0,0.4
0,30,60,65,90,10,60,20,25,2,7,0.0,0.6,6.0,33,15,6.0,0.41
60,45,75,55,70,25,60,0,25,1,45,1.0,0.85,2.0,50,15,1.5,0.27
30,20,85,65,70,10,60,20,18,1,7,0.5,1.05,4.0,33,33,3.0,0.0
5,45,95,75,50,0,90,5,18,4,21,1.0,0.6,6.0,33,15,3.0,19.36
30,30,60,45,90,2,90,20,25,1,7,0.5,1.2,5.0,50,15,1.5,0.0
15,30,85,45,50,0,60,5,33,0,45,1.0,1.05,5.0,15,50,3.0,0.24
60,20,75,55,70,25,0,20,25,1,21,0.5,0.6,2.0,50,33,3.0,1.12
30,20,95,55,30,10,60,5,18,4,7,1.0,1.05,4.0,33,50,6.0,0.0
0,45,85,55,30,25,30,5,18,0,45,0.5,1.2,4.0,50,15,3.0,0.0
30,10,75,75,70,0,90,5,33,7,45,0.0,1.2,6.0,50,50,1.5,0.22
30,45,105,45,90,10,0,0,40,2,45,1.0,1.2,4.0,15,15,3.0,0.0
15,30,85,75,70,25,90,0,40,0,45,1.0,1.05,4.0,33,50,3.0,0.0
30,30,75,55,90,10,60,0,18,2,90,0.5,0.85,6.0,33,15,1.5,0.42
30,20,95,75,30,0,60,0,40,7,21,0.0,0.6,5.0,33,33,1.5,0.0
0,45,85,75,30,25,90,20,33,7,21,0.0,0.85,6.0,33,33,6.0,10.67
60,20,75,55,30,10,30,20,25,2,45,1.0,1.05,4.0,50,50,1.5,0.0
0,45,95,75,70,2,60,5,40,0,7,1.0,0.6,2.0,15,50,1.5,0.1
5,45,95,75,30,25,0,20,40,2,45,1.0,0.6,6.0,15,33,6.0,2.62
30,45,85,45,50,10,30,5,18,0,21,0.0,0.6,5.0,15,33,1.5,0.0
5,45,60,75,90,25,0,5,25,2,21,1.0,0.85,4.0,50,15,1.5,3.62
0,45,60,45,90,25,60,5,40,0,21,0.5,1.2,5.0,50,15,3.0,0.0
60,20,60,55,50,2,0,5,25,2,90,0.5,0.85,2.0,33,33,1.5,0.0
0,20,95,65,30,10,0,5,33,7,90,1.0,1.2,4.0,15,50,6.0,14.0
5,20,95,75,30,2,60,20,40,1,45,0.5,1.05,2.0,15,15,1.5,0.29
60,10,85,65,50,10,30,5,33,1,7,0.0,1.2,5.0,33,50,6.0,0.0
60,30,85,65,30,10,60,0,18,0,21,0.0,0.85,6.0,15,50,3.0,0.03
0,20,95,45,70,2,0,0,18,0,7,0.5,1.2,6.0,50,33,3.0,0.09
0,30,105,75,70,10,30,5,33,4,90,0.0,0.85,4.0,50,15,6.0,7.69
15,30,85,45,90,0,0,5,40,4,21,1.0,0.85,4.0,50,50,3.0,8.69
30,10,95,65,90,2,30,5,25,7,45,0.0,1.2,5.0,50,15,1.5,0.0
15,45,95,45,30,10,30,20,18,4,90,0.0,1.2,4.0,15,33,3.0,7.22
15,20,105,55,50,25,30,0,33,0,90,0.0,1.05,4.0,33,15,6.0,0.29
5,20,60,45,70,25,60,5,40,2,7,0.0,0.6,5.0,50,33,1.5,0.0
0,20,105,75,30,0,0,20,18,2,45,0.0,0.85,2.0,33,15,6.0,1.38
60,10,105,55,70,0,90,20,18,0,90,0.5,1.05,6.0,33,33,6.0,0.0
15,20,95,75,90,10,90,5,33,4,45,0.5,0.85,4.0,33,33,3.0,1.24
0,10,105,55,50,10,30,20,40,4,45,1.0,1.05,4.0,15,15,1.5,2.38
15,20,75,45,70,25,0,20,33,1,7,1.0,0.85,5.0,33,33,3.0,0.08
60,20,60,55,70,0,60,20,25,7,90,1.0,0.85,6.0,15,15,1.5,0.4
15,20,75,75,50,10,90,5,40,1,7,1.0,1.2,5.0,50,33,6.0,0.0
5,45,95,65,70,25,0,5,40,1,7,1.0,0.85,6.0,50,33,6.0,1.98
15,20,105,55,90,25,90,0,18,4,45,0.0,1.05,6.0,15,15,6.0,1.15
15,30,85,45,30,25,60,20,18,7,90,1.0,1.2,2.0,15,33,6.0,12.4
30,10,105,75,50,25,0,0,25,4,21,1.0,0.6,5.0,33,15,6.0,0.0
15,20,60,75,30,10,0,0,40,7,90,0.5,0.6,5.0,33,15,3.0,7.68
60,20,60,65,90,0,0,20,25,1,21,0.5,0.6,2.0,50,33,1.5,0.0
5,30,95,65,50,0,30,0,18,1,45,1.0,0.6,5.0,33,50,3.0,0.32
0,45,75,45,30,10,90,0,18,0,90,1.0,1.2,2.0,50,15,6.0,0.0
60,45,105,55,70,0,60,5,33,2,21,0.0,0.6,4.0,15,15,3.0,0.0
60,45,75,65,30,2,60,20,18,2,45,1.0,0.6,6.0,33,33,3.0,0.52
0,45,75,65,50,25,0,0,18,2,45,0.0,1.05,2.0,33,15,1.5,3.6
60,30,85,65,70,10,0,0,25,1,90,1.0,1.2,6.0,50,15,1.5,0.0
0,10,95,75,90,2,60,0,40,7,21,1.0,1.05,5.0,33,33,1.5,14.91
30,45,95,65,50,0,0,20,25,0,90,0.0,1.05,5.0,15,50,3.0,0.0
0,10,105,65,50,10,90,20,33,2,21,0.0,1.2,4.0,33,15,6.0,1.06
5,30,105,75,50,2,30,5,25,2,7,0.0,0.85,6.0,33,33,6.0,6.86
30,10,75,55,70,25,0,0,40,0,45,1.0,1.2,6.0,50,33,1.5,0.46
5,10,60,65,30,2,30,20,33,1,7,0.0,0.85,6.0,50,15,6.0,0.75
15,30,75,65,30,0,30,0,33,4,21,1.0,0.85,6.0,33,33,6.0,9.69
30,30,105,75,70,0,90,20,33,0,21,1.0,1.05,5.0,33,50,3.0,0.82
5,20,105,75,90,25,30,5,33,7,45,0.0,0.85,2.0,50,50,6.0,5.03
30,45,95,55,50,10,30,20,18,7,7,0.0,1.05,5.0,50,15,3.0,9.3
60,20,85,75,90,0,60,20,33,7,7,0.0,1.05,2.0,33,33,6.0,0.0
15,10,75,75,90,10,0,5,33,1,45,0.0,0.85,4.0,33,33,3.0,0.58
5,20,75,65,70,25,60,0,33,7,21,0.0,0.85,2.0,50,33,3.0,3.88
30,45,95,65,90,0,30,5,25,1,45,0.5,0.6,5.0,33,33,6.0,0.27
30,20,105,55,70,2,0,5,25,4,21,0.5,0.85,2.0,50,15,1.5,0.01
30,45,95,65,70,25,90,20,40,1,21,0.0,1.2,2.0,50,15,1.5,0.0
30,30,85,45,50,25,90,20,18,7,90,1.0,0.6,2.0,33,15,6.0,0.04
15,10,85,65,30,0,60,20,33,0,7,0.5,1.05,4.0,33,15,3.0,0.0
5,20,95,65,30,10,60,0,25,1,45,1.0,0.85,6.0,15,50,1.5,0.35
30,30,75,45,30,0,0,5,25,2,90,0.0,0.6,4.0,50,50,3.0,0.11
15,45,75,75,50,0,60,0,18,0,90,0.5,1.2,2.0,33,50,1.5,0.0
30,10,75,65,70,0,90,5,25,7,21,0.0,1.05,5.0,50,50,3.0,0.0
30,10,105,75,70,10,0,0,18,1,21,0.5,1.2,2.0,33,50,6.0,0.17
30,20,95,55,50,10,30,5,33,1,90,0.0,0.6,4.0,50,50,3.0,0.56
0,30,95,45,90,2,60,5,33,2,90,0.0,0.6,6.0,33,33,1.5,4.37
15,20,105,65,90,0,0,5,40,7,45,1.0,1.2,6.0,33,50,6.0,31.74
15,20,75,65,90,10,30,20,25,0,21,1.0,1.2,2.0,50,50,6.0,0.13
0,20,105,75,30,10,90,20,33,1,21,0.5,0.85,6.0,50,50,1.5,1.38
5,45,60,75,30,25,60,20,18,4,45,0.5,0.6,4.0,15,33,3.0,4.2
15,45,95,55,90,2,90,0,18,1,21,1.0,0.85,4.0,15,15,3.0,0.38
5,10,60,55,90,2,0,5,40,7,21,0.5,0.6,2.0,15,15,1.5,4.69
60,20,95,75,70,0,0,0,25,7,21,1.0,0.85,2.0,15,15,1.5,0.47
30,10,85,65,90,10,0,20,33,0,90,1.0,1.05,2.0,15,15,6.0,0.15
30,45,85,55,50,25,30,0,25,7,7,1.0,0.6,4.0,15,50,1.5,4.16
5,45,95,55,90,0,60,20,18,2,90,1.0,1.2,2.0,50,33,3.0,6.03
15,10,105,45,30,0,90,20,33,1,21,0.0,0.85,2.0,50,50,3.0,0.0
60,30,105,55,50,0,0,0,18,0,90,0.0,0.85,4.0,50,15,6.0,0.77
30,30,95,55,30,0,60,5,18,0,21,0.5,1.05,5.0,15,33,1.5,0.0
30,30,75,65,70,0,90,20,33,7,45,0.5,1.2,2.0,15,15,6.0,6.26
5,10,60,45,70,25,0,20,18,0,45,1.0,0.85,6.0,50,50,1.5,0.54
5,30,60,45,50,10,30,5,18,2,90,0.0,0.6,2.0,33,15,3.0,1.88
0,45,95,75,90,0,90,5,40,1,90,0.0,0.6,5.0,15,50,3.0,3.35
15,10,60,45,70,0,0,20,18,7,21,0.5,0.85,4.0,15,33,3.0,2.62
60,20,85,45,70,2,0,0,33,7,90,0.0,1.05,5.0,33,50,1.5,0.33
15,10,105,65,70,0,90,20,18,2,21,0.0,1.05,6.0,15,15,6.0,0.3
30,30,75,75,50,2,30,20,33,2,7,0.0,0.85,4.0,33,50,6.0,0.0
0,20,60,45,50,25,90,0,18,1,21,0.0,1.05,4.0,15,33,1.5,0.23
0,30,95,45,50,2,90,0,33,0,90,0.0,1.05,4.0,33,33,1.5,0.22
15,10,105,55,70,10,60,5,33,4,45,1.0,0.85,4.0,15,15,3.0,0.14
0,30,105,45,30,10,60,0,33,0,90,0.0,0.85,5.0,50,50,1.5,0.0
60,30,105,45,70,2,90,0,25,1,7,0.0,0.85,6.0,50,33,3.0,0.0
0,20,75,45,30,10,30,20,33,4,21,0.5,1.05,2.0,15,15,6.0,3.81
15,45,85,45,50,10,0,5,40,0,21,0.0,0.6,5.0,15,50,3.0,0.0
5,30,60,45,90,25,0,20,40,0,7,1.0,0.6,4.0,15,33,1.5,0.0
15,45,75,55,30,10,60,0,25,7,90,0.5,0.85,2.0,33,33,1.5,26.18
60,45,60,55,50,10,0,20,18,0,21,0.5,0.85,6.0,50,33,6.0,0.0
0,20,85,45,30,2,30,20,40,2,7,1.0,1.2,5.0,50,33,6.0,2.06
5,20,85,45,30,2,90,5,25,0,45,1.0,0.85,5.0,15,33,6.0,0.0
5,30,85,75,90,2,90,20,40,7,21,1.0,0.85,2.0,33,33,1.5,9.58
30,10,85,65,50,2,0,5,25,2,45,1.0,0.6,5.0,50,50,6.0,0.0
5,45,105,75,70,10,30,0,40,1,7,0.5,0.6,4.0,50,15,1.5,0.93
0,10,75,45,30,0,60,0,40,2,45,1.0,1.2,6.0,15,15,3.0,4.44
5,30,105,65,70,2,0,5,25,2,45,1.0,1.2,5.0,33,15,6.0,11.51
5,10,95,45,50,25,0,20,33,7,7,0.5,0.85,4.0,33,15,3.0,3.22
30,20,85,65,70,2,60,5,40,1,90,0.0,0.6,4.0,15,15,6.0,0.05
5,45,60,65,70,2,30,5,33,0,21,0.5,1.05,5.0,50,33,6.0,0.29
5,30,85,45,50,2,30,0,18,7,7,1.0,1.05,5.0,50,50,6.0,40.0
0,30,75,55,90,2,90,20,33,7,7,1.0,1.05,5.0,33,15,6.0,10.3
0,20,75,65,30,25,30,0,33,4,7,0.0,0.85,5.0,33,33,1.5,2.54
0,20,85,65,70,25,30,5,18,2,7,1.0,1.05,6.0,33,50,1.5,1.78
60,10,95,65,50,2,30,20,40,4,45,0.0,1.05,2.0,50,33,1.5,0.0
5,45,85,65,90,10,60,5,33,7,21,0.5,0.6,6.0,33,15,1.5,13.33
30,20,95,65,50,10,30,5,18,1,7,0.5,1.2,4.0,15,33,1.5,0.0
15,20,60,65,50,25,30,0,25,0,7,0.0,1.2,5.0,50,33,3.0,0.0
15,45,85,65,50,25,90,5,25,2,21,0.0,1.2,2.0,50,15,3.0,2.27
60,45,85,45,50,2,60,20,40,2,90,1.0,0.85,5.0,15,50,6.0,0.32
15,45,75,45,70,10,30,20,40,1,90,0.5,0.6,4.0,33,50,3.0,0.32
0,10,95,75,90,2,30,0,18,4,90,0.5,1.05,2.0,33,33,3.0,7.75
30,20,60,65,70,2,30,5,40,7,90,1.0,0.6,6.0,15,33,3.0,0.54
5,45,60,75,50,0,0,5,25,1,21,1.0,0.6,6.0,50,33,1.5,1.63
15,45,75,55,30,0,90,20,18,4,21,0.5,1.2,6.0,15,33,6.0,6.32
15,45,75,65,70,25,60,0,18,7,45,0.5,1.05,6.0,50,50,1.5,12.28
60,20,95,45,90,25,30,20,18,7,90,1.0,0.85,6.0,50,33,1.5,0.0
30,45,95,55,90,25,30,5,25,4,21,0.5,0.6,2.0,33,33,3.0,0.0
0,30,60,65,30,2,30,20,18,0,7,0.5,1.05,4.0,50,50,1.5,1.46
30,10,95,75,90,0,30,5,40,0,90,0.5,1.05,2.0,15,50,6.0,0.04
0,20,105,45,50,2,30,20,33,2,90,0.5,0.6,6.0,33,15,3.0,1.13
30,45,95,55,90,10,90,0,33,1,21,0.0,0.85,4.0,50,50,6.0,0.0
15,10,105,45,50,25,0,5,40,2,45,0.5,1.2,5.0,15,33,1.5,0.34
15,10,95,45,70,10,90,0,18,7,21,0.5,1.05,6.0,50,33,1.5,7.32
60,45,95,65,90,0,0,20,40,4,7,0.5,0.85,2.0,50,15,1.5,0.99
60,45,95,75,90,0,0,0,25,0,7,1.0,0.85,6.0,33,15,1.5,0.0
60,20,75,55,70,10,30,0,18,7,45,0.0,0.85,5.0,33,50,6.0,0.0
0,20,60,55,70,10,0,20,33,0,7,0.0,1.2,5.0,33,33,1.5,0.41
15,30,60,75,90,10,90,20,25,4,45,1.0,1.05,2.0,50,50,1.5,3.07
60,45,85,75,50,0,30,20,18,2,21,0.0,1.2,2.0,33,15,1.5,0.33
60,30,105,65,90,0,0,5,18,7,21,0.0,1.2,2.0,15,33,3.0,0.0
0,20,95,65,90,0,90,20,40,7,45,1.0,0.6,4.0,50,15,1.5,4.4
30,45,105,45,70,2,90,5,18,7,45,0.0,1.05,4.0,50,33,6.0,29.6
30,45,75,55,30,0,60,0,33,1,21,1.0,1.2,5.0,50,33,1.5,0.0
0,30,75,55,50,0,0,20,40,2,90,0.0,0.85,4.0,33,50,3.0,1.14
15,20,60,45,70,25,60,5,40,2,90,0.0,0.85,5.0,15,50,6.0,0.0
15,10,85,75,30,25,30,0,25,2,21,0.0,0.6,6.0,50,15,3.0,0.91
30,10,95,65,30,2,60,20,25,0,7,0.5,1.2,5.0,15,33,1.5,0.0
30,20,85,45,90,25,60,5,18,1,21,0.5,0.85,2.0,50,15,3.0,0.99
60,20,75,55,30,2,30,0,25,1,90,0.0,1.05,5.0,50,15,1.5,0.0
60,45,60,75,50,10,30,0,40,1,90,0.0,1.05,5.0,15,15,6.0,0.0
30,20,105,65,70,25,90,20,25,0,90,0.0,0.85,6.0,50,33,1.5,0.18
15,45,95,65,90,0,30,20,18,4,45,0.5,0.85,2.0,15,15,6.0,5.5
5,10,95,45,70,25,90,5,33,7,90,0.0,0.85,5.0,15,15,1.5,1.79
60,20,105,45,30,10,30,0,33,1,45,0.5,1.2,5.0,50,33,3.0,0.14
60,30,85,65,70,0,90,20,18,2,21,1.0,1.2,5.0,50,50,6.0,0.0
15,30,60,75,30,2,90,20,18,7,45,1.0,1.05,2.0,33,50,6.0,10.83
60,10,75,45,90,25,90,0,18,7,7,0.5,0.85,2.0,15,50,1.5,1.01
5,20,95,75,90,0,60,0,40,7,21,0.5,0.85,5.0,15,50,1.5,24.17
60,10,75,55,70,2,30,0,33,7,45,1.0,0.6,5.0,15,33,1.5,0.0
30,30,75,55,30,2,0,0,33,2,45,0.5,1.05,2.0,15,50,3.0,0.03
0,10,95,45,30,25,0,0,40,4,90,0.0,0.6,5.0,15,50,3.0,0.26
30,10,95,55,90,2,0,5,18,1,21,1.0,1.05,2.0,33,33,1.5,0.16
60,30,95,55,70,2,90,0,33,2,45,0.0,0.6,4.0,50,15,3.0,0.12
5,10,75,75,90,25,90,5,33,4,45,0.5,0.85,6.0,15,15,1.5,1.79
0,45,105,65,50,0,0,20,40,0,7,0.5,1.2,2.0,50,33,1.5,0.09
5,45,75,55,70,25,90,20,25,0,45,1.0,1.2,5.0,15,33,1.5,0.0
5,20,75,65,50,25,90,20,33,4,90,0.0,0.85,4.0,33,15,3.0,2.4
60,20,105,55,30,2,30,0,33,0,90,0.0,1.2,5.0,33,15,3.0,0.0
5,45,85,65,30,10,90,20,33,7,21,0.5,0.6,6.0,50,50,1.5,9.09
5,30,75,45,50,10,0,0,33,4,21,0.0,1.2,5.0,33,33,1.5,12.21
15,20,85,45,70,2,90,5,40,1,90,0.0,1.2,2.0,33,33,3.0,0.4
5,10,60,75,50,10,90,5,40,0,45,1.0,0.85,2.0,15,50,6.0,0.0
30,30,95,75,90,2,90,5,40,1,45,1.0,0.85,5.0,15,33,6.0,0.07
15,10,75,75,90,0,30,20,25,4,7,0.0,1.05,6.0,33,50,6.0,0.0
60,10,105,65,30,25,0,0,40,2,90,0.0,0.6,5.0,15,50,3.0,0.0
30,20,75,65,90,10,0,0,40,1,45,0.5,0.6,6.0,33,33,6.0,0.34
60,45,85,45,50,0,60,5,18,2,21,1.0,0.6,6.0,50,33,3.0,0.92
30,45,60,45,90,25,30,0,25,1,21,0.5,0.85,6.0,15,33,3.0,0.09
0,20,95,65,90,2,30,5,33,1,45,1.0,0.6,4.0,50,15,3.0,1.18
15,45,75,65,70,2,60,0,33,0,7,0.5,1.05,2.0,50,15,6.0,0.0
30,10,85,45,70,2,60,0,18,2,21,0.0,0.85,5.0,33,15,1.5,0.29
0,10,95,75,90,0,30,20,25,7,7,0.5,1.2,5.0,33,50,6.0,4.02
30,10,85,65,50,25,0,20,18,2,21,1.0,0.85,4.0,33,33,6.0,0.0
15,30,105,55,70,25,60,0,18,1,45,1.0,0.85,6.0,33,50,6.0,0.15
30,45,60,45,70,10,90,20,18,4,7,1.0,1.2,5.0,50,15,3.0,1.98
30,45,95,75,30,0,90,20,25,7,90,0.0,1.05,6.0,15,15,3.0,9.21
0,20,95,75,50,25,30,0,18,7,90,1.0,1.05,6.0,33,15,1.5,8.79
30,30,85,75,70,10,30,20,40,7,45,0.5,0.85,2.0,50,33,6.0,2.87
15,45,105,65,70,25,30,20,18,2,90,1.0,1.2,6.0,50,15,6.0,2.79
0,30,95,45,50,0,30,20,25,1,90,0.5,0.85,2.0,33,50,6.0,1.33
60,45,75,75,90,25,90,5,40,2,90,0.0,0.6,6.0,33,15,3.0,0.0
0,45,60,75,70,0,0,5,33,4,21,0.5,1.05,2.0,33,15,1.5,25.33
30,20,95,75,90,25,30,5,25,1,21,0.0,1.2,4.0,33,15,1.5,0.45
60,45,105,55,70,2,90,20,18,1,7,0.0,1.2,6.0,50,50,6.0,0.0
0,30,95,45,70,25,0,0,25,7,21,1.0,1.05,5.0,33,15,3.0,12.45
15,45,60,75,30,10,0,0,40,4,45,0.0,1.05,4.0,15,15,3.0,11.74
60,45,105,65,50,2,30,0,18,0,90,0.5,1.2,6.0,33,50,1.5,0.5
15,30,75,45,30,0,30,5,25,0,90,1.0,1.2,4.0,15,33,1.5,0.0
30,45,60,45,90,25,30,0,18,4,90,0.0,0.85,4.0,15,33,3.0,0.79
15,20,95,65,30,0,90,20,40,2,7,0.0,1.2,6.0,50,15,1.5,0.02
0,45,60,45,50,0,30,0,33,0,90,0.0,1.05,6.0,50,15,3.0,0.0
60,10,85,75,30,2,60,20,40,2,7,1.0,1.2,5.0,15,33,3.0,0.0
30,30,95,75,90,0,90,0,18,1,21,0.0,0.85,5.0,15,15,6.0,0.24
60,45,95,45,30,2,30,0,40,2,7,1.0,1.2,4.0,33,50,3.0,0.0
15,10,60,55,50,0,0,5,33,7,7,0.5,1.2,4.0,50,15,6.0,9.21
5,10,85,55,30,0,60,20,18,2,21,0.5,0.85,2.0,15,50,3.0,0.79
30,45,75,55,70,0,30,20,40,2,7,1.0,0.85,5.0,15,15,1.5,0.0
60,30,105,55,50,2,60,20,25,2,45,0.5,0.6,6.0,33,15,3.0,0.0
5,20,60,75,90,10,90,0,25,7,21,0.5,1.05,2.0,33,15,1.5,14.35
0,10,95,55,70,10,90,20,18,2,7,1.0,0.85,2.0,50,50,1.5,0.71
30,10,105,75,30,2,60,0,33,4,21,0.0,1.05,4.0,15,50,3.0,0.0
30,10,75,75,70,10,30,5,40,0,90,1.0,0.85,6.0,50,50,6.0,0.02
15,45,105,45,30,25,30,0,25,4,7,0.0,1.2,2.0,33,33,1.5,7.78
30,45,75,75,30,2,30,20,33,0,7,0.0,1.2,4.0,15,15,6.0,0.17
5,10,105,45,70,2,0,20,25,7,45,0.0,1.05,4.0,15,50,1.5,4.02
60,20,75,45,90,2,0,0,40,1,90,0.0,1.2,6.0,15,15,6.0,0.27
5,45,95,45,30,0,90,20,40,7,90,0.5,0.85,6.0,33,50,1.5,13.27
60,45,105,65,50,10,30,20,18,1,45,0.5,0.6,4.0,15,50,3.0,0.0
60,30,60,65,70,10,30,20,25,1,45,0.5,0.6,4.0,33,50,6.0,0.0
60,30,85,45,30,2,0,5,18,0,90,0.5,1.05,4.0,15,33,6.0,0.45
60,45,85,75,30,25,30,5,33,4,90,0.5,1.05,4.0,50,50,1.5,0.0
30,45,105,55,70,2,30,5,40,7,7,1.0,0.6,2.0,50,15,3.0,14.17
60,45,85,65,90,2,0,5,18,2,7,0.5,1.05,2.0,50,50,1.5,1.1
30,10,85,65,70,0,90,5,25,1,7,0.5,1.2,2.0,50,15,1.5,0.0
60,30,75,65,50,10,90,5,18,7,21,0.0,1.2,5.0,33,15,6.0,0.05
60,10,105,75,70,2,60,20,25,1,45,0.0,1.05,5.0,15,15,1.5,0.16
30,30,85,55,50,2,30,5,40,7,21,0.5,1.05,2.0,33,50,3.0,15.19
60,20,95,75,90,2,0,5,25,7,90,0.0,1.05,4.0,33,15,6.0,0.0
15,45,85,65,70,2,30,20,33,0,21,0.5,1.2,6.0,50,33,3.0,0.49
15,30,85,45,90,25,60,0,33,1,21,1.0,0.85,6.0,50,15,1.5,0.83
0,10,60,75,50,0,30,20,25,0,21,0.0,0.6,5.0,33,50,6.0,0.0
15,45,75,55,90,0,90,20,18,0,90,0.0,0.6,4.0,50,33,6.0,0.0
30,30,105,45,70,0,60,0,33,4,90,0.0,1.05,2.0,15,15,6.0,0.17
60,30,105,75,70,0,90,0,25,1,45,0.5,1.2,4.0,15,33,3.0,0.48
0,20,75,65,50,0,90,20,25,0,7,1.0,0.85,2.0,15,15,6.0,0.0
15,10,60,55,90,0,0,5,18,2,90,1.0,1.2,2.0,50,33,3.0,0.87
5,10,105,65,90,25,90,20,33,2,21,0.5,1.2,5.0,33,50,1.5,1.97
60,30,85,75,50,25,30,0,25,0,7,0.0,0.6,5.0,33,15,3.0,0.0
5,20,85,55,70,2,0,0,25,7,7,1.0,1.05,2.0,15,15,1.5,26.83
5,30,75,45,90,0,90,20,33,0,45,0.5,1.05,6.0,33,50,1.5,0.0
15,20,95,55,90,10,0,5,25,2,21,0.5,1.05,5.0,33,50,1.5,0.18
5,20,105,65,90,25,90,0,18,7,90,0.5,0.6,2.0,50,15,3.0,4.76
60,10,85,45,70,0,60,20,33,0,7,0.5,1.2,5.0,33,15,6.0,0.22
15,45,105,65,70,10,60,5,40,4,45,0.5,1.2,2.0,15,15,3.0,15.69
15,20,75,45,70,0,0,5,18,4,90,0.0,1.05,4.0,15,15,1.5,4.16
0,45,75,55,30,10,30,5,25,1,7,1.0,0.85,5.0,15,50,6.0,2.39
30,45,75,65,30,2,90,0,25,0,90,0.0,1.05,6.0,15,50,1.5,0.0
30,10,105,75,90,10,90,20,33,1,45,0.0,1.05,5.0,15,33,3.0,0.0
15,10,85,65,30,10,30,5,18,2,21,1.0,1.2,4.0,33,15,1.5,0.0
60,30,105,75,30,25,60,20,18,2,45,1.0,0.85,5.0,50,50,1.5,0.0
60,20,75,75,70,25,0,0,33,2,7,1.0,0.6,6.0,15,50,3.0,0.0
60,30,85,65,70,0,60,20,25,7,90,0.5,0.85,6.0,15,33,3.0,0.0
0,30,95,55,70,0,60,0,25,2,45,0.0,0.85,6.0,33,33,3.0,9.06
30,10,60,65,50,10,0,0,25,4,21,0.5,0.85,5.0,15,15,1.5,0.28
15,10,85,75,30,25,60,0,33,7,21,0.0,1.2,6.0,33,15,3.0,3.3
60,10,95,75,30,10,60,5,40,1,7,0.5,1.05,5.0,50,33,1.5,0.0
5,20,60,55,30,2,0,20,18,7,7,0.0,0.6,4.0,50,33,3.0,3.16
5,10,60,75,90,0,90,20,40,0,90,0.5,1.2,5.0,15,15,1.5,0.0
60,20,75,45,50,25,30,5,18,0,45,0.0,1.05,5.0,15,50,1.5,0.05
15,45,105,65,90,2,60,0,33,1,90,0.0,1.05,2.0,15,33,1.5,0.0
15,45,75,45,30,2,30,0,18,1,7,0.0,0.85,6.0,50,50,3.0,0.0
0,10,95,55,70,10,60,5,33,0,45,0.0,0.6,6.0,50,33,1.5,0.0
30,20,85,65,50,25,90,5,18,2,7,0.0,0.6,2.0,15,50,1.5,0.47
30,30,105,45,50,10,90,5,33,4,45,0.0,1.05,4.0,33,33,6.0,0.12
60,10,60,65,50,25,30,5,40,2,90,0.0,0.85,6.0,15,33,1.5,0.53
15,10,105,45,30,0,0,0,33,1,7,0.0,0.85,6.0,33,33,1.5,0.0
5,30,105,65,90,25,60,5,18,0,21,1.0,1.05,5.0,15,15,3.0,0.32
5,45,85,55,30,10,0,20,33,4,7,0.0,1.2,6.0,15,33,1.5,8.07
15,10,75,75,50,2,90,20,33,0,45,0.5,1.05,2.0,50,33,1.5,0.0
5,20,60,75,30,2,30,20,33,1,45,1.0,0.85,6.0,15,33,6.0,0.0
15,30,85,75,50,10,90,5,40,2,90,0.5,0.6,4.0,15,15,1.5,0.25
0,30,75,55,30,0,60,20,33,7,7,0.0,0.85,6.0,50,50,6.0,6.26
60,20,75,55,50,10,0,0,25,7,45,1.0,0.85,4.0,33,50,3.0,0.07
60,30,85,75,30,2,0,5,40,7,7,0.0,0.6,4.0,15,33,3.0,0.54
0,10,85,45,70,2,30,5,33,4,45,1.0,1.05,5.0,33,50,1.5,6.37
30,20,75,45,30,25,60,20,33,7,90,0.5,1.05,6.0,50,15,3.0,1.42
30,30,85,45,90,2,90,5,25,0,21,0.5,0.6,2.0,33,15,3.0,0.0
30,20,75,55,70,10,30,0,40,2,7,0.5,1.05,5.0,15,50,6.0,0.45
0,10,105,65,50,0,60,0,18,4,90,1.0,0.6,2.0,50,50,3.0,5.84
60,45,85,45,50,0,0,20,40,0,90,1.0,0.6,5.0,33,33,6.0,0.0
30,45,60,75,70,25,90,0,40,4,90,1.0,1.05,2.0,50,33,6.0,1.24
5,10,75,65,50,10,90,20,33,0,7,0.5,1.05,2.0,50,33,1.5,0.0
60,30,60,45,30,0,90,20,40,7,90,0.0,1.05,2.0,50,33,1.5,0.52
15,45,95,75,70,25,0,20,40,7,45,0.5,0.6,4.0,15,15,1.5,9.0
5,45,105,55,90,10,90,0,25,7,45,0.5,0.6,2.0,15,33,6.0,23.81
15,30,60,55,50,10,0,0,25,7,90,1.0,0.85,2.0,15,50,1.5,19.77
30,10,85,45,90,2,90,0,25,1,45,1.0,1.05,4.0,33,33,1.5,0.0
0,10,105,65,50,2,90,0,40,1,7,0.5,1.2,6.0,33,33,6.0,2.07
60,45,75,45,50,25,60,20,25,4,45,0.5,0.6,4.0,15,50,3.0,0.0
60,20,105,65,30,25,0,5,40,4,21,1.0,1.05,4.0,33,50,6.0,0.1
0,45,75,75,30,0,60,5,25,0,21,1.0,0.85,4.0,50,33,6.0,0.0
30,10,105,75,90,0,0,5,25,2,21,0.5,1.05,4.0,15,15,1.5,0.0
5,10,60,55,90,25,60,0,18,7,21,1.0,1.05,5.0,15,33,1.5,3.17
60,20,60,45,30,2,60,0,18,4,7,0.5,0.85,2.0,33,50,3.0,0.0
60,20,95,65,90,10,0,20,40,2,45,0.5,1.2,5.0,50,15,1.5,0.73
5,20,105,75,70,2,60,0,33,4,45,0.5,0.6,6.0,33,15,3.0,8.83
60,30,60,75,90,0,30,5,33,0,7,0.0,1.2,2.0,15,15,6.0,0.7
15,10,105,45,30,25,0,5,40,1,7,0.0,1.2,4.0,33,50,1.5,0.54
30,20,60,55,30,25,30,0,33,0,7,1.0,0.85,5.0,33,15,1.5,0.35
60,30,85,45,70,25,90,5,25,7,90,1.0,0.6,6.0,15,33,3.0,0.23
30,20,60,75,30,25,0,5,33,4,21,0.0,0.85,6.0,33,33,6.0,0.0
15,45,60,45,90,25,30,5,25,0,45,0.0,0.6,2.0,33,15,3.0,0.0
5,45,95,65,50,0,90,0,25,7,21,1.0,1.05,4.0,33,15,6.0,40.0
5,30,75,65,90,0,90,20,33,7,21,0.0,0.85,5.0,50,33,1.5,5.46
0,10,85,65,50,10,0,5,25,2,45,0.5,1.05,6.0,33,15,6.0,2.01
30,10,105,45,30,2,0,5,25,1,45,0.5,1.05,6.0,50,33,6.0,0.0
30,30,95,65,90,25,90,5,40,4,45,1.0,0.6,4.0,33,50,6.0,0.21
0,45,105,65,30,2,30,5,25,1,7,0.5,1.05,5.0,15,50,1.5,7.55
15,20,60,65,90,0,0,0,33,7,21,0.5,0.6,2.0,33,50,1.5,12.36
60,20,95,65,30,10,90,20,18,2,7,1.0,0.85,6.0,33,33,1.5,0.0
0,10,85,75,50,10,0,0,18,4,45,0.0,1.05,2.0,50,15,3.0,3.51
15,30,60,55,90,10,0,0,33,1,21,1.0,0.6,5.0,50,33,1.5,1.43
0,20,60,65,70,10,60,20,25,2,7,1.0,1.2,2.0,33,33,3.0,1.69
15,20,95,45,30,0,0,20,40,0,21,0.0,0.6,4.0,15,50,3.0,0.1
0,30,85,45,90,2,0,20,40,2,7,0.5,0.6,2.0,15,33,3.0,1.94
60,45,75,75,30,0,90,0,40,0,21,0.0,1.05,4.0,50,33,3.0,0.33
15,45,95,55,30,2,0,0,18,1,7,1.0,0.85,5.0,15,33,6.0,0.09
30,45,95,55,30,2,90,0,18,2,21,1.0,1.05,5.0,15,33,1.5,1.07
30,10,75,45,70,10,60,5,40,2,21,1.0,0.85,6.0,15,15,3.0,0.56
15,10,75,55,70,2,30,20,25,4,45,0.0,1.2,5.0,15,50,1.5,0.0
15,45,85,55,70,10,60,20,25,7,90,1.0,1.2,2.0,15,15,6.0,18.46
15,45,105,45,70,0,90,0,18,7,7,0.5,0.85,5.0,50,50,6.0,40.0
5,45,95,75,90,2,0,0,40,1,90,0.0,0.85,6.0,33,33,3.0,3.99
0,10,60,55,30,10,30,20,33,7,21,1.0,0.85,5.0,15,33,1.5,1.94
5,10,85,75,70,25,0,5,18,1,90,0.5,1.05,6.0,33,15,3.0,0.0
15,10,75,55,70,25,30,20,25,2,45,0.0,0.85,5.0,15,33,6.0,0.0
60,20,105,55,90,0,90,20,25,4,21,1.0,0.85,4.0,50,15,6.0,0.0
5,30,95,75,70,10,60,5,40,0,21,1.0,0.6,6.0,50,33,3.0,0.0
60,30,105,45,50,25,60,5,33,7,21,0.5,1.2,2.0,50,50,6.0,0.0
15,10,60,65,30,2,90,5,33,4,90,0.0,0.6,2.0,50,50,3.0,0.1
0,30,95,45,50,2,0,20,40,0,90,1.0,0.85,5.0,50,50,1.5,0.0
60,30,85,55,90,0,0,5,33,2,7,0.0,1.05,2.0,15,15,6.0,0.72
15,30,95,65,90,2,90,5,18,7,21,0.5,0.6,5.0,33,15,6.0,15.53
5,20,95,45,50,10,0,5,25,0,21,0.0,0.85,5.0,50,15,1.5,1.13
30,30,60,75,50,10,60,0,33,0,45,0.5,1.2,4.0,15,33,6.0,0.0
0,30,85,55,50,2,90,5,18,1,45,1.0,1.05,5.0,50,33,3.0,4.78
0,30,85,75,50,0,30,20,40,4,21,0.0,1.05,4.0,33,15,6.0,4.72
30,20,75,55,30,0,0,5,18,7,45,0.5,1.2,6.0,15,15,6.0,7.9
0,45,95,55,30,10,90,20,40,2,90,0.0,1.2,5.0,33,15,1.5,4.15
0,20,95,75,50,25,0,0,40,7,90,0.0,1.2,5.0,50,33,1.5,6.54
0,45,85,65,50,2,90,5,18,4,21,0.5,1.05,6.0,15,15,1.5,25.72
15,10,60,65,50,25,0,0,33,0,90,0.0,1.05,6.0,33,33,1.5,0.84
60,45,60,75,70,10,0,20,40,0,21,1.0,1.05,4.0,33,33,1.5,0.0
0,30,85,65,50,10,0,0,40,7,21,0.0,0.6,5.0,50,15,1.5,11.9
60,20,105,65,50,0,0,5,33,0,45,0.0,0.85,4.0,33,33,1.5,0.12
60,45,60,75,30,2,90,5,40,4,7,1.0,0.6,6.0,15,33,1.5,0.72
0,45,85,45,70,0,0,20,25,1,45,0.0,0.6,5.0,50,33,1.5,0.72
30,10,85,55,50,10,30,0,40,1,21,0.5,1.2,2.0,33,50,3.0,0.23
0,10,75,65,30,10,0,0,40,7,21,0.5,1.05,4.0,33,50,1.5,7.59
30,20,105,55,90,10,90,0,40,7,45,0.5,1.2,5.0,33,15,6.0,7.79
60,30,95,75,70,0,30,20,25,7,45,0.5,1.05,4.0,15,33,6.0,0.0
60,30,85,75,70,10,0,20,25,1,7,0.5,1.2,2.0,33,50,3.0,0.51
0,20,105,75,30,0,0,20,25,4,90,1.0,0.6,2.0,50,15,6.0,1.89
60,10,75,75,30,0,0,0,33,4,7,1.0,1.05,5.0,50,33,3.0,0.0
5,30,95,75,50,0,0,20,33,0,7,0.0,1.05,5.0,50,50,6.0,0.94
5,45,85,55,30,25,60,5,18,2,90,0.0,0.6,2.0,15,50,6.0,1.26
30,45,85,45,70,2,90,5,25,1,21,1.0,1.05,5.0,33,50,6.0,0.0
5,10,85,55,70,10,0,20,18,4,21,0.0,1.2,6.0,50,15,6.0,1.58
0,20,95,75,90,2,0,0,18,1,45,1.0,0.85,6.0,50,33,6.0,2.88
5,20,85,65,30,10,0,20,33,7,45,0.0,0.6,6.0,33,33,3.0,3.74
60,10,60,55,30,0,90,5,18,2,45,0.5,1.2,2.0,33,15,3.0,0.5
5,45,95,75,90,25,30,0,33,2,90,0.5,0.6,6.0,15,15,6.0,2.09
30,20,75,45,70,25,0,0,18,4,90,0.0,1.2,6.0,50,50,6.0,0.0
5,45,75,65,50,0,60,0,40,7,45,1.0,1.05,5.0,33,15,6.0,40.0
30,30,105,55,50,0,0,20,25,1,7,0.5,1.05,4.0,15,33,6.0,0.0
15,20,85,65,90,10,60,20,18,2,45,0.5,0.85,5.0,15,33,6.0,0.12
15,10,95,55,30,25,90,5,18,4,7,0.0,0.6,4.0,15,33,6.0,0.0
0,30,95,65,50,0,30,20,18,4,90,0.0,1.05,2.0,50,50,3.0,4.41
5,10,95,45,30,25,30,5,25,0,90,0.5,0.85,2.0,50,50,3.0,0.56
30,20,75,75,90,25,90,0,33,7,45,1.0,1.2,2.0,15,50,3.0,2.57
15,30,85,45,70,25,60,0,40,4,21,0.0,0.85,6.0,15,50,6.0,1.93
15,20,95,45,90,0,90,5,18,7,90,1.0,0.85,6.0,15,15,1.5,20.02
15,30,95,45,50,2,30,20,33,7,7,1.0,1.2,4.0,33,50,1.5,13.27
5,10,60,65,50,25,30,5,40,7,7,1.0,1.05,4.0,50,50,6.0,2.81
0,30,105,45,90,25,30,5,18,2,90,0.5,0.6,2.0,15,15,3.0,1.47
0,30,105,45,90,0,30,20,25,7,90,0.5,0.85,6.0,33,15,3.0,9.07
60,10,105,75,70,0,30,5,33,1,90,1.0,0.6,4.0,33,15,3.0,0.58
5,45,60,45,50,10,0,5,25,0,21,0.0,0.85,4.0,50,33,1.5,0.75
0,20,75,75,70,25,30,5,40,2,90,1.0,1.05,2.0,15,50,6.0,2.03
15,30,75,45,90,2,60,20,33,0,21,0.5,1.2,5.0,50,33,6.0,1.23
0,30,85,65,50,2,60,5,33,7,45,0.0,0.85,5.0,15,33,1.5,20.87
5,45,75,55,70,10,90,0,25,1,21,1.0,0.85,2.0,33,33,1.5,2.17
5,10,60,45,50,25,30,0,40,4,7,1.0,0.85,2.0,15,50,3.0,0.92
5,20,60,45,30,0,0,20,25,0,90,1.0,0.85,4.0,15,15,6.0,0.0
60,10,105,75,30,2,0,20,25,7,90,1.0,0.6,2.0,33,15,1.5,0.0
15,45,75,55,70,0,60,20,40,4,90,1.0,0.6,6.0,33,50,3.0,2.45
15,45,85,65,50,2,60,20,40,2,45,0.0,0.85,6.0,15,15,6.0,0.0
0,45,85,65,50,2,60,20,18,0,45,0.5,1.2,4.0,33,15,6.0,0.0
15,45,85,75,90,0,60,0,25,2,45,0.5,1.05,5.0,15,33,3.0,2.42
60,20,75,75,50,2,60,5,40,0,7,0.0,1.2,5.0,50,33,3.0,0.42
15,30,95,75,70,10,0,20,33,4,7,0.0,1.2,2.0,33,15,1.5,2.91
15,10,75,55,50,10,90,0,40,2,45,0.5,0.85,4.0,50,33,1.5,0.0
5,45,60,65,70,25,0,20,18,4,45,0.5,1.2,5.0,33,33,6.0,8.63
5,45,75,75,30,0,90,0,18,1,90,0.5,0.6,6.0,33,33,3.0,0.0
5,20,85,45,90,0,60,5,33,0,7,1.0,0.85,4.0,15,33,1.5,0.47
0,45,75,75,70,25,30,0,33,1,45,0.0,0.85,6.0,15,50,1.5,1.96
15,20,95,55,50,2,0,0,40,7,45,0.5,1.2,5.0,33,15,1.5,29.78
15,30,75,45,30,0,90,5,25,4,21,0.5,0.85,5.0,15,15,6.0,6.57
30,45,85,45,30,2,90,0,33,0,21,0.0,1.05,4.0,50,50,6.0,0.0
5,45,95,55,70,2,60,5,25,2,90,1.0,0.6,6.0,50,50,1.5,7.38
5,45,85,65,90,0,60,20,40,1,90,0.5,1.2,4.0,15,50,6.0,1.86
60,10,95,45,50,2,30,5,40,7,7,1.0,0.85,2.0,33,33,3.0,0.78
5,45,75,75,90,0,60,20,18,2,45,1.0,1.2,2.0,15,33,3.0,4.36
5,20,75,65,30,25,30,0,40,4,45,0.5,1.05,5.0,15,15,3.0,3.98
60,45,105,65,90,25,0,0,40,4,90,1.0,1.2,4.0,50,50,6.0,0.73
5,45,105,55,90,0,90,20,18,7,90,1.0,0.85,2.0,33,50,6.0,14.84
5,10,60,45,50,25,30,5,18,7,21,0.0,1.05,4.0,50,50,3.0,1.94
15,45,95,65,70,10,90,20,25,1,21,1.0,1.05,2.0,33,33,6.0,0.0
60,30,105,45,70,10,60,5,33,1,7,0.0,0.85,4.0,15,33,1.5,0.55
30,10,85,55,70,2,0,0,25,4,21,1.0,1.05,4.0,50,50,3.0,0.41
60,45,105,75,70,25,30,20,33,1,90,0.5,0.6,4.0,15,15,3.0,0.0
5,10,85,45,70,25,0,0,25,1,45,0.5,0.6,4.0,15,50,6.0,0.75
5,45,105,45,30,25,60,0,40,2,21,1.0,0.85,5.0,33,33,1.5,4.63
30,20,75,45,30,2,30,5,33,7,7,0.0,0.6,6.0,15,15,6.0,0.0
30,10,85,45,50,25,60,0,40,2,7,0.5,0.6,2.0,50,15,1.5,0.53
5,30,60,55,50,10,0,0,18,1,21,0.0,0.85,4.0,50,15,1.5,0.0
5,30,105,45,70,2,90,0,33,0,21,0.0,0.6,5.0,50,15,3.0,0.0
0,10,60,65,50,2,0,0,33,7,90,1.0,1.05,4.0,50,50,1.5,12.91
5,30,60,65,30,25,0,5,40,1,7,1.0,0.6,2.0,15,33,3.0,0.0
5,10,95,75,30,0,60,0,18,2,21,0.0,1.2,5.0,50,33,3.0,3.6
0,10,105,55,50,25,30,5,33,1,21,1.0,1.2,4.0,33,50,6.0,0.51
5,10,85,75,70,25,90,20,18,4,90,0.0,0.85,6.0,50,33,3.0,1.27
0,30,105,75,50,10,30,0,25,2,90,0.0,1.2,4.0,15,33,6.0,7.81
30,45,105,75,30,2,0,20,25,1,45,0.5,0.6,5.0,15,15,3.0,0.0
30,30,85,45,30,10,90,20,25,1,45,1.0,1.05,2.0,50,15,3.0,0.0
0,30,85,55,90,0,60,5,18,2,90,0.5,1.2,2.0,33,15,6.0,10.77
60,10,85,55,50,10,60,0,25,7,45,0.0,0.6,4.0,33,50,3.0,0.35
60,20,75,45,30,2,0,20,33,1,7,1.0,1.05,6.0,33,33,6.0,0.0
15,30,60,65,70,25,60,20,33,0,90,1.0,1.05,4.0,50,33,1.5,0.0
15,30,85,55,30,10,60,5,33,2,7,0.0,0.85,2.0,15,33,6.0,0.0
60,30,85,55,50,2,30,20,33,7,90,0.5,0.85,6.0,50,33,6.0,0.0
5,10,85,65,70,0,60,5,40,2,7,0.5,0.85,4.0,50,50,1.5,2.24
15,20,85,45,50,0,0,20,33,4,21,0.0,0.6,2.0,33,33,3.0,0.07
15,45,75,75,50,0,0,20,33,1,21,0.5,0.6,2.0,33,33,3.0,0.74
15,30,95,65,30,10,90,20,40,1,45,1.0,0.85,4.0,50,50,6.0,0.06
30,20,85,75,90,10,0,20,40,0,90,0.5,1.2,6.0,33,33,3.0,0.0
5,45,85,65,90,0,90,0,18,0,90,1.0,1.2,6.0,50,33,6.0,0.47
5,20,85,75,50,2,60,5,25,4,21,1.0,1.05,2.0,33,33,1.5,12.28
30,30,95,75,70,0,90,20,25,1,21,0.5,0.6,2.0,15,33,6.0,0.0
30,45,95,45,70,2,60,20,33,0,21,0.5,0.6,6.0,50,50,6.0,0.0
60,10,95,45,70,25,60,20,40,4,7,1.0,1.05,6.0,33,33,3.0,0.0
0,20,95,55,50,10,30,20,40,4,21,0.0,1.2,2.0,50,50,1.5,4.42
30,30,95,75,90,2,0,5,18,4,21,0.5,1.2,4.0,50,15,3.0,0.19
15,45,95,45,70,25,90,5,33,4,7,0.5,1.05,2.0,15,15,3.0,7.51
5,20,85,65,70,25,30,5,33,7,7,0.5,1.2,5.0,50,50,1.5,8.09
30,10,85,45,30,10,90,20,18,7,21,0.0,0.6,6.0,15,15,6.0,0.02
30,45,95,45,70,2,30,20,18,7,45,0.0,0.85,6.0,15,33,6.0,6.92
30,20,85,65,90,0,0,0,25,0,90,0.5,1.2,4.0,50,50,6.0,0.1
0,30,85,45,90,0,90,5,18,1,7,0.5,0.85,5.0,33,50,3.0,2.53
5,45,60,45,70,0,0,5,40,2,90,0.5,1.05,2.0,15,33,6.0,11.52
5,20,95,55,70,10,60,20,33,2,7,0.5,1.2,4.0,50,15,1.5,2.58
60,30,75,75,30,10,60,20,40,7,21,0.5,1.05,6.0,33,15,3.0,0.1
5,10,95,55,90,25,30,0,40,1,21,0.0,1.05,6.0,50,50,1.5,0.46
30,30,95,45,30,0,60,20,18,1,45,0.0,0.6,6.0,15,50,1.5,0.13
5,10,75,65,50,2,60,5,18,1,7,0.5,1.2,5.0,50,15,1.5,0.42
5,45,60,75,50,25,30,20,40,0,21,0.5,1.05,6.0,33,50,3.0,0.27
0,10,95,75,30,25,0,0,40,0,90,0.5,1.05,5.0,15,50,3.0,0.0
60,20,85,65,90,0,90,20,18,2,90,0.0,0.85,6.0,15,33,6.0,0.09
0,20,75,55,30,2,30,0,25,4,90,0.0,1.2,5.0,33,15,1.5,12.59
60,10,95,45,50,10,0,0,33,1,7,0.5,0.85,5.0,50,50,6.0,0.27
60,30,60,45,90,2,30,0,18,2,21,1.0,1.2,6.0,50,33,6.0,0.02
30,20,75,65,90,25,90,5,40,7,21,1.0,0.85,2.0,15,50,3.0,0.35
60,45,95,65,90,10,30,20,33,0,21,0.5,1.2,2.0,33,33,6.0,0.08
15,30,85,55,50,10,90,20,33,1,7,0.0,1.05,4.0,50,15,3.0,0.12
30,30,105,55,30,0,90,0,18,4,45,1.0,0.85,4.0,50,50,6.0,0.0
60,30,95,75,90,0,0,20,33,1,90,0.0,0.85,6.0,33,33,6.0,0.28
60,30,75,55,30,10,30,5,25,2,90,1.0,0.6,6.0,33,50,1.5,0.0
15,45,105,45,70,10,60,5,25,7,21,0.5,0.85,5.0,50,15,3.0,21.66
15,30,105,55,30,2,0,20,18,2,90,0.5,1.2,5.0,33,15,6.0,0.0
15,10,95,65,90,0,60,0,40,7,90,0.5,0.6,2.0,33,33,3.0,6.99
5,30,95,55,30,2,60,20,40,7,90,0.5,0.85,5.0,33,50,3.0,9.04
30,45,95,55,90,0,30,0,18,0,21,0.5,1.05,6.0,15,33,3.0,0.0
60,30,85,45,70,0,90,20,25,1,90,1.0,1.2,4.0,50,50,6.0,0.07
0,20,75,75,30,0,60,20,40,0,21,0.0,0.85,2.0,33,33,6.0,0.29
30,20,75,65,50,25,60,20,18,0,90,0.0,1.05,6.0,50,50,6.0,0.0
30,10,105,65,30,0,60,20,40,4,90,0.0,1.2,4.0,15,50,3.0,0.0
0,45,75,75,90,0,0,20,18,7,21,1.0,0.85,5.0,50,50,3.0,12.21
0,20,95,45,50,10,90,5,25,2,45,0.0,1.05,5.0,15,15,3.0,2.52
15,20,105,75,90,25,60,5,40,2,21,1.0,1.2,6.0,50,50,1.5,0.0
15,30,75,55,70,0,30,20,25,4,21,0.0,0.85,6.0,50,33,1.5,1.22
15,30,85,45,50,0,60,0,40,1,45,1.0,0.6,4.0,15,33,3.0,0.0
60,45,85,65,50,25,0,0,18,2,21,1.0,1.2,2.0,15,15,6.0,0.28
15,45,85,55,30,2,30,5,40,1,45,0.5,0.85,6.0,33,15,6.0,0.09
5,10,95,75,70,10,60,5,40,4,7,0.0,1.2,2.0,33,15,1.5,3.59
15,30,95,65,50,2,60,20,40,7,45,1.0,0.85,6.0,15,15,3.0,8.98
0,30,95,45,30,25,0,20,40,2,7,0.5,0.6,6.0,15,15,6.0,1.94
0,45,60,65,90,0,60,5,25,0,7,0.0,0.6,5.0,33,50,1.5,0.58
60,30,60,75,70,25,60,20,18,0,21,0.5,0.6,6.0,15,33,3.0,0.38
0,20,95,65,50,2,90,20,25,4,90,0.0,0.85,2.0,50,33,3.0,2.37
0,10,75,75,30,10,90,20,25,7,21,0.5,1.2,4.0,15,33,1.5,3.66
5,30,75,45,70,25,90,0,18,1,90,0.0,0.6,2.0,50,15,1.5,0.07
0,45,105,65,50,10,0,0,33,7,21,1.0,1.2,4.0,33,50,3.0,40.0
60,20,85,65,30,25,0,20,25,1,7,0.5,0.85,4.0,15,50,6.0,0.37
5,20,105,55,90,10,60,0,25,7,90,0.0,1.05,5.0,33,33,1.5,16.51
15,45,85,65,50,2,60,0,25,4,7,0.5,0.6,4.0,50,50,3.0,9.38
60,10,85,45,30,25,0,5,40,7,90,0.5,1.05,4.0,50,33,1.5,0.95
15,30,85,75,70,2,90,5,25,4,21,0.5,0.85,4.0,33,50,6.0,6.9
15,20,95,55,70,10,60,20,40,0,21,0.0,1.2,5.0,15,33,6.0,0.81
30,20,60,45,30,2,60,20,33,1,45,1.0,0.6,4.0,50,33,1.5,0.0
60,30,75,75,30,25,60,0,18,1,90,0.5,1.2,6.0,50,15,3.0,0.56
30,20,85,75,30,0,60,20,25,0,7,0.5,1.05,6.0,50,33,1.5,0.0
15,10,85,45,70,10,0,5,18,1,45,0.5,0.85,6.0,15,33,1.5,0.47
0,10,95,45,70,2,90,0,18,4,90,1.0,1.05,2.0,50,50,6.0,8.66
60,30,95,75,70,2,0,20,18,2,45,0.5,0.6,6.0,33,15,6.0,0.03
60,20,105,55,90,25,0,0,40,2,7,1.0,1.2,4.0,50,50,6.0,0.72
30,30,95,45,90,2,30,0,40,2,45,0.5,1.2,2.0,33,33,6.0,0.0
5,10,60,55,50,2,0,5,33,4,21,0.0,1.2,6.0,33,15,6.0,5.76
60,20,95,45,70,0,0,0,25,7,90,0.0,0.6,4.0,33,33,6.0,0.57
60,10,75,45,70,0,30,0,40,2,7,1.0,1.2,6.0,15,50,6.0,0.0
5,30,95,55,90,2,90,20,18,1,21,0.0,1.05,4.0,15,33,1.5,0.32
0,10,75,55,30,25,30,20,18,0,21,0.0,0.6,4.0,33,50,1.5,0.06
30,30,75,45,30,0,0,5,33,2,21,0.0,1.05,2.0,15,50,6.0,0.6
30,10,85,45,70,0,0,20,18,2,7,1.0,1.05,2.0,15,15,6.0,0.33
15,10,60,45,50,25,60,0,25,4,90,0.0,0.85,2.0,50,33,1.5,0.0
60,10,85,55,90,0,0,0,33,2,7,0.5,0.6,5.0,33,50,6.0,0.0
60,10,95,65,90,0,0,20,33,7,21,0.5,0.85,5.0,50,15,1.5,0.0
30,20,85,75,30,10,30,0,25,2,90,0.5,0.6,2.0,33,50,1.5,0.21
15,45,75,75,70,0,60,20,33,7,7,0.0,1.05,5.0,33,33,1.5,11.46
30,30,95,75,90,2,90,0,18,4,7,0.0,1.05,4.0,15,15,1.5,0.02
30,20,85,55,90,2,0,5,40,7,7,0.0,1.2,6.0,15,33,6.0,7.26
15,20,85,75,70,10,0,20,40,2,7,0.5,1.05,5.0,15,50,3.0,0.0
15,45,105,55,90,25,30,5,25,7,45,0.0,0.6,4.0,50,15,1.5,8.31
60,30,60,65,70,2,30,5,40,4,90,0.0,0.85,5.0,50,50,6.0,0.76
30,10,95,45,30,0,30,0,18,1,90,1.0,1.2,2.0,50,33,6.0,0.0
60,20,105,55,30,0,90,5,25,2,45,0.0,0.6,2.0,33,15,6.0,0.0
15,10,105,65,90,25,90,0,33,0,90,1.0,0.6,4.0,33,50,3.0,0.0
60,45,75,75,70,0,90,20,18,2,7,1.0,0.6,4.0,33,15,3.0,0.0
0,45,95,55,50,25,90,0,18,7,7,0.5,0.85,4.0,15,15,6.0,12.82
60,45,85,75,30,10,60,20,33,0,21,0.0,0.6,4.0,33,50,3.0,0.0
15,45,60,65,90,10,0,0,40,0,45,1.0,0.6,2.0,33,33,6.0,0.0
5,45,105,55,30,0,30,0,25,0,45,0.0,1.2,4.0,15,33,6.0,0.0
30,45,105,65,90,10,90,0,40,7,90,0.0,1.05,2.0,15,33,6.0,23.86
60,45,105,65,50,2,0,20,33,0,7,0.0,0.6,6.0,50,15,1.5,0.11
5,30,95,45,30,2,90,5,18,4,90,0.5,0.6,4.0,33,33,1.5,9.58
30,10,75,65,70,0,90,5,33,7,21,1.0,0.6,6.0,50,15,3.0,0.35
15,10,105,55,70,10,60,0,33,0,21,1.0,1.05,5.0,50,50,1.5,0.52
0,45,85,75,90,2,60,5,18,1,7,1.0,1.2,4.0,15,15,1.5,8.13
30,20,105,75,70,10,30,5,18,0,7,0.0,1.2,4.0,50,50,3.0,0.0
60,45,95,45,50,10,90,5,40,0,7,0.0,0.6,2.0,50,50,6.0,0.0
30,20,85,65,50,0,0,5,40,0,21,0.5,1.05,4.0,15,33,1.5,0.0
15,45,95,75,70,25,60,20,33,0,45,0.0,0.6,2.0,15,33,3.0,0.0
60,45,75,75,70,10,90,5,18,1,7,1.0,0.85,5.0,50,50,6.0,0.31
15,10,85,65,90,2,0,20,25,0,7,0.0,1.2,4.0,50,50,1.5,0.0
5,20,105,75,90,25,30,0,18,4,7,1.0,0.6,4.0,33,15,6.0,2.82
30,30,105,65,50,25,30,5,40,4,45,0.5,1.2,4.0,15,33,3.0,0.0
30,10,105,65,70,10,90,20,33,4,21,0.5,1.2,2.0,33,15,6.0,0.29
30,45,60,75,30,25,60,5,33,1,21,1.0,1.2,4.0,15,33,3.0,0.56
0,10,85,55,70,10,60,5,18,1,7,0.0,1.2,4.0,15,33,6.0,0.9
60,20,85,55,50,25,90,5,40,2,21,0.0,0.85,2.0,50,33,6.0,0.04
15,10,85,65,30,10,30,5,40,2,7,0.0,0.6,4.0,50,33,3.0,0.0
30,10,95,55,70,25,30,20,18,0,90,0.0,1.2,2.0,50,33,1.5,0.23
0,30,60,55,50,25,0,5,25,2,7,0.5,1.05,6.0,33,50,6.0,4.09
60,10,60,75,70,2,60,0,18,0,90,0.5,1.05,2.0,33,50,6.0,0.0
5,30,95,45,70,0,30,5,40,0,7,1.0,1.05,4.0,15,50,3.0,0.0
60,20,105,55,30,2,30,20,18,0,90,0.5,0.6,2.0,33,33,1.5,0.0
5,45,75,65,50,2,30,20,40,4,7,1.0,0.85,5.0,33,33,1.5,6.77
5,30,95,55,50,2,90,5,40,1,21,1.0,0.85,4.0,33,50,1.5,0.5
5,45,60,55,50,2,30,20,40,2,90,0.0,1.2,5.0,50,15,3.0,3.3
0,45,75,45,30,0,30,5,25,2,7,0.0,1.2,4.0,33,50,3.0,11.66
15,20,75,55,50,0,30,20,40,2,7,0.0,0.85,4.0,33,33,3.0,0.0
15,30,85,65,70,10,60,20,33,1,90,0.0,1.2,4.0,33,50,1.5,0.0
5,20,75,65,50,2,90,20,33,2,90,1.0,0.85,6.0,50,33,1.5,1.33
0,10,95,65,50,0,30,5,33,2,90,1.0,1.2,6.0,33,33,1.5,4.95
15,45,60,75,30,10,0,20,25,1,21,0.0,1.05,6.0,15,50,6.0,0.13
0,20,85,65,30,0,30,20,33,0,7,0.0,1.2,4.0,50,15,1.5,0.0
5,20,60,45,90,2,30,0,40,0,90,1.0,1.2,6.0,33,15,1.5,0.0
60,45,85,75,50,25,60,5,18,7,21,1.0,1.05,2.0,15,15,1.5,0.36
60,30,105,55,50,10,0,20,25,1,90,0.5,0.85,4.0,50,50,3.0,0.0
30,20,75,45,30,2,0,5,33,1,21,0.0,0.85,6.0,50,15,1.5,0.0
60,45,95,65,30,0,60,0,40,2,45,0.5,1.05,4.0,15,50,3.0,0.19
60,45,105,55,90,0,0,20,18,0,45,0.5,0.6,4.0,15,15,3.0,0.0
0,10,105,65,50,0,30,20,33,7,90,0.0,0.6,2.0,33,15,6.0,1.23
60,20,60,55,30,10,60,0,25,1,90,0.0,1.2,2.0,15,15,6.0,0.0
60,45,75,55,50,0,30,20,18,0,7,0.5,0.6,2.0,33,15,6.0,0.0
15,45,60,65,50,0,90,20,40,4,90,1.0,0.85,2.0,15,15,6.0,4.3
15,30,75,45,70,2,30,0,40,2,21,0.0,1.2,2.0,33,33,6.0,0.33
0,45,95,55,50,2,30,5,33,0,45,0.5,1.05,4.0,15,33,6.0,0.68
15,20,95,45,30,25,0,5,40,4,21,1.0,0.6,6.0,15,33,1.5,0.6
15,45,85,65,50,25,30,20,18,4,7,0.0,0.85,2.0,15,15,6.0,4.94
15,45,105,55,50,2,30,20,33,7,90,0.0,0.85,5.0,15,50,1.5,12.16
5,20,95,65,30,0,0,5,33,1,21,0.0,1.05,6.0,33,33,3.0,0.41
30,45,60,75,30,2,60,0,40,2,21,0.5,0.85,2.0,15,50,3.0,0.07
60,20,105,45,50,0,90,20,40,2,90,0.5,0.6,4.0,33,50,6.0,0.69
60,45,85,65,30,0,90,5,40,0,21,0.5,1.2,6.0,50,50,3.0,0.15
30,45,85,75,50,25,60,20,18,1,21,0.5,1.2,5.0,33,50,3.0,0.0
60,20,85,65,70,25,90,0,33,2,90,1.0,0.85,2.0,15,15,1.5,0.0
5,30,75,45,50,25,30,20,33,1,7,0.5,1.2,5.0,15,33,1.5,0.65
0,45,60,65,90,2,90,5,40,7,21,0.0,0.6,4.0,50,50,1.5,19.58
5,10,95,75,30,0,0,0,18,2,21,0.0,0.85,5.0,15,50,6.0,2.08
15,30,85,45,90,2,90,0,18,0,90,0.0,0.6,5.0,33,33,6.0,0.0
30,45,85,75,50,0,90,5,18,4,45,0.0,0.85,6.0,33,33,3.0,0.0
5,45,60,65,50,0,60,0,33,1,21,1.0,1.2,6.0,50,33,1.5,6.13
60,30,85,65,30,25,30,5,40,4,21,1.0,0.85,2.0,15,15,3.0,0.0
15,20,75,75,30,25,30,0,25,4,90,0.0,0.85,2.0,50,33,1.5,0.15
30,45,105,45,50,0,90,20,40,4,7,0.5,0.6,5.0,33,50,3.0,0.19
0,10,85,65,50,0,60,20,25,2,45,1.0,0.6,6.0,15,33,6.0,1.46
30,20,95,55,50,10,60,5,40,2,7,1.0,1.05,5.0,50,15,6.0,0.24
60,10,95,75,30,2,90,0,33,0,7,1.0,1.2,2.0,33,50,1.5,0.82
5,20,95,55,70,10,30,20,18,2,21,0.0,0.85,6.0,33,33,3.0,1.96
15,10,95,65,70,25,0,5,25,7,90,1.0,0.6,5.0,50,15,3.0,1.59
0,45,105,65,30,25,0,5,18,7,7,0.0,1.05,6.0,15,33,1.5,15.58
5,20,75,65,90,0,60,5,18,4,90,0.5,1.2,5.0,15,15,6.0,12.44
0,45,105,75,90,10,90,0,33,7,90,1.0,0.6,2.0,33,33,3.0,27.11
0,20,85,75,90,2,60,5,33,0,21,0.5,0.6,6.0,15,50,6.0,0.0
0,30,75,55,70,25,60,5,40,7,45,0.0,0.85,6.0,50,15,6.0,6.15
15,10,85,65,90,2,60,20,18,0,21,0.5,0.85,2.0,33,15,3.0,0.19
5,10,85,65,30,2,90,20,25,4,21,0.0,0.85,5.0,50,33,3.0,1.52
0,45,105,45,50,10,30,0,25,7,45,0.0,0.85,4.0,50,15,1.5,30.25
5,20,60,45,70,10,90,20,40,0,45,1.0,0.85,2.0,50,15,1.5,0.0
30,10,85,55,70,10,30,20,25,7,45,0.5,0.6,4.0,50,50,6.0,0.14
60,30,75,45,30,25,60,20,18,2,90,0.5,1.05,4.0,33,15,1.5,0.54
0,20,60,45,90,0,90,20,25,1,21,0.5,0.6,2.0,15,33,1.5,1.13
0,45,105,45,90,2,30,20,18,7,90,0.5,0.6,6.0,33,15,1.5,9.13
60,10,95,75,70,0,60,5,33,2,21,0.5,0.6,2.0,15,33,6.0,0.16
0,45,75,75,90,10,30,20,33,2,21,1.0,0.6,6.0,15,15,6.0,2.37
30,10,85,55,30,10,30,20,25,0,7,0.5,1.05,4.0,15,50,3.0,0.0
60,45,95,45,90,25,0,0,33,4,7,1.0,0.6,2.0,15,50,1.5,0.53
0,45,75,75,90,25,60,5,40,0,45,0.5,1.2,4.0,50,15,1.5,0.0
60,45,85,45,90,25,90,20,25,4,21,0.5,0.85,5.0,50,50,1.5,0.72
30,20,85,55,30,2,0,20,33,0,7,0.0,0.6,4.0,50,50,6.0,0.34
15,45,60,55,30,0,0,0,33,7,7,0.5,1.2,2.0,15,50,1.5,40.0
5,10,85,65,50,25,60,20,40,1,45,0.5,0.85,5.0,50,33,3.0,0.0
30,45,75,55,30,0,30,5,25,4,21,0.5,1.05,6.0,15,50,1.5,4.53
15,10,105,45,90,25,30,0,40,7,21,0.5,0.6,5.0,50,50,3.0,1.01
15,30,95,65,50,0,0,0,25,4,90,1.0,1.2,5.0,15,33,3.0,21.82
30,10,85,45,50,10,60,0,18,4,45,0.0,1.2,5.0,33,33,3.0,0.74
15,45,95,65,50,25,30,5,33,2,21,1.0,0.85,4.0,33,15,1.5,0.05
5,10,105,45,50,2,60,0,40,0,45,0.0,0.6,2.0,15,50,1.5,0.0
5,10,60,65,30,0,90,5,33,7,7,1.0,0.85,4.0,15,33,6.0,8.73
15,10,60,45,90,25,0,20,25,2,7,0.0,1.2,4.0,33,50,3.0,0.0
30,45,75,75,70,25,90,20,25,0,90,0.0,0.6,6.0,50,15,1.5,0.0
60,20,95,45,30,25,60,5,33,1,90,0.0,1.05,5.0,50,33,3.0,0.51
60,45,75,45,30,0,30,5,33,7,21,0.5,1.2,6.0,33,33,3.0,8.67
15,30,75,45,50,2,0,20,33,4,7,0.0,1.2,4.0,15,15,6.0,3.28
0,30,95,45,70,25,90,5,18,4,21,0.5,0.6,2.0,50,33,6.0,2.86
60,45,60,75,30,10,0,5,25,4,90,1.0,0.6,2.0,33,50,1.5,0.0
30,20,95,45,50,2,0,5,18,4,21,0.0,0.85,4.0,33,15,6.0,0.03
60,10,105,75,30,0,0,0,18,4,21,0.5,1.2,2.0,50,50,3.0,0.0
30,45,105,75,30,25,30,5,40,4,7,0.5,0.6,6.0,50,15,3.0,0.06
15,45,60,45,90,2,30,0,25,4,7,1.0,0.85,2.0,33,15,6.0,18.1
0,45,75,75,50,0,90,5,25,2,21,1.0,1.05,4.0,33,33,6.0,13.04
30,10,95,65,30,10,60,20,33,0,21,0.0,1.2,2.0,15,50,3.0,0.0
5,45,60,45,70,10,90,5,18,2,21,0.5,0.6,4.0,50,33,6.0,3.04
60,20,75,45,90,2,90,20,40,2,21,0.0,1.05,2.0,15,50,1.5,0.0
0,10,75,55,90,25,60,5,33,1,21,0.5,1.2,6.0,15,15,3.0,0.01
15,20,95,75,90,25,30,0,18,2,21,0.0,1.05,4.0,33,50,6.0,0.0
0,45,60,75,50,25,90,5,33,4,45,1.0,1.2,2.0,50,33,3.0,9.7
15,10,75,45,30,25,90,5,18,1,90,0.0,1.05,5.0,15,15,6.0,0.0
60,10,60,65,30,25,0,0,40,2,45,1.0,0.6,4.0,50,33,1.5,0.41
5,45,75,55,90,10,0,5,33,1,21,0.0,1.2,2.0,15,33,6.0,1.81
5,30,60,75,50,25,60,20,33,2,90,1.0,0.6,4.0,15,15,3.0,1.84
0,10,85,75,70,0,0,5,40,2,7,0.5,1.2,6.0,50,33,6.0,4.02
60,45,85,45,70,10,0,5,33,4,90,0.5,1.05,6.0,50,15,6.0,0.59
5,10,85,45,90,10,30,5,18,2,21,0.5,1.05,5.0,50,33,1.5,0.85
30,10,60,55,50,2,90,20,33,4,90,1.0,0.85,6.0,33,15,3.0,0.0
5,30,60,75,30,10,0,20,40,2,90,0.0,1.05,6.0,50,15,6.0,2.91
0,10,105,55,90,25,60,5,33,0,21,0.0,1.2,6.0,33,15,6.0,0.0
15,30,85,75,30,25,60,20,18,1,7,0.5,0.6,2.0,50,33,1.5,0.0
5,30,85,75,30,10,30,5,18,7,21,0.0,0.6,4.0,50,15,1.5,7.33
15,30,75,65,50,2,60,0,25,4,90,0.5,0.85,2.0,33,50,3.0,7.33
0,10,75,65,70,0,0,0,18,1,7,0.0,1.05,2.0,15,33,1.5,2.05
15,30,85,55,90,25,0,20,33,0,7,0.5,1.05,4.0,50,50,3.0,0.0
60,10,105,45,70,10,30,5,18,2,7,1.0,1.05,5.0,50,50,3.0,0.45
15,10,75,75,50,0,0,0,25,1,7,0.5,1.05,6.0,15,33,3.0,0.0
15,30,85,65,90,10,30,5,33,4,7,0.0,1.05,6.0,15,50,6.0,4.83
15,30,75,55,30,0,0,5,18,7,90,0.0,0.85,5.0,50,50,6.0,19.3
0,30,60,45,30,2,90,5,25,0,21,0.0,1.2,6.0,15,15,6.0,0.13
30,45,85,75,30,10,60,5,40,1,21,1.0,1.05,6.0,33,33,3.0,0.45
0,30,85,75,70,0,60,0,18,7,45,1.0,0.6,5.0,33,15,1.5,25.1
5,45,95,55,70,0,0,0,18,2,21,0.0,1.2,2.0,15,15,1.5,17.49
30,45,95,75,90,25,0,5,33,0,7,1.0,0.6,2.0,15,33,6.0,0.0
5,45,95,55,50,10,60,5,18,2,90,0.0,0.85,5.0,15,33,6.0,5.52
0,10,60,55,70,25,0,5,25,1,45,1.0,1.05,4.0,50,33,3.0,0.99
30,30,60,75,50,25,60,0,25,7,90,1.0,0.85,6.0,50,50,6.0,3.4
0,10,85,55,70,25,60,0,40,2,7,0.5,1.05,4.0,50,15,1.5,0.76
15,30,60,75,90,10,0,5,25,4,21,0.5,0.85,5.0,33,15,6.0,3.49
5,20,85,45,30,25,90,0,33,2,21,0.5,1.2,4.0,15,50,3.0,2.03
15,20,60,45,70,2,0,20,25,4,21,0.5,0.6,6.0,15,33,1.5,0.46
15,10,75,45,30,2,90,20,40,1,45,1.0,1.05,2.0,15,15,1.5,0.0
30,30,95,75,70,10,30,5,40,0,90,0.5,0.85,4.0,33,33,1.5,0.0
30,10,75,45,50,0,0,5,33,1,21,1.0,0.6,5.0,33,33,1.5,0.0
5,20,95,65,30,10,60,5,33,1,21,0.5,1.05,4.0,15,33,1.5,0.26
0,45,85,65,30,0,60,20,40,1,90,1.0,0.85,4.0,50,50,3.0,1.77
15,20,105,45,50,0,90,5,18,2,7,1.0,0.6,4.0,50,33,6.0,0.0
30,20,60,65,30,10,90,5,33,0,7,0.0,1.05,5.0,50,15,6.0,0.0
0,20,75,55,90,10,30,0,25,4,21,0.5,1.05,5.0,15,15,6.0,7.98
30,45,85,65,50,2,30,5,25,4,90,1.0,1.05,4.0,15,50,3.0,4.99
30,10,95,65,70,2,60,0,33,2,45,1.0,1.2,4.0,33,15,3.0,0.0
15,30,85,65,30,0,30,5,40,4,45,0.5,1.05,5.0,15,50,6.0,11.63
0,10,60,55,30,2,30,20,18,1,7,0.5,0.6,6.0,33,15,3.0,1.04
60,45,75,45,30,2,30,0,18,1,90,0.5,0.85,2.0,15,15,3.0,0.0
15,45,60,45,70,10,60,0,33,1,7,0.0,1.2,6.0,33,33,6.0,0.19
5,20,95,55,50,2,30,20,25,4,45,0.5,1.05,5.0,50,50,3.0,4.08
30,30,105,55,30,10,60,20,33,0,90,0.0,0.85,5.0,33,50,1.5,0.0
60,10,95,75,50,25,30,5,25,1,21,0.0,1.2,6.0,15,33,1.5,0.4
15,10,95,45,30,2,0,0,33,0,90,0.5,0.85,4.0,15,33,1.5,0.0
60,20,60,75,70,25,90,0,33,0,45,0.0,1.2,6.0,50,33,3.0,0.0
30,10,75,75,50,25,90,5,25,7,7,0.0,1.2,6.0,15,50,6.0,0.58
30,30,60,45,50,2,60,5,25,1,21,1.0,1.05,6.0,15,50,1.5,0.0
15,10,95,55,90,2,60,20,25,4,45,0.5,0.6,5.0,50,33,3.0,0.0
15,30,60,55,90,0,0,20,25,1,7,0.5,1.2,5.0,33,50,6.0,0.26
0,45,85,65,50,10,30,20,18,1,45,0.5,0.85,5.0,15,15,1.5,2.35
30,20,95,75,30,2,90,20,40,0,21,0.0,0.85,2.0,50,33,6.0,0.21
5,45,75,45,50,2,60,20,40,4,45,0.0,1.2,2.0,33,50,6.0,7.27
5,45,75,45,90,10,0,5,18,7,45,1.0,1.2,2.0,50,50,6.0,27.67
0,45,105,65,30,2,0,20,18,2,21,1.0,1.2,6.0,15,15,3.0,6.5
60,45,75,75,70,25,0,0,40,7,7,0.0,1.2,6.0,50,33,6.0,2.9
0,45,95,65,70,2,30,20,18,4,21,0.5,0.6,5.0,50,15,3.0,5.56
15,45,75,55,50,2,30,0,40,4,21,1.0,0.6,2.0,15,33,1.5,10.01
15,45,60,65,30,10,0,0,18,4,45,0.5,1.05,4.0,50,15,6.0,14.26
5,10,85,75,30,2,30,20,25,4,21,1.0,0.6,4.0,15,33,6.0,1.25
5,45,60,75,70,2,60,20,40,0,21,1.0,1.05,6.0,50,50,6.0,0.0
5,20,75,45,90,0,30,0,25,2,90,0.0,0.6,2.0,33,15,1.5,1.61
0,30,75,45,30,10,0,0,40,4,7,0.5,1.2,2.0,15,50,6.0,13.88
5,30,85,65,50,2,30,20,18,4,90,1.0,0.6,6.0,15,15,6.0,3.48
15,20,95,75,70,25,60,5,18,4,90,0.0,0.6,5.0,15,33,1.5,0.11
5,10,85,55,30,0,90,20,18,0,45,0.0,0.6,6.0,33,33,3.0,0.0
60,20,60,45,70,0,30,5,33,2,7,0.5,0.6,5.0,33,33,1.5,0.01
5,20,105,75,50,2,30,0,25,4,90,0.5,0.6,5.0,15,33,1.5,9.4
15,10,95,45,30,2,60,20,18,1,7,0.5,1.05,5.0,15,33,6.0,0.0
0,45,60,55,30,0,90,0,18,2,7,0.0,0.85,2.0,50,15,3.0,10.75
0,10,105,45,90,0,0,20,25,7,90,0.5,1.05,6.0,50,50,3.0,3.82
15,20,60,75,50,2,60,20,25,2,45,0.5,1.05,2.0,50,33,3.0,0.04
15,45,60,75,90,0,60,5,40,2,90,0.5,0.85,4.0,15,50,3.0,0.12
5,10,105,45,70,25,0,20,25,1,90,0.0,1.05,4.0,15,50,1.5,0.0
30,20,60,65,50,10,0,0,33,1,7,0.5,0.85,2.0,15,15,6.0,0.0
30,20,75,55,70,25,0,5,25,2,90,0.5,0.85,2.0,15,15,3.0,0.0
60,45,75,45,70,10,0,5,25,2,21,0.0,0.6,5.0,50,33,6.0,0.12
60,45,95,65,90,0,0,5,33,1,21,1.0,1.2,2.0,50,50,3.0,0.49
15,45,95,55,30,0,60,20,25,4,7,1.0,1.2,5.0,15,33,6.0,9.31
60,20,60,45,90,25,90,5,18,1,45,1.0,1.05,2.0,15,33,1.5,0.0
0,10,75,75,30,25,30,5,40,1,7,0.5,0.85,6.0,15,33,3.0,0.28
60,45,95,65,70,0,90,0,40,1,21,1.0,0.85,5.0,15,33,6.0,0.02
15,30,85,75,70,25,90,20,18,0,21,0.0,0.6,5.0,33,33,6.0,0.0
0,30,60,75,70,2,30,20,40,1,90,0.0,1.2,5.0,50,50,1.5,2.36
5,30,105,55,70,2,30,20,33,2,21,0.0,0.85,2.0,15,50,3.0,2.51
30,10,60,75,50,2,60,5,25,2,45,0.5,0.6,4.0,50,33,1.5,0.19
5,30,60,65,90,0,60,20,18,7,21,0.0,1.2,4.0,15,15,6.0,9.08
15,10,105,75,50,2,30,5,33,0,45,1.0,0.85,4.0,15,15,1.5,0.22
30,45,75,55,70,0,60,20,25,7,45,1.0,0.6,5.0,50,50,1.5,3.27
0,30,85,75,90,10,90,5,25,1,90,0.0,0.6,2.0,33,15,3.0,1.75
15,45,60,65,90,0,60,0,18,2,7,1.0,0.85,5.0,50,33,3.0,0.0
30,45,105,55,30,10,90,0,18,1,7,0.0,1.2,6.0,15,33,6.0,0.16
0,10,95,75,30,10,90,20,40,1,7,0.0,0.6,4.0,33,50,1.5,1.47
5,20,85,65,90,10,0,20,18,1,21,0.0,0.85,2.0,15,15,6.0,0.0
60,45,105,45,90,25,0,5,18,7,45,0.0,1.05,6.0,15,33,1.5,0.97
60,30,85,55,90,0,0,5,25,2,7,0.5,0.85,5.0,33,33,6.0,0.0
5,20,60,45,30,25,30,5,33,4,45,0.0,0.85,2.0,33,50,1.5,1.71
15,20,75,75,50,10,0,5,18,1,90,0.0,1.05,4.0,15,33,1.5,0.61
30,20,75,75,50,25,0,5,18,4,7,0.0,0.85,5.0,50,15,3.0,0.0
15,20,85,65,30,2,60,5,25,2,45,0.0,0.6,2.0,50,15,6.0,0.0
15,45,105,75,30,10,60,5,18,0,45,0.5,1.2,5.0,15,15,3.0,0.27
60,10,60,45,90,10,90,5,33,0,90,0.5,0.85,2.0,15,50,1.5,0.51
0,45,105,75,70,2,30,0,18,2,21,0.0,1.05,4.0,15,33,3.0,16.2
5,30,105,65,30,0,30,5,40,1,45,0.5,0.6,4.0,15,50,1.5,0.0
0,30,105,75,70,2,0,20,25,1,90,1.0,1.05,5.0,50,33,3.0,1.92
60,10,75,45,90,25,60,20,25,2,90,0.0,1.2,6.0,15,15,6.0,0.1
60,20,95,75,50,10,30,0,33,7,7,0.5,1.05,4.0,33,50,6.0,0.54
0,10,95,75,70,10,90,5,18,1,7,0.5,0.6,5.0,33,15,3.0,0.5
30,30,60,75,30,0,30,0,18,1,7,1.0,0.6,6.0,50,15,6.0,0.0
60,30,85,65,30,10,0,0,40,1,7,1.0,0.85,2.0,33,15,6.0,0.48
0,30,105,55,90,0,60,5,25,0,90,0.0,1.05,4.0,15,15,1.5,0.0
15,20,105,75,90,2,60,0,25,7,7,0.5,1.05,6.0,33,15,6.0,27.88
5,30,85,75,70,10,30,20,25,2,7,0.5,1.05,5.0,15,15,6.0,3.2
30,30,85,55,50,25,30,20,18,1,21,0.0,0.6,4.0,15,50,6.0,0.0
30,10,75,55,50,25,0,20,25,4,7,0.0,1.05,4.0,15,33,1.5,0.93
15,10,60,75,90,25,90,5,25,1,21,1.0,1.2,4.0,50,50,3.0,0.18
30,20,95,65,50,0,90,20,33,4,21,0.0,0.6,5.0,50,50,1.5,0.0
15,20,75,45,90,0,0,20,18,7,7,0.5,1.05,5.0,33,50,1.5,5.88
30,30,75,75,30,0,60,0,18,1,21,0.0,1.2,4.0,50,33,3.0,0.17
60,20,95,75,30,2,30,20,18,1,90,1.0,1.05,2.0,15,33,6.0,0.0
15,45,60,75,90,2,30,0,18,0,7,0.0,1.05,5.0,33,15,3.0,0.04
15,45,60,55,30,25,0,5,33,4,45,1.0,0.6,6.0,50,15,1.5,1.9
5,30,75,55,90,2,90,0,25,0,45,0.5,1.2,4.0,50,15,6.0,0.17
30,20,60,65,70,2,0,20,40,1,45,0.0,1.05,6.0,15,50,3.0,0.0
60,45,85,55,50,10,30,20,33,7,7,1.0,0.85,5.0,15,33,6.0,0.08
15,30,85,55,30,10,0,0,33,2,45,1.0,1.2,2.0,15,50,1.5,0.0
30,45,75,75,90,10,90,5,18,4,21,0.5,1.05,6.0,15,15,3.0,2.77
30,30,85,45,50,25,60,5,25,1,21,0.0,1.05,6.0,50,33,1.5,0.37
0,20,60,75,90,10,90,20,40,4,90,0.5,0.6,4.0,33,15,3.0,1.78
30,45,75,55,90,25,90,20,25,4,90,0.0,0.85,2.0,33,33,6.0,0.0
30,45,95,75,70,0,60,20,33,0,90,1.0,0.85,5.0,15,50,6.0,1.07
0,30,85,75,70,2,30,5,18,1,90,0.0,1.05,2.0,50,33,3.0,3.12
30,45,105,55,50,2,60,20,18,1,90,1.0,1.2,4.0,50,33,1.5,0.57
15,10,75,65,30,2,90,20,33,0,45,0.0,0.85,2.0,15,15,6.0,0.0
0,45,95,75,50,25,60,0,25,4,45,0.5,1.2,2.0,15,33,3.0,10.25
30,20,105,65,30,0,0,0,18,2,21,0.0,0.85,5.0,15,50,3.0,0.0
30,45,95,75,30,25,90,5,33,1,21,1.0,0.85,6.0,15,15,1.5,0.52
15,45,95,45,50,0,0,5,40,4,21,1.0,1.05,4.0,15,50,3.0,25.11
15,10,85,65,30,2,90,5,40,7,7,0.0,1.2,4.0,15,50,6.0,8.9
5,30,60,55,30,25,60,5,33,4,90,1.0,0.6,2.0,33,33,3.0,3.07
60,45,60,45,50,0,90,0,25,2,7,0.0,1.2,4.0,50,33,1.5,0.07
5,10,60,65,50,10,30,5,18,0,45,0.5,0.6,6.0,15,50,6.0,0.01
15,10,105,75,50,10,0,20,33,2,90,0.5,1.2,2.0,50,33,3.0,0.0
0,20,105,65,90,25,60,0,25,1,45,0.5,0.85,5.0,15,50,3.0,0.73
0,45,105,75,50,0,30,5,40,7,45,0.5,1.2,6.0,50,33,6.0,40.0
60,30,95,45,70,25,90,5,25,0,90,0.0,1.05,6.0,50,33,6.0,0.73
15,10,60,45,70,0,0,20,33,1,90,0.5,0.6,2.0,15,15,1.5,0.0
60,30,95,45,50,10,30,5,25,4,21,1.0,0.85,6.0,33,15,3.0,0.28
30,10,95,55,70,0,0,20,40,7,21,0.5,0.6,2.0,50,50,6.0,0.0
15,45,60,75,50,2,30,0,25,4,90,1.0,0.85,6.0,50,33,6.0,17.6
15,10,60,75,50,0,0,0,25,0,21,0.5,0.85,4.0,15,33,1.5,0.56
0,20,105,55,90,2,30,5,18,7,45,1.0,1.2,4.0,33,33,3.0,29.04
60,20,75,55,90,25,30,5,25,7,90,0.5,0.85,2.0,33,33,1.5,0.0
5,10,75,55,30,0,30,0,40,0,90,0.0,0.85,2.0,33,15,3.0,0.0
5,20,95,45,50,2,30,0,18,7,45,0.5,1.05,6.0,33,15,6.0,26.87
5,20,105,65,90,2,60,0,40,4,7,0.0,0.85,4.0,50,15,3.0,10.61
0,10,75,45,50,10,90,5,33,1,7,1.0,0.6,5.0,50,15,1.5,0.05
5,20,75,75,70,0,0,0,25,7,7,1.0,1.05,4.0,50,33,3.0,27.09
15,10,75,45,30,25,90,20,18,1,45,0.5,0.6,6.0,50,15,3.0,0.0
0,45,85,75,50,25,90,0,25,2,7,0.5,1.2,6.0,15,33,3.0,5.03
5,45,95,75,30,25,30,20,33,1,7,1.0,0.6,4.0,15,33,6.0,0.0
5,45,105,65,50,10,30,20,18,2,90,0.5,0.6,6.0,15,33,1.5,2.48
30,45,85,75,70,2,0,5,25,0,21,0.5,0.6,2.0,15,33,6.0,0.0
0,30,60,45,30,0,60,0,18,7,90,0.0,1.2,5.0,33,15,3.0,36.28
0,45,95,65,50,0,60,20,25,2,45,0.0,1.05,6.0,50,15,1.5,3.71
15,45,85,55,70,0,60,20,40,2,90,0.5,0.6,5.0,33,50,3.0,0.0
30,20,60,75,30,2,30,20,33,7,90,1.0,1.05,2.0,50,33,1.5,1.3
15,20,105,55,30,2,30,0,33,1,7,1.0,0.85,5.0,15,15,1.5,0.15
5,10,85,55,90,0,90,20,25,2,21,0.5,1.2,6.0,50,15,6.0,0.3
60,30,60,75,30,25,0,0,18,1,7,0.5,0.6,6.0,50,15,3.0,0.0
30,45,105,75,70,2,30,0,25,7,45,0.5,1.05,6.0,15,15,3.0,40.0
15,30,105,65,90,0,0,5,18,2,45,1.0,1.05,2.0,33,15,3.0,0.0
0,30,85,45,50,0,30,0,18,7,7,1.0,1.2,6.0,15,33,6.0,40.0
0,10,60,75,50,25,0,5,40,7,45,0.0,1.2,5.0,50,15,6.0,3.29
30,30,60,45,70,10,60,5,18,1,21,0.5,0.85,5.0,15,50,6.0,0.0
30,45,85,75,50,10,30,0,33,7,45,0.5,1.05,5.0,50,15,1.5,23.65
5,45,85,55,50,10,60,20,25,1,7,1.0,1.2,2.0,33,50,3.0,1.29
15,45,105,55,50,10,90,5,18,4,21,0.5,1.2,6.0,33,50,1.5,14.63
5,10,85,65,90,2,90,5,40,1,7,0.0,1.2,2.0,33,15,6.0,0.0
15,30,95,55,90,2,60,5,33,4,90,1.0,1.2,5.0,15,15,6.0,16.01
15,20,75,55,90,2,90,0,18,2,45,0.5,0.6,5.0,50,50,6.0,0.0
0,30,85,65,70,25,0,5,18,7,90,0.5,1.05,2.0,50,33,1.5,9.72
5,45,85,45,70,2,60,0,25,1,21,0.5,1.2,6.0,15,50,6.0,6.3
5,10,105,75,70,10,30,0,40,0,90,1.0,0.6,6.0,33,50,6.0,0.32
5,30,85,55,50,25,0,20,18,2,45,0.5,1.2,2.0,15,50,3.0,3.8
60,45,75,45,50,25,30,0,33,4,21,0.0,1.2,5.0,15,50,3.0,0.0
30,20,105,55,90,0,30,20,25,4,21,0.0,0.6,6.0,50,33,1.5,0.0
0,45,95,65,30,25,30,0,33,1,21,1.0,0.6,4.0,33,33,1.5,2.66
0,45,95,65,50,25,60,0,40,7,90,0.0,1.05,4.0,33,33,6.0,14.25
30,30,60,65,30,10,30,0,40,2,90,0.0,1.05,5.0,50,50,3.0,0.0
15,20,85,45,90,2,30,20,33,2,90,1.0,0.85,4.0,15,50,1.5,0.0
0,20,75,45,70,0,30,0,33,7,90,0.5,1.05,4.0,15,33,3.0,23.72
60,20,85,65,70,10,0,20,40,4,7,0.0,0.85,4.0,50,50,1.5,0.54
60,45,95,75,70,25,60,20,25,1,45,0.5,1.2,4.0,50,50,6.0,0.0
5,20,75,75,30,25,90,5,40,4,21,0.0,1.05,4.0,50,50,3.0,3.46
30,10,75,55,90,0,0,20,33,4,21,0.5,0.85,4.0,50,15,1.5,0.0
15,30,95,45,50,0,60,20,18,1,21,1.0,1.2,6.0,15,15,6.0,0.0
60,30,105,55,90,10,0,0,33,7,7,0.0,0.6,4.0,50,15,1.5,0.0
15,20,60,45,90,0,30,5,25,0,7,1.0,1.05,4.0,33,50,6.0,0.0
0,10,95,65,90,2,90,0,18,0,90,1.0,1.05,5.0,33,33,1.5,0.0
5,30,85,65,30,10,30,5,18,4,45,0.5,0.6,5.0,33,50,1.5,5.5
15,20,60,75,90,2,90,0,25,7,21,0.0,1.05,6.0,33,15,6.0,17.87
15,30,95,45,90,2,30,5,33,1,7,1.0,1.2,6.0,50,50,6.0,0.0
15,10,60,45,70,25,90,5,33,1,45,1.0,1.2,2.0,33,15,1.5,0.0
15,10,105,65,90,25,60,20,25,0,45,0.5,0.85,4.0,50,33,3.0,0.12
60,10,85,55,90,0,0,5,33,7,21,0.5,0.6,6.0,50,15,1.5,0.12
30,30,60,75,90,10,30,0,18,4,7,0.5,1.2,6.0,33,33,6.0,0.59
5,10,60,75,50,25,60,0,40,1,21,0.5,0.6,2.0,15,33,3.0,0.28
60,45,85,75,50,25,30,20,40,7,7,1.0,1.05,2.0,50,33,3.0,0.0
5,10,75,75,90,0,60,5,18,7,90,0.5,1.2,2.0,50,33,3.0,11.66
0,10,85,75,30,10,0,0,25,4,21,0.0,0.85,2.0,50,50,1.5,2.67
60,10,60,55,70,25,30,20,18,7,90,0.5,0.85,6.0,33,33,3.0,0.0
0,45,85,55,90,25,90,0,25,7,21,0.5,1.05,2.0,33,15,6.0,15.05
15,10,85,55,30,2,30,5,18,0,45,0.5,1.2,2.0,33,15,1.5,1.24
60,20,95,45,50,2,30,5,18,1,90,0.0,1.05,4.0,33,33,3.0,0.0
30,20,105,65,30,0,30,5,33,7,45,1.0,0.85,6.0,33,33,6.0,1.88
15,45,105,55,50,25,0,0,25,2,90,0.5,1.05,5.0,33,50,6.0,0.66
0,10,105,55,70,0,90,0,40,0,90,0.5,0.6,2.0,33,15,1.5,0.25
30,45,60,55,70,2,60,0,18,4,45,0.5,0.85,5.0,33,33,3.0,0.37
30,20,85,65,90,10,30,20,40,7,21,1.0,0.6,2.0,33,50,1.5,0.6
60,20,75,75,50,10,90,20,40,2,7,0.5,1.2,2.0,15,15,3.0,0.0
30,30,60,45,70,0,30,5,33,2,7,1.0,0.6,2.0,33,33,6.0,0.5
0,30,95,75,90,2,0,0,40,0,7,1.0,1.05,4.0,50,15,1.5,0.43
5,20,95,55,50,25,0,0,40,7,90,0.0,0.6,2.0,33,15,6.0,3.3
0,10,95,65,30,25,0,0,33,4,21,0.0,1.05,4.0,33,33,6.0,2.48
15,45,60,75,30,2,0,0,33,2,45,0.0,0.6,6.0,50,50,1.5,0.14
0,30,75,65,50,2,30,5,33,2,21,1.0,0.85,5.0,50,15,6.0,6.87
0,20,85,55,30,2,60,20,25,1,7,0.0,1.2,2.0,15,15,1.5,0.64
30,45,105,45,70,25,60,5,40,1,7,1.0,0.6,2.0,15,50,3.0,0.67
0,45,95,75,90,10,60,0,25,2,21,1.0,0.85,5.0,50,33,6.0,9.8
15,20,95,45,30,0,0,0,25,4,7,0.0,1.2,4.0,33,50,3.0,8.16
0,20,75,65,30,0,90,0,40,7,45,0.5,1.2,4.0,33,15,3.0,27.62
5,10,75,65,50,25,0,0,40,1,21,0.0,1.2,4.0,33,15,6.0,0.0
5,30,60,45,90,10,0,0,18,1,21,1.0,1.05,2.0,50,50,3.0,1.16
15,45,95,65,90,10,60,20,18,4,7,0.0,0.6,4.0,15,50,1.5,2.62
5,20,60,55,70,2,30,0,18,1,21,0.0,0.6,2.0,33,50,1.5,0.0
60,30,95,45,50,0,30,20,25,0,45,1.0,1.2,4.0,15,15,1.5,0.06
0,10,75,65,70,25,30,0,40,0,90,1.0,0.85,4.0,50,15,3.0,0.0
5,45,85,65,50,25,30,0,33,1,45,1.0,1.2,4.0,33,33,1.5,2.5
30,45,75,55,70,2,90,20,25,7,90,0.5,1.2,5.0,50,50,1.5,11.0
5,10,85,55,30,2,90,5,40,7,45,0.0,1.05,4.0,15,33,1.5,8.85
60,45,105,65,50,10,30,20,25,4,7,1.0,1.05,4.0,50,33,1.5,0.4
60,30,95,55,30,2,60,0,18,1,7,0.0,1.05,2.0,33,33,6.0,0.6
0,30,85,75,70,25,0,0,25,0,90,0.0,0.85,5.0,50,15,6.0,0.0
60,30,75,55,70,10,0,0,18,4,7,0.5,0.6,4.0,33,50,3.0,0.22
30,20,75,65,70,25,30,5,33,2,90,0.0,1.05,6.0,50,33,1.5,0.76
5,30,85,45,90,2,90,5,33,4,21,0.5,0.6,5.0,50,50,3.0,10.37
30,10,95,55,70,2,90,0,40,7,45,0.5,1.2,2.0,33,50,6.0,0.0
30,30,60,45,50,25,0,0,40,0,7,1.0,1.2,2.0,15,15,3.0,0.56
5,20,75,65,90,0,0,20,18,2,45,1.0,1.05,6.0,50,33,3.0,1.41
0,10,75,65,50,2,90,0,40,7,7,0.0,0.85,2.0,33,50,1.5,7.78
5,10,105,75,90,25,30,0,40,4,45,0.5,1.2,6.0,50,33,6.0,1.86
15,45,75,75,90,10,60,20,40,0,7,1.0,1.2,4.0,33,50,6.0,0.49
30,10,95,55,50,25,90,5,40,1,90,0.5,0.85,4.0,33,50,6.0,0.0
0,20,95,45,70,2,90,5,18,4,90,0.0,0.6,4.0,50,50,1.5,6.67
30,30,105,65,90,2,60,0,25,1,45,0.5,0.6,4.0,15,50,1.5,0.0
15,10,85,55,30,10,30,5,33,2,7,0.5,0.85,5.0,15,50,1.5,0.0
30,20,60,65,30,0,30,5,18,2,45,1.0,0.85,4.0,33,50,3.0,0.14
5,20,85,55,90,0,90,0,40,4,7,0.5,1.2,6.0,33,15,1.5,16.8
30,10,75,55,70,2,30,0,33,0,90,1.0,1.2,4.0,50,50,1.5,0.42
0,45,60,45,70,2,60,5,40,0,7,0.0,0.85,6.0,15,33,1.5,0.35
60,30,60,55,90,0,60,0,18,2,21,0.0,0.6,6.0,15,33,6.0,0.0
30,20,85,75,30,10,90,0,40,7,90,0.5,1.2,5.0,50,15,3.0,6.1
30,10,95,55,70,2,90,20,40,2,21,1.0,0.6,6.0,15,15,6.0,0.0
5,45,75,65,70,2,0,0,25,0,7,1.0,0.85,6.0,50,15,3.0,0.0
15,45,105,55,30,10,90,20,18,0,21,0.0,0.85,4.0,33,50,6.0,0.0
0,45,60,65,30,2,90,5,40,0,90,0.5,1.05,2.0,50,15,1.5,0.0
30,45,60,65,30,25,30,5,18,0,45,0.5,0.85,6.0,15,33,3.0,0.0
15,10,105,65,30,25,60,5,33,2,7,0.0,0.85,5.0,50,50,1.5,0.0
15,30,75,75,50,25,30,0,18,4,7,0.5,1.2,2.0,33,15,6.0,3.05
0,10,60,75,50,0,0,5,33,0,90,0.5,0.6,5.0,15,50,3.0,0.0
0,45,105,45,90,2,30,20,25,0,7,1.0,0.85,2.0,15,50,1.5,0.0
0,30,105,55,30,25,60,0,33,4,21,1.0,0.85,6.0,33,33,6.0,7.91
0,10,105,75,30,2,30,20,25,1,21,1.0,0.85,4.0,15,33,1.5,0.64
30,30,85,75,50,25,0,5,25,2,7,1.0,0.6,6.0,15,15,3.0,0.0
30,45,95,75,90,25,0,0,18,7,45,1.0,0.85,6.0,15,15,1.5,8.36
30,45,75,55,70,25,90,5,40,2,21,0.5,1.2,2.0,33,50,1.5,0.0
30,30,60,45,50,0,60,20,18,2,21,1.0,0.6,2.0,33,15,1.5,0.0
15,10,60,65,50,10,30,5,33,7,45,0.0,1.05,5.0,33,15,3.0,4.75
30,30,75,75,90,0,0,20,25,1,45,0.5,0.6,6.0,50,33,6.0,0.0
5,30,75,65,90,2,90,0,33,1,45,1.0,0.6,5.0,50,50,6.0,0.0
5,30,105,45,70,2,30,5,33,2,90,1.0,1.05,4.0,33,50,1.5,9.55
15,30,60,55,50,25,60,0,25,7,21,0.0,0.6,6.0,15,50,3.0,3.81
0,10,60,75,50,10,0,0,25,1,45,0.5,0.6,5.0,33,15,3.0,0.44
60,20,75,65,50,0,30,5,33,7,45,0.5,1.2,4.0,50,15,6.0,0.0
30,10,105,65,70,0,30,20,40,1,45,1.0,0.6,5.0,50,15,3.0,0.02
5,30,105,65,90,0,90,0,18,4,7,0.0,1.2,6.0,50,50,6.0,26.47
5,45,75,45,30,10,30,5,40,1,90,0.5,0.6,2.0,50,33,3.0,0.2
60,45,105,45,70,2,0,20,33,2,7,1.0,0.6,2.0,15,33,3.0,0.5
5,30,95,55,30,2,0,0,25,0,21,0.5,0.85,5.0,33,15,3.0,0.0
5,20,85,45,30,25,60,20,40,7,45,1.0,0.6,6.0,15,50,6.0,4.37
60,45,85,65,30,0,30,20,18,2,90,0.5,1.05,2.0,50,50,1.5,0.58
5,20,60,75,30,10,30,20,33,0,7,1.0,0.6,6.0,33,50,6.0,0.0
0,30,95,45,30,25,30,0,33,0,7,0.5,1.2,5.0,50,15,3.0,0.0
15,10,105,55,50,2,90,0,33,2,90,0.0,1.2,2.0,33,33,1.5,0.0
30,30,75,75,50,2,0,20,18,1,45,1.0,0.85,4.0,15,50,6.0,0.0
60,45,60,45,90,2,60,20,33,2,45,0.0,1.2,6.0,15,15,3.0,0.39
60,30,105,75,70,2,0,5,18,1,90,1.0,1.05,4.0,50,15,6.0,0.04
0,10,95,65,70,10,60,20,18,4,21,0.0,1.05,4.0,50,33,6.0,1.2
30,10,95,55,70,0,30,0,25,0,21,0.0,1.2,4.0,15,15,3.0,1.02
5,30,85,55,30,2,60,20,40,7,45,0.5,1.05,4.0,15,15,3.0,8.98
5,20,60,45,90,2,0,5,18,1,45,0.5,0.6,4.0,15,50,6.0,0.96
60,45,75,65,50,25,60,20,40,4,7,0.5,0.6,4.0,33,33,3.0,0.21
15,20,95,65,50,0,90,20,18,7,45,0.5,1.05,5.0,15,50,6.0,7.32
0,30,85,65,30,25,60,5,40,7,21,1.0,0.85,5.0,15,50,6.0,8.62
30,45,60,45,90,0,0,5,33,7,7,0.0,1.2,2.0,50,15,1.5,30.39
0,20,60,65,70,25,90,5,33,1,7,0.5,0.85,5.0,50,15,6.0,0.68
15,10,95,75,70,10,90,20,18,2,45,1.0,0.85,6.0,33,33,6.0,0.41
0,30,75,65,30,25,60,0,25,0,21,0.0,0.85,6.0,50,15,3.0,0.24
15,20,75,55,50,2,0,5,25,0,45,0.0,1.2,4.0,50,50,3.0,0.02
5,30,75,45,90,0,60,5,40,0,7,0.0,1.05,2.0,50,33,6.0,0.32
5,10,75,55,90,0,60,20,40,1,7,1.0,1.2,4.0,15,15,3.0,0.11
30,45,95,55,50,25,60,20,25,4,21,0.0,0.6,6.0,15,50,1.5,0.52
5,45,105,65,50,25,30,20,33,0,45,0.5,1.2,5.0,33,15,3.0,1.28
30,20,75,55,30,0,30,20,18,7,7,1.0,0.6,6.0,33,50,1.5,0.84
60,20,95,75,30,25,60,5,40,7,45,1.0,1.2,6.0,33,15,1.5,0.46
0,45,95,65,70,10,0,5,40,2,90,0.5,0.85,6.0,33,50,6.0,6.51
0,20,75,45,30,0,30,20,33,2,45,1.0,1.05,5.0,33,15,3.0,3.03
5,45,85,45,90,0,60,20,18,1,7,0.0,1.05,6.0,50,33,1.5,0.86
15,30,95,65,70,10,30,0,25,7,7,0.0,0.85,6.0,33,15,1.5,17.64
60,30,95,55,50,25,30,0,40,0,7,1.0,1.05,2.0,15,15,6.0,0.0
0,20,75,55,90,25,0,5,33,1,45,1.0,0.6,2.0,50,33,6.0,0.0
15,20,75,55,30,10,30,0,25,1,90,0.5,1.2,2.0,15,33,1.5,0.0
60,10,85,65,70,2,90,0,40,2,7,1.0,1.2,4.0,15,33,6.0,0.0
60,30,75,75,90,10,30,20,33,4,45,0.0,0.85,6.0,15,33,6.0,0.77
60,45,105,55,90,10,30,20,18,0,21,1.0,0.6,6.0,15,15,1.5,0.0
60,10,60,45,30,25,0,5,18,2,90,1.0,1.2,4.0,33,33,6.0,0.26
30,10,75,45,90,2,90,0,18,4,21,0.0,1.2,4.0,50,33,6.0,0.08
0,10,95,75,30,25,90,5,40,2,7,1.0,1.2,6.0,15,33,3.0,0.37
60,30,85,65,50,10,60,0,33,7,90,0.5,1.05,4.0,50,33,6.0,0.0
15,30,60,55,90,10,30,5,40,4,90,0.0,0.6,5.0,33,15,3.0,1.43
30,20,75,45,30,2,90,20,18,7,90,1.0,1.05,2.0,33,15,3.0,1.44
15,30,95,75,90,0,0,5,33,4,21,0.5,0.85,5.0,15,33,1.5,8.55
60,45,60,45,70,2,60,0,25,4,21,0.5,0.85,5.0,50,33,1.5,0.67
60,20,60,45,70,0,60,20,40,2,21,0.5,0.6,5.0,50,33,3.0,0.23
30,20,95,65,90,2,30,20,25,0,7,0.5,0.6,2.0,50,50,6.0,0.2
5,45,105,65,50,25,60,20,18,1,21,0.0,1.05,4.0,15,33,6.0,0.7
60,45,75,55,70,25,0,5,33,7,7,0.5,0.6,5.0,33,33,3.0,0.0
0,20,105,75,30,10,90,20,33,0,7,0.5,0.85,5.0,15,33,6.0,0.0
60,20,75,55,70,25,0,5,40,7,45,0.0,1.05,5.0,15,50,6.0,0.48
15,45,95,55,90,25,30,20,18,7,21,0.5,1.2,2.0,33,15,1.5,19.0
30,30,60,75,30,25,30,5,18,7,45,0.5,1.05,4.0,33,33,1.5,4.21
0,45,85,55,30,0,0,20,18,7,21,1.0,1.05,5.0,50,50,6.0,16.8
0,20,60,65,70,25,30,0,25,7,7,1.0,1.2,5.0,15,33,3.0,7.99
60,10,60,75,90,0,90,20,18,2,21,0.0,1.2,2.0,50,15,6.0,0.0
60,45,85,45,70,2,90,5,40,1,90,1.0,0.6,5.0,33,50,3.0,0.0
5,10,105,45,50,25,90,0,25,2,45,0.0,1.05,6.0,33,15,6.0,1.02
0,45,75,65,70,25,0,0,40,7,90,1.0,1.05,2.0,50,33,3.0,15.29
60,30,95,65,70,2,60,5,25,1,45,1.0,1.2,5.0,33,33,6.0,0.24
0,45,95,65,90,10,30,0,40,2,45,1.0,1.2,4.0,50,50,6.0,14.54
30,30,75,55,50,10,0,0,25,2,21,1.0,1.2,2.0,15,33,3.0,0.39
30,30,95,65,50,0,90,20,18,1,45,0.5,0.85,4.0,15,33,3.0,0.93
30,10,95,55,70,0,0,5,25,1,45,0.0,0.85,5.0,33,33,6.0,0.34
5,20,85,75,30,25,30,20,18,7,7,1.0,1.05,5.0,33,15,1.5,7.82
30,10,105,55,90,0,0,20,40,7,45,1.0,0.85,5.0,15,33,1.5,0.41
5,20,60,75,70,0,0,0,33,7,90,0.5,1.2,6.0,50,50,1.5,27.24
0,20,75,45,50,2,60,0,18,4,21,1.0,0.85,2.0,33,50,6.0,12.4
15,20,60,55,70,25,90,5,18,0,45,0.0,1.05,4.0,33,50,1.5,0.0
15,10,60,65,90,2,90,0,40,1,45,0.0,1.05,2.0,15,15,1.5,0.0
60,30,75,55,90,0,30,0,25,0,90,0.5,0.6,6.0,15,50,6.0,0.26
30,10,95,65,70,0,60,5,25,1,21,0.5,0.85,2.0,33,33,1.5,0.47
5,30,95,65,90,25,30,5,18,7,45,0.5,0.6,4.0,33,15,1.5,6.79
15,45,105,75,30,25,60,0,40,7,90,0.5,0.85,4.0,33,50,1.5,13.18
60,30,95,55,30,2,0,0,33,1,7,0.0,1.05,2.0,15,33,3.0,0.0
60,10,75,55,50,0,30,20,40,1,45,1.0,0.85,4.0,33,50,6.0,0.0
15,20,95,45,30,10,0,5,40,1,45,1.0,0.6,2.0,15,50,1.5,0.0
0,45,85,45,70,0,30,20,40,4,21,0.0,0.6,2.0,33,50,1.5,4.08
60,10,60,65,50,0,0,0,18,4,21,0.5,1.05,2.0,50,33,1.5,0.95
0,45,95,65,30,10,0,20,33,4,45,0.5,0.6,2.0,50,15,3.0,5.4
5,20,60,65,50,2,30,0,25,2,90,0.0,1.05,6.0,15,33,1.5,5.05
15,45,60,55,30,25,60,0,40,4,21,0.0,1.2,4.0,50,33,1.5,6.01
0,10,75,65,70,0,90,20,33,4,90,0.5,1.05,2.0,33,15,3.0,2.13
30,30,75,55,30,2,30,20,40,2,45,0.5,1.05,5.0,15,33,6.0,0.04
15,10,75,55,70,0,30,0,25,1,21,0.5,0.85,6.0,33,33,3.0,0.12
30,45,75,45,30,25,90,20,33,7,7,1.0,1.05,5.0,15,33,3.0,10.38
30,30,60,65,90,0,90,20,25,1,7,0.0,0.85,4.0,33,50,6.0,0.0
5,30,85,65,70,0,90,5,25,7,21,1.0,0.6,4.0,50,33,6.0,20.43
0,10,60,45,70,25,90,5,18,1,90,0.5,1.2,5.0,33,15,6.0,0.13
5,10,95,75,50,25,90,20,40,7,21,0.5,1.05,6.0,15,33,3.0,4.26
5,10,85,55,90,0,60,20,40,7,45,1.0,0.6,5.0,33,33,6.0,2.79
0,10,60,45,70,10,60,5,33,0,21,0.5,1.05,6.0,15,33,6.0,0.0
60,10,60,55,30,2,30,20,40,0,90,1.0,1.2,2.0,33,50,6.0,0.0
5,20,75,65,30,0,60,20,33,4,21,0.0,0.85,4.0,15,15,6.0,3.12
0,45,85,65,50,25,30,0,18,7,7,0.0,1.05,4.0,15,33,6.0,13.77
5,10,95,45,70,10,90,20,40,1,90,1.0,1.05,6.0,15,15,1.5,0.0
60,30,105,65,90,25,0,5,40,4,21,0.0,0.6,4.0,15,15,6.0,0.0
30,10,60,55,50,25,60,0,25,0,90,1.0,1.05,6.0,33,15,3.0,0.53
15,45,95,65,30,10,0,0,18,7,90,0.5,1.05,4.0,15,50,3.0,38.61
0,30,60,75,90,2,90,0,18,7,45,0.5,0.6,4.0,15,15,1.5,19.39
15,30,105,65,50,25,30,0,33,4,7,0.0,1.2,5.0,15,15,6.0,4.36
5,20,85,75,50,25,90,0,40,0,7,0.5,0.6,2.0,50,15,6.0,0.1
5,20,75,55,50,2,60,20,33,1,21,1.0,1.2,5.0,33,15,3.0,1.05
15,45,60,55,90,25,60,0,25,0,90,0.0,0.85,5.0,33,50,3.0,0.27
5,45,75,65,70,2,90,20,18,7,90,1.0,0.6,6.0,50,15,6.0,8.63
0,10,85,45,70,0,90,0,18,7,7,0.5,1.05,4.0,50,33,6.0,13.11
0,30,75,55,30,2,30,20,33,1,45,0.0,1.05,5.0,15,50,1.5,0.53
15,20,105,45,30,25,60,20,40,0,45,0.5,1.2,4.0,50,15,3.0,0.0
30,30,105,55,90,2,90,20,18,0,21,1.0,1.2,6.0,50,50,6.0,0.4
5,10,60,65,70,25,90,5,25,2,45,0.5,0.85,4.0,50,15,6.0,0.64
15,10,75,75,90,0,90,20,25,4,21,1.0,1.2,4.0,15,15,3.0,0.0
60,10,105,75,90,0,30,0,40,1,7,0.5,1.05,2.0,15,50,1.5,0.0
0,20,85,45,90,25,0,20,40,0,21,0.5,1.2,6.0,50,15,6.0,0.17
30,30,60,65,90,0,60,0,18,7,90,0.5,1.05,6.0,50,50,3.0,18.12
15,20,60,45,50,2,90,20,33,0,45,0.0,1.05,5.0,15,15,6.0,0.72
30,10,85,45,50,2,0,5,25,2,21,0.0,0.85,5.0,15,50,6.0,0.22
0,45,85,55,50,10,0,5,25,1,21,0.5,0.85,6.0,33,33,1.5,2.41
5,10,75,55,50,2,90,5,18,1,21,0.0,0.6,6.0,33,50,1.5,0.0
60,30,85,45,50,25,90,20,25,0,7,0.5,0.85,2.0,50,33,3.0,0.76
60,10,85,75,50,10,0,5,40,1,7,1.0,1.05,4.0,33,33,3.0,0.03
15,10,105,65,50,2,30,20,33,1,21,1.0,1.05,2.0,33,50,6.0,0.46
15,30,75,55,30,2,60,5,40,0,21,0.5,0.6,6.0,33,33,3.0,0.0
30,45,105,75,50,25,60,20,33,0,21,0.5,0.6,2.0,15,50,6.0,0.0
5,45,60,75,50,25,0,20,33,2,45,0.5,1.2,5.0,15,33,3.0,3.47
5,20,105,75,30,10,60,0,33,0,21,1.0,0.85,4.0,33,50,1.5,0.0
15,10,60,45,30,0,0,5,18,2,45,1.0,0.85,2.0,33,33,3.0,0.0
0,10,60,75,50,10,60,0,40,1,90,0.0,1.05,5.0,33,33,3.0,0.88
15,20,85,75,90,2,60,20,33,2,90,0.0,0.85,2.0,33,15,1.5,0.0
0,20,95,65,90,25,90,5,40,0,21,0.0,0.85,6.0,33,15,3.0,0.0
30,30,85,65,90,10,30,0,25,4,90,0.5,0.6,2.0,33,15,3.0,0.09
60,20,105,75,50,0,90,20,25,4,45,1.0,0.85,6.0,50,15,3.0,0.3
15,10,75,45,70,25,30,0,40,0,21,1.0,1.05,6.0,50,33,6.0,0.0
0,45,105,65,70,2,30,5,18,0,21,0.0,1.2,5.0,33,50,1.5,0.0
60,30,60,75,90,25,30,20,18,4,45,0.5,1.05,2.0,50,33,3.0,0.0
15,10,60,75,30,10,60,5,18,2,90,1.0,1.2,2.0,15,15,3.0,0.0
5,45,75,65,90,25,60,5,33,1,90,0.5,0.85,2.0,50,33,3.0,0.13
30,30,60,75,90,25,60,20,33,7,90,0.0,1.05,2.0,50,50,3.0,3.98
0,10,105,45,70,10,30,5,25,2,7,0.0,0.6,6.0,50,33,1.5,1.09
30,10,75,65,70,2,0,0,40,1,45,0.0,1.05,4.0,33,33,6.0,0.0
5,10,75,45,50,2,0,20,33,1,7,0.0,0.6,6.0,50,33,1.5,0.0
5,45,60,45,50,25,90,5,33,7,90,0.0,1.05,4.0,15,33,1.5,11.93
15,45,105,55,30,2,30,5,25,4,45,0.5,0.85,4.0,15,33,1.5,16.14
60,10,75,45,50,10,0,5,40,0,90,0.0,1.05,5.0,33,33,1.5,0.0
5,10,85,65,30,10,0,5,18,0,21,1.0,0.85,5.0,15,33,3.0,0.01
30,45,85,65,70,10,90,5,25,0,90,1.0,0.85,5.0,50,33,3.0,0.41
5,45,60,55,30,25,90,0,40,2,21,0.0,1.2,5.0,50,15,3.0,4.01
15,30,60,65,70,10,0,0,25,7,7,1.0,0.6,2.0,15,15,1.5,13.89
30,20,105,45,30,0,0,5,25,7,45,1.0,0.85,5.0,15,15,6.0,2.08
30,45,60,75,50,25,0,0,33,2,7,1.0,1.05,4.0,50,15,1.5,0.17
15,30,95,65,50,25,60,0,25,2,90,0.5,0.85,2.0,33,50,1.5,0.35
60,20,75,55,50,0,30,20,18,0,21,1.0,1.2,4.0,15,33,3.0,0.27
5,20,85,75,30,0,60,0,40,0,45,0.5,1.05,6.0,15,50,3.0,0.0
15,30,75,45,70,10,60,20,40,7,7,0.5,0.85,5.0,33,15,3.0,6.94
30,10,95,45,30,25,90,0,18,7,90,1.0,1.2,5.0,33,15,3.0,0.0
5,20,85,75,70,0,60,0,40,4,7,0.5,0.85,2.0,50,15,3.0,12.38
15,20,85,45,50,25,0,20,25,2,90,1.0,0.85,4.0,50,15,1.5,0.0
0,45,95,65,70,0,30,20,25,0,90,0.5,1.2,2.0,15,50,1.5,0.0
15,45,105,75,50,25,60,5,18,4,7,0.5,0.6,2.0,50,33,1.5,2.96
0,10,95,75,30,0,60,0,40,4,90,0.0,0.85,5.0,50,33,1.5,6.14
0,20,95,55,90,10,90,5,40,1,21,1.0,1.05,2.0,50,33,3.0,1.58
60,20,105,55,70,2,0,0,40,7,45,1.0,1.2,2.0,33,15,6.0,0.08
60,20,85,75,70,0,0,5,18,2,45,1.0,0.6,4.0,33,15,6.0,0.17
30,45,75,45,30,0,0,5,40,4,7,0.0,1.2,2.0,50,15,3.0,6.68
0,30,85,45,70,25,0,0,25,7,21,0.5,0.6,2.0,15,15,1.5,5.52
60,20,60,75,70,2,30,0,40,2,7,0.0,1.05,6.0,50,15,1.5,0.42
30,45,105,65,50,25,30,20,18,4,21,1.0,1.2,4.0,33,50,1.5,2.9
5,45,60,55,30,0,60,20,25,2,7,1.0,1.05,4.0,33,50,1.5,4.1
0,10,75,45,50,2,0,5,33,2,90,0.0,1.05,5.0,15,15,1.5,2.53
15,30,75,55,70,10,30,20,25,1,7,0.5,0.6,2.0,33,50,1.5,0.24
60,30,60,45,90,25,30,0,25,4,21,0.5,0.6,2.0,33,15,6.0,0.0
5,30,75,65,90,25,60,0,33,2,7,1.0,1.05,6.0,15,33,3.0,2.91
15,30,95,55,90,0,0,20,40,0,45,0.0,0.85,2.0,15,33,1.5,0.0
0,20,105,55,90,2,30,5,18,7,7,0.5,1.2,6.0,33,33,3.0,26.47
5,20,95,65,30,25,0,20,33,4,45,0.5,0.85,4.0,15,15,1.5,3.2
0,10,75,55,50,0,0,0,18,1,45,1.0,0.85,5.0,15,50,3.0,1.17
60,20,75,45,50,0,60,0,18,0,7,1.0,1.05,2.0,33,33,3.0,0.0
5,30,95,45,70,0,0,20,18,2,45,0.0,1.2,2.0,33,50,6.0,2.32
5,10,95,65,70,25,0,5,33,7,45,0.0,0.85,5.0,50,50,3.0,2.17
60,45,95,55,30,25,0,0,40,4,45,0.0,1.2,5.0,50,50,3.0,0.0
0,10,85,55,70,0,90,0,33,2,7,1.0,1.2,6.0,50,50,3.0,4.97
15,45,95,65,30,25,30,0,33,1,21,0.5,0.6,5.0,15,15,1.5,0.4
30,30,105,45,90,2,90,20,33,1,7,0.5,1.2,6.0,15,33,6.0,0.0
5,20,60,75,70,25,60,5,25,7,21,0.5,1.2,2.0,15,50,3.0,6.6
30,10,105,75,90,0,30,20,18,0,21,1.0,0.6,6.0,50,33,1.5,0.28
60,20,95,65,30,0,30,0,18,7,45,0.5,0.85,5.0,50,33,1.5,0.55
5,10,105,75,70,2,0,5,40,2,90,0.0,0.85,5.0,33,15,3.0,1.93
0,45,105,45,90,2,90,0,25,7,45,0.5,1.2,6.0,50,33,3.0,40.0
60,30,60,65,50,2,90,0,25,4,21,0.5,0.6,6.0,33,33,3.0,0.0
60,45,95,55,50,10,0,20,40,7,90,1.0,0.6,5.0,15,50,6.0,0.0
30,20,85,75,90,2,60,0,33,2,7,1.0,1.05,6.0,15,33,3.0,0.31
30,20,105,55,70,25,90,5,33,2,7,0.5,1.2,5.0,50,50,6.0,0.57
5,10,85,55,30,10,30,0,18,7,21,0.0,1.05,4.0,15,33,6.0,5.79
15,30,105,55,50,0,90,5,18,7,7,0.5,1.05,4.0,33,15,6.0,36.4
30,45,85,75,90,25,0,5,33,1,45,1.0,0.6,6.0,50,33,6.0,0.0
5,20,85,75,70,10,0,0,33,2,7,1.0,1.05,2.0,15,50,3.0,5.17
0,20,60,75,70,2,90,0,33,7,90,0.0,1.05,6.0,33,50,6.0,19.98
5,30,60,65,90,2,60,0,25,4,7,0.5,1.2,2.0,15,50,1.5,21.61
0,10,85,45,30,2,90,20,18,4,7,0.5,0.85,2.0,33,50,3.0,1.86
30,45,60,65,90,10,30,0,33,0,7,1.0,0.6,2.0,15,15,6.0,0.0
5,45,60,75,50,0,0,0,18,4,90,0.0,0.6,2.0,33,15,1.5,15.73
30,20,85,65,90,10,60,0,33,0,90,1.0,1.05,4.0,50,33,6.0,0.41
5,20,60,55,30,2,60,0,18,4,90,0.5,0.85,5.0,50,15,1.5,9.52
60,20,95,45,30,10,90,5,33,2,7,1.0,1.2,6.0,15,15,3.0,0.86
15,30,105,65,90,0,90,20,25,4,7,0.5,1.05,6.0,50,15,6.0,4.39
0,30,60,65,70,0,0,20,33,2,90,0.0,0.6,5.0,50,15,1.5,0.87
30,20,75,75,70,0,0,20,25,7,90,1.0,0.6,4.0,15,50,6.0,0.11
30,10,60,75,30,0,90,0,33,7,45,0.0,1.05,4.0,33,15,3.0,0.44
5,45,60,65,50,0,90,5,33,2,45,0.0,0.6,5.0,50,50,1.5,5.03
0,30,85,75,50,0,30,20,40,4,21,1.0,1.05,2.0,50,50,1.5,5.94
5,30,75,65,30,0,30,5,25,7,90,0.5,0.85,5.0,33,33,6.0,23.04
30,30,85,65,70,2,30,0,25,2,7,1.0,0.6,6.0,15,50,6.0,0.0
60,30,95,65,50,2,90,5,25,7,21,0.5,1.05,6.0,33,50,1.5,0.0
0,10,85,45,50,0,60,5,25,7,21,0.0,1.2,4.0,33,33,6.0,10.7
30,20,75,75,50,25,30,20,33,7,45,1.0,0.6,2.0,50,33,3.0,0.0
30,20,105,75,30,10,0,20,40,2,45,0.0,0.6,5.0,15,33,3.0,0.05
0,45,60,45,30,0,30,0,18,1,45,1.0,0.85,6.0,33,15,3.0,6.7
5,20,85,65,90,2,90,0,18,1,45,1.0,1.05,5.0,50,50,1.5,0.0
60,10,85,75,30,25,30,5,18,0,7,0.0,1.2,4.0,15,33,6.0,0.42
30,10,95,75,90,10,60,20,40,7,45,1.0,0.85,2.0,33,15,1.5,0.46
5,20,60,75,50,10,0,5,25,4,45,0.0,1.05,5.0,33,50,1.5,5.34
60,45,85,55,70,2,0,5,18,1,45,0.0,0.6,5.0,15,50,6.0,0.0
5,30,85,45,50,25,30,5,18,7,21,1.0,1.2,4.0,33,50,6.0,12.75
30,10,95,65,30,10,60,0,25,1,90,0.0,0.6,4.0,15,15,3.0,0.0
0,20,105,55,50,2,30,20,40,2,45,0.5,0.6,4.0,15,33,3.0,0.85
30,45,95,45,90,25,60,5,25,0,90,0.0,1.2,6.0,15,15,6.0,0.0
15,20,75,55,30,2,60,0,18,7,90,1.0,0.6,5.0,33,15,1.5,14.18
5,45,75,65,90,10,60,5,40,4,45,0.5,1.05,5.0,15,33,3.0,12.4
15,10,105,65,50,10,30,5,33,7,21,1.0,1.05,2.0,50,33,6.0,6.42
15,30,105,65,90,10,0,20,33,4,45,0.0,1.05,4.0,33,33,6.0,3.39
5,20,105,45,50,2,90,0,25,7,90,1.0,1.05,2.0,33,33,6.0,31.82
60,45,75,55,70,2,0,0,40,4,7,0.0,0.6,6.0,33,15,1.5,0.43
5,45,95,65,50,10,0,20,33,4,7,1.0,1.2,4.0,15,33,6.0,11.53
5,30,85,45,70,0,0,20,25,2,90,0.5,1.2,4.0,15,50,6.0,3.3
0,30,105,45,30,2,90,0,40,2,90,0.0,0.6,2.0,15,15,3.0,5.13
30,20,60,45,30,10,60,5,40,7,21,1.0,0.85,2.0,15,33,1.5,0.96
0,30,95,75,90,25,60,20,33,4,7,0.5,0.6,2.0,15,33,3.0,3.87
30,10,95,55,30,10,30,20,18,0,21,1.0,1.2,5.0,15,50,1.5,0.57
0,10,95,45,90,2,60,20,33,7,90,0.0,1.2,6.0,33,15,1.5,2.36
0,10,95,55,70,10,30,5,33,2,90,1.0,1.2,4.0,50,50,6.0,2.73
0,20,95,55,70,10,90,0,40,7,21,0.5,1.05,2.0,15,33,6.0,18.14
0,20,95,45,50,25,60,20,40,2,90,0.5,0.6,2.0,33,15,3.0,0.81
5,20,95,65,70,2,60,5,40,4,7,0.0,1.05,4.0,33,50,1.5,9.75
60,20,85,55,90,10,90,20,18,4,90,0.5,0.6,5.0,33,33,3.0,0.04
0,20,75,55,30,2,60,20,18,2,21,0.5,1.05,4.0,50,33,6.0,1.29
60,45,85,65,70,2,90,0,40,1,7,0.5,0.6,6.0,50,50,1.5,0.0
60,30,75,65,30,10,0,5,18,0,90,0.0,1.2,6.0,15,50,6.0,0.0
5,30,60,55,50,2,0,0,25,4,21,0.0,1.05,4.0,50,50,1.5,16.58
15,45,60,55,90,25,30,0,25,2,90,0.0,1.05,6.0,33,15,6.0,1.03
5,45,75,75,90,0,30,5,18,7,45,0.0,1.2,4.0,15,50,6.0,40.0
5,20,95,45,70,25,0,5,25,0,7,1.0,0.85,2.0,50,33,3.0,0.0
60,45,105,75,70,2,90,5,25,1,7,1.0,0.85,2.0,50,50,1.5,0.19
0,30,95,55,50,0,30,20,40,0,90,1.0,0.85,4.0,50,33,6.0,0.0
0,10,60,55,30,10,0,5,18,0,21,0.0,1.2,4.0,50,50,6.0,0.35
15,45,60,45,70,25,90,0,40,2,21,1.0,1.2,4.0,50,15,1.5,1.2
30,10,75,55,90,2,90,5,40,1,7,1.0,0.6,4.0,33,33,1.5,0.0
5,20,105,45,90,10,90,5,25,2,7,1.0,0.85,4.0,50,15,6.0,2.5
5,10,60,55,70,0,90,5,25,2,7,1.0,0.85,4.0,33,33,3.0,2.21
5,10,95,45,30,0,60,20,40,1,45,1.0,0.85,6.0,15,15,1.5,0.0
60,10,105,45,30,10,0,5,33,7,90,0.0,0.85,2.0,33,50,3.0,0.0
30,20,95,65,50,10,0,5,25,1,45,1.0,0.85,2.0,15,50,6.0,1.5
30,30,60,65,30,25,60,5,40,1,21,1.0,1.05,4.0,50,33,3.0,0.4
30,30,95,65,90,10,0,0,25,2,7,0.5,1.2,2.0,50,15,3.0,0.0
30,30,60,75,30,2,0,5,33,7,45,0.5,0.85,6.0,15,15,1.5,7.36
60,10,105,65,70,25,90,0,33,1,21,1.0,1.2,2.0,15,15,3.0,0.03
0,20,95,75,30,25,0,20,40,7,7,1.0,0.6,6.0,50,15,3.0,4.82
30,20,85,45,30,10,60,5,40,1,45,0.0,1.2,5.0,15,15,6.0,0.0
60,30,75,75,30,25,0,0,40,2,90,0.5,1.2,6.0,50,15,3.0,0.0
5,45,85,55,90,0,90,5,18,7,90,1.0,0.6,2.0,15,33,1.5,31.46
5,10,95,45,50,10,30,0,33,2,7,0.0,0.6,4.0,15,15,1.5,0.23
5,20,60,75,30,2,30,20,25,4,7,1.0,1.2,4.0,33,15,1.5,4.65
5,10,60,55,50,2,60,0,18,1,45,0.0,0.6,6.0,15,15,3.0,0.27
0,45,85,75,30,0,90,5,25,2,90,1.0,1.2,2.0,50,15,6.0,18.46
30,45,105,45,70,10,0,20,25,0,21,0.5,0.85,6.0,50,15,6.0,0.08
60,45,75,65,50,2,90,5,33,1,90,0.5,0.6,2.0,50,15,3.0,0.0
0,30,95,65,50,2,0,5,33,7,21,0.0,0.85,5.0,50,15,6.0,21.81
5,45,105,45,90,10,60,5,40,1,45,1.0,1.05,5.0,15,15,1.5,2.59
0,45,75,65,50,2,0,20,18,7,90,0.0,0.85,5.0,50,33,3.0,10.05
5,10,85,65,50,10,30,20,18,2,21,0.5,1.2,4.0,50,50,6.0,0.71
30,45,60,55,30,25,90,0,33,2,7,0.0,0.85,4.0,15,50,1.5,0.0
30,45,105,75,70,0,30,5,18,2,90,0.0,0.85,6.0,15,50,1.5,0.2
60,20,60,45,30,0,30,20,18,0,7,0.0,0.6,2.0,50,15,6.0,0.0
5,10,60,55,90,0,60,0,33,0,90,1.0,0.85,6.0,33,33,1.5,0.31
30,20,85,55,70,10,60,0,40,0,90,1.0,0.6,5.0,50,33,1.5,0.0
5,10,85,55,50,2,90,0,33,7,90,0.5,1.05,5.0,50,33,1.5,12.62
15,45,95,45,70,25,30,20,33,7,45,0.0,0.85,2.0,50,15,1.5,12.05
0,30,75,45,30,0,90,20,18,7,90,1.0,0.6,6.0,33,50,1.5,5.84
5,30,60,55,70,0,0,5,33,1,21,0.0,1.05,6.0,33,15,3.0,1.57
0,10,75,65,50,0,60,0,33,4,21,1.0,0.6,5.0,15,33,6.0,5.13
60,10,85,65,90,2,90,5,33,0,7,0.5,0.85,4.0,33,15,6.0,0.0
5,45,75,65,50,10,0,20,18,4,21,1.0,1.05,4.0,15,50,3.0,9.06
0,30,85,65,90,2,30,0,25,4,7,0.0,1.2,4.0,33,50,3.0,20.54
0,10,105,65,70,25,90,0,40,4,90,1.0,0.85,6.0,33,33,1.5,2.16
60,30,75,65,30,10,90,20,25,2,21,0.5,1.05,2.0,15,50,1.5,0.93
15,20,105,65,50,0,30,0,25,2,21,0.0,1.05,5.0,50,33,3.0,0.35
0,20,95,55,30,25,30,0,33,2,90,0.0,1.2,5.0,33,15,3.0,2.24
60,45,95,45,30,10,90,20,18,0,90,0.0,0.6,2.0,33,33,6.0,0.0
15,45,60,65,30,10,60,0,18,0,7,0.0,0.6,6.0,50,15,3.0,0.25
15,45,60,45,70,25,90,0,25,4,7,0.0,0.6,2.0,50,33,6.0,3.07
30,10,60,45,50,25,90,5,18,4,21,0.0,1.2,2.0,33,50,3.0,1.07
15,45,60,75,70,10,0,5,25,2,21,0.5,1.05,2.0,50,15,1.5,0.64
15,20,95,65,70,2,0,5,25,1,7,0.0,0.85,2.0,15,33,6.0,0.5
15,20,60,55,50,10,0,20,40,7,21,0.0,0.6,5.0,50,33,1.5,2.56
30,30,85,65,30,2,0,20,18,4,7,0.5,0.85,4.0,50,15,3.0,0.0
60,30,75,75,30,2,30,0,18,1,7,0.0,0.6,5.0,33,15,3.0,0.0
60,20,105,45,30,2,0,0,33,7,90,0.0,0.6,4.0,50,33,6.0,0.0
15,20,75,75,30,2,60,5,40,1,21,1.0,0.85,2.0,33,15,1.5,0.0
60,30,85,65,30,2,60,0,40,7,90,1.0,0.6,5.0,50,15,1.5,0.32
0,45,95,65,90,2,0,20,18,7,7,0.0,1.2,5.0,50,33,3.0,16.78
30,10,75,65,50,2,30,0,33,2,21,0.0,1.05,6.0,15,33,1.5,0.0
30,20,60,65,30,2,60,5,18,2,7,0.5,0.6,2.0,15,15,6.0,0.0
30,10,105,75,50,2,30,20,40,7,90,0.0,1.05,2.0,15,33,3.0,0.44
5,45,95,45,70,10,60,20,18,7,45,1.0,0.85,2.0,15,15,3.0,14.67
5,10,95,65,50,0,90,20,40,7,7,0.0,1.2,2.0,15,50,1.5,4.23
5,45,105,65,30,0,90,0,33,2,21,0.0,1.05,4.0,15,15,1.5,15.85
30,10,75,75,70,2,30,20,33,7,7,1.0,0.6,2.0,15,33,1.5,0.21
15,30,95,65,50,0,60,0,33,2,21,0.5,0.6,2.0,33,33,3.0,0.15
5,45,75,65,70,25,0,5,25,0,90,0.5,1.05,2.0,33,15,1.5,0.0
15,30,75,45,90,10,0,5,25,7,45,1.0,0.6,6.0,15,15,6.0,8.45
30,20,75,75,50,10,0,0,18,7,21,1.0,0.85,2.0,50,33,6.0,0.92
60,20,105,65,30,10,90,20,25,4,90,1.0,1.2,4.0,50,15,6.0,0.0
60,10,105,45,90,2,30,0,33,0,45,1.0,0.6,6.0,50,15,3.0,0.0
60,45,60,75,30,25,90,5,33,2,7,0.5,1.05,6.0,50,50,3.0,0.0
30,45,105,45,30,0,30,20,33,7,90,1.0,1.2,2.0,50,15,1.5,15.93
60,20,60,45,90,0,60,20,33,4,90,1.0,1.2,2.0,33,50,3.0,0.0
60,20,105,55,90,10,0,0,25,2,21,1.0,1.05,5.0,50,15,6.0,0.0
0,30,85,65,50,0,60,0,18,2,21,0.0,1.2,6.0,33,15,6.0,12.11
60,30,60,55,90,10,0,0,18,4,90,1.0,0.85,4.0,15,33,1.5,0.0
0,10,60,55,70,10,90,0,18,2,45,0.0,1.05,4.0,15,50,6.0,1.83
5,20,60,45,90,2,90,0,40,4,7,0.0,1.05,4.0,15,33,3.0,10.53
0,30,95,55,30,25,30,5,33,7,45,1.0,0.6,2.0,50,50,6.0,7.3
5,45,95,55,50,25,90,5,18,7,90,0.5,1.2,2.0,15,15,6.0,18.03
5,30,95,45,50,10,30,5,33,1,45,0.0,1.2,6.0,15,33,6.0,1.49
30,45,105,55,90,0,60,0,18,7,45,0.5,0.85,5.0,33,33,3.0,32.87
15,10,85,65,90,2,30,5,33,0,7,0.0,0.85,2.0,15,50,1.5,0.0
15,20,60,75,70,0,0,5,33,7,90,0.0,0.6,5.0,33,33,1.5,9.69
5,45,60,55,90,0,90,5,18,0,90,0.5,0.6,4.0,15,50,6.0,1.14
0,45,105,75,50,2,30,20,40,7,7,1.0,1.2,4.0,15,33,1.5,22.46
60,10,85,45,50,25,30,20,40,0,7,0.0,0.85,4.0,50,33,3.0,0.2
0,20,85,65,70,0,90,0,25,1,90,1.0,0.6,2.0,33,33,3.0,2.11
15,10,60,45,30,0,90,5,18,7,7,1.0,0.6,4.0,50,15,3.0,5.42
5,30,60,45,30,10,60,0,25,1,45,1.0,1.2,2.0,15,33,1.5,1.62
15,30,75,45,90,2,90,5,18,7,90,1.0,1.2,4.0,15,15,3.0,32.45
0,30,105,55,90,10,60,0,40,7,45,1.0,1.2,6.0,50,15,3.0,36.51
0,45,105,55,30,10,0,5,33,7,21,0.0,0.85,4.0,33,15,1.5,20.41
30,10,60,55,70,10,0,0,33,4,7,0.0,1.2,6.0,15,15,3.0,0.0
5,45,95,55,50,0,0,20,18,0,45,0.5,1.2,5.0,50,15,1.5,0.3
30,20,60,45,90,2,60,20,18,0,7,0.5,0.6,4.0,33,15,3.0,0.06
30,45,75,75,30,10,60,0,40,0,21,0.5,0.85,5.0,50,33,6.0,0.0
15,20,75,45,70,25,90,0,25,4,21,0.0,0.6,6.0,50,15,1.5,0.0
15,10,75,65,70,10,30,5,40,7,90,1.0,0.6,2.0,33,50,1.5,2.04
30,20,105,55,30,10,60,0,25,4,21,1.0,0.85,2.0,15,33,1.5,0.77
30,30,75,45,90,10,0,0,40,7,45,0.0,0.6,6.0,15,15,6.0,2.13
0,20,75,45,50,10,60,5,25,1,90,0.5,1.05,4.0,50,33,6.0,1.71
60,10,75,55,70,0,0,0,33,4,7,0.0,1.2,5.0,15,15,3.0,0.1
30,10,105,65,50,0,0,5,40,0,45,1.0,0.85,6.0,15,15,1.5,0.0
15,30,95,75,30,10,60,0,33,0,45,0.0,0.6,4.0,33,50,1.5,0.21
15,45,85,65,70,2,30,5,33,7,90,0.0,1.05,5.0,15,33,3.0,36.26
5,30,60,45,30,25,0,5,33,0,21,0.0,0.85,5.0,33,33,1.5,0.0
15,20,85,65,70,10,90,0,40,1,45,1.0,1.05,5.0,50,15,1.5,0.0
5,20,60,75,50,25,90,20,25,7,90,0.5,0.6,4.0,50,33,6.0,3.59
5,10,105,65,50,10,0,0,25,1,7,0.0,0.85,2.0,50,15,1.5,0.02
5,20,95,55,50,25,60,20,40,4,90,1.0,1.2,6.0,15,33,6.0,4.34
5,10,75,55,30,0,60,0,40,0,45,0.5,0.6,5.0,15,33,6.0,0.0
15,30,85,75,70,10,30,20,18,0,7,0.5,1.2,2.0,50,50,6.0,0.45
0,20,75,75,30,10,0,20,40,0,7,0.5,0.6,5.0,33,33,3.0,0.13
30,20,105,55,50,10,0,0,33,2,90,1.0,0.6,5.0,50,33,6.0,0.11
15,30,60,75,50,0,30,5,33,0,7,0.5,0.85,2.0,33,15,6.0,0.58
0,10,85,45,90,25,60,20,18,4,7,0.0,0.85,2.0,15,50,1.5,0.47
60,10,75,45,30,2,0,5,18,7,45,0.5,1.05,6.0,15,50,1.5,0.09
5,30,60,45,50,0,90,0,40,7,7,1.0,1.05,4.0,33,15,1.5,40.0
30,45,95,45,50,10,0,0,40,0,90,0.5,0.85,4.0,33,50,6.0,0.06
15,45,105,45,30,10,30,20,33,0,90,1.0,1.2,4.0,15,50,3.0,0.0
30,45,95,75,90,0,60,20,33,0,7,0.5,1.2,2.0,15,33,1.5,0.53
15,10,85,55,70,2,90,20,40,7,90,1.0,1.2,6.0,50,33,6.0,4.14
0,45,105,55,30,25,0,5,18,1,90,1.0,1.2,5.0,50,15,3.0,2.36
60,45,60,55,50,10,0,0,25,0,7,0.0,1.05,5.0,33,50,3.0,0.59
0,45,105,65,30,2,60,5,40,0,45,0.0,0.85,2.0,15,15,1.5,0.21
5,20,75,55,70,10,0,0,33,4,7,0.0,0.85,5.0,33,33,1.5,5.38
5,10,105,75,70,25,30,5,18,2,45,1.0,1.2,2.0,50,33,3.0,0.57
0,45,95,75,70,25,0,0,33,1,45,1.0,1.2,4.0,33,50,3.0,2.85
0,30,95,45,30,10,30,0,40,7,90,1.0,0.85,6.0,15,33,1.5,24.4
0,10,95,55,30,0,60,20,25,4,21,1.0,0.85,4.0,50,33,6.0,1.81
60,20,85,65,30,0,90,20,18,0,90,0.5,0.6,5.0,50,15,1.5,0.0
60,20,75,55,90,2,30,5,33,7,21,0.5,1.2,2.0,33,15,1.5,0.0
60,20,85,55,90,25,0,20,25,7,45,0.0,1.05,6.0,50,33,1.5,0.0
60,30,105,75,30,2,0,20,40,7,7,0.5,1.2,6.0,15,33,3.0,0.0
0,45,60,75,30,0,0,0,40,2,7,0.0,0.85,2.0,15,33,1.5,11.4
15,45,95,45,50,25,60,20,40,1,45,1.0,1.05,6.0,50,33,1.5,0.3
5,30,75,65,70,0,60,0,18,0,45,0.0,1.2,6.0,15,33,1.5,0.0
5,30,60,65,50,0,0,20,33,1,7,1.0,0.6,5.0,33,15,1.5,0.13
15,10,85,75,70,10,90,5,18,4,7,0.0,1.05,5.0,15,50,6.0,0.03
15,45,105,45,90,2,60,5,18,1,90,0.0,0.85,6.0,15,33,1.5,0.0
30,20,75,55,50,0,90,5,33,7,90,0.5,0.6,4.0,33,33,1.5,0.0
5,10,75,55,90,25,0,20,40,4,7,0.0,0.6,4.0,50,15,6.0,0.41
15,10,95,55,70,2,30,20,18,0,90,1.0,0.85,5.0,33,15,3.0,0.67
5,30,95,65,30,25,0,20,33,4,45,0.0,0.85,2.0,15,50,6.0,3.44
60,10,85,75,50,25,60,0,40,1,90,0.0,0.85,4.0,15,33,1.5,0.0
15,20,105,75,70,2,0,0,25,2,45,1.0,1.05,4.0,15,50,3.0,0.33
15,45,75,45,70,2,60,5,40,7,90,0.0,1.2,4.0,15,15,6.0,38.38
60,20,60,45,30,2,30,20,18,4,45,0.0,1.05,6.0,15,50,1.5,0.03
0,45,85,45,70,10,90,20,40,1,21,0.5,1.2,2.0,15,33,1.5,2.71
30,45,105,75,90,10,90,0,25,2,90,0.0,1.05,6.0,15,33,1.5,0.58
0,20,85,45,70,2,90,20,25,2,7,0.5,0.6,4.0,33,50,3.0,0.58
15,20,95,75,70,25,30,5,33,1,21,0.0,0.85,4.0,33,15,1.5,0.06
30,20,75,55,30,10,60,20,33,0,7,0.0,1.05,5.0,15,33,3.0,0.0
15,45,75,55,90,2,0,5,25,4,21,0.5,0.85,4.0,33,33,3.0,12.35
60,30,85,55,90,25,30,20,25,2,45,1.0,1.05,5.0,50,15,6.0,0.09
30,30,105,75,70,10,90,5,33,0,21,0.0,0.6,6.0,15,15,3.0,0.27
60,10,95,55,30,2,60,20,33,4,45,1.0,1.05,6.0,50,33,6.0,0.36
15,45,95,45,50,0,90,5,25,2,45,0.0,0.85,2.0,50,33,1.5,0.16
5,30,105,65,90,10,60,0,33,2,21,0.5,1.05,5.0,50,50,3.0,6.96
5,45,60,65,90,10,60,20,33,0,45,1.0,1.2,5.0,33,50,1.5,0.0
5,20,105,65,30,10,90,5,18,0,90,1.0,1.05,5.0,15,50,6.0,0.06
60,10,85,45,90,25,0,5,40,2,7,0.0,1.05,6.0,50,15,6.0,0.0
5,45,95,55,50,10,0,20,25,2,21,0.5,1.05,6.0,50,33,3.0,3.46
15,20,75,45,70,10,0,5,40,1,45,1.0,0.85,6.0,15,50,6.0,0.0
5,10,85,55,30,0,90,0,33,1,90,0.0,1.2,5.0,50,50,6.0,1.01
30,20,105,65,90,10,60,5,40,0,45,0.0,1.05,6.0,33,50,6.0,0.0
60,20,105,45,30,10,0,5,33,7,45,0.5,1.05,4.0,50,15,6.0,0.14
60,20,85,45,70,2,0,5,40,7,21,1.0,0.6,5.0,33,15,3.0,0.82
15,20,60,45,90,2,60,20,40,1,90,0.5,0.85,6.0,50,50,3.0,0.12
60,30,60,75,30,0,30,20,33,1,21,0.0,1.05,5.0,50,15,3.0,0.0
0,30,95,45,30,25,30,0,18,1,7,0.0,0.6,2.0,33,15,1.5,1.5
15,45,60,65,90,0,30,20,25,2,7,1.0,0.85,2.0,15,15,6.0,0.0
5,45,60,75,50,2,90,0,25,4,7,0.0,1.05,4.0,33,50,3.0,24.72
30,10,85,45,50,25,0,20,25,0,7,0.0,0.6,5.0,50,33,1.5,0.0
0,20,85,45,50,10,60,5,40,2,45,0.5,1.2,4.0,33,50,6.0,3.8
60,10,60,75,30,25,60,5,40,4,21,0.0,1.2,6.0,15,50,6.0,0.0
5,45,105,75,90,2,60,5,33,7,45,0.0,1.2,6.0,15,33,1.5,40.0
15,45,85,65,70,10,30,5,18,2,45,0.0,1.2,4.0,15,15,3.0,2.27
15,45,75,55,30,2,30,5,18,2,45,0.5,1.05,2.0,15,33,3.0,2.74
0,20,85,55,50,0,60,20,25,0,90,1.0,0.6,5.0,50,15,3.0,0.89
30,10,75,75,90,25,30,5,33,1,45,1.0,0.85,5.0,50,15,1.5,0.0
0,20,60,45,50,2,90,20,40,7,45,0.5,1.2,5.0,50,15,1.5,6.86
30,10,60,55,30,0,60,20,25,7,7,0.0,0.6,6.0,33,50,1.5,0.0
30,45,60,55,30,10,30,20,18,4,21,0.5,0.6,2.0,15,33,3.0,0.0
0,20,60,45,70,2,0,20,40,0,45,0.0,0.85,2.0,15,33,1.5,0.0
60,30,60,45,90,2,90,5,25,7,21,0.0,0.6,6.0,33,33,1.5,0.54
0,10,85,75,70,10,60,20,18,4,7,1.0,1.05,5.0,33,33,1.5,3.49
15,10,95,55,70,2,0,5,33,0,21,1.0,0.85,6.0,15,50,1.5,0.16
15,30,95,65,30,2,90,0,25,4,90,1.0,0.6,5.0,33,15,3.0,4.67
5,10,95,45,50,25,90,5,25,0,90,1.0,1.2,4.0,50,33,6.0,0.82
15,10,60,55,30,2,30,5,33,7,21,0.5,1.2,4.0,33,15,6.0,8.85
30,45,60,55,50,2,60,0,18,1,7,0.5,1.05,5.0,15,15,1.5,0.73
5,10,85,45,30,10,0,20,33,0,90,1.0,1.2,4.0,15,50,1.5,0.0
0,10,105,75,30,10,0,0,18,1,7,0.0,0.85,4.0,15,15,3.0,1.44
5,20,95,65,90,0,30,5,18,4,21,1.0,0.6,6.0,50,15,6.0,8.63
15,30,95,75,30,0,0,0,25,0,21,0.5,0.6,5.0,33,33,1.5,1.44
0,30,105,55,50,10,30,0,25,4,21,1.0,0.6,5.0,50,50,3.0,10.48
60,10,85,65,30,0,60,5,25,0,7,0.0,0.6,6.0,33,15,3.0,0.2
0,10,95,65,50,10,30,5,33,1,21,0.5,1.05,4.0,33,33,3.0,0.65
60,30,105,45,50,2,90,5,25,2,7,0.5,1.05,6.0,15,50,6.0,0.0
60,30,85,75,50,2,0,0,40,0,21,0.5,0.85,5.0,15,33,1.5,0.49
60,10,60,65,30,25,0,5,25,1,21,0.0,1.2,2.0,15,33,3.0,1.23
5,10,60,65,90,0,60,5,40,0,7,0.5,0.85,2.0,15,33,6.0,0.0
30,45,105,45,50,10,60,0,33,1,21,0.0,1.05,4.0,15,15,6.0,0.0
60,30,75,75,90,25,90,5,25,4,21,1.0,0.85,4.0,15,15,1.5,0.18
15,45,75,45,50,25,60,0,33,0,45,0.5,0.6,6.0,50,15,6.0,0.0
5,10,95,45,90,2,60,20,40,0,90,0.5,1.2,5.0,50,33,6.0,0.0
60,20,60,75,70,2,0,5,33,4,7,0.5,1.2,5.0,50,50,1.5,0.82
30,10,85,55,30,2,90,5,25,0,90,0.5,0.6,6.0,33,33,1.5,0.0
0,20,60,55,90,2,60,20,40,4,21,0.5,1.2,5.0,15,50,1.5,3.31
0,45,85,75,70,25,0,20,18,2,90,1.0,1.05,5.0,15,33,3.0,4.91
60,45,60,65,50,2,30,5,25,7,21,0.0,1.2,6.0,15,15,1.5,5.31
15,20,75,45,50,2,90,20,40,7,90,0.0,0.85,5.0,50,50,6.0,3.13
60,45,60,55,70,25,60,20,33,7,21,0.5,1.05,4.0,15,50,6.0,1.36
0,30,60,65,70,0,90,5,18,0,90,0.0,1.05,5.0,50,50,3.0,0.28
60,30,60,65,50,25,30,0,40,0,90,0.5,0.85,6.0,15,33,3.0,0.09
60,30,105,75,70,25,60,0,18,2,90,0.0,1.05,5.0,33,50,3.0,0.0
15,30,95,65,50,25,30,0,40,0,7,0.5,1.2,6.0,33,15,6.0,0.69
15,20,75,75,30,2,60,5,18,1,7,0.5,0.85,2.0,33,33,6.0,0.0
0,10,105,45,90,0,90,5,25,2,45,1.0,0.6,2.0,15,50,1.5,2.55
0,10,85,65,30,25,90,0,25,1,90,0.0,1.05,4.0,33,33,1.5,0.09
5,45,95,45,50,25,0,20,25,1,90,0.5,0.85,5.0,33,33,6.0,1.03
5,45,85,55,90,25,90,20,33,1,45,0.5,0.85,2.0,33,15,6.0,0.36
0,45,105,65,70,2,90,0,33,7,45,1.0,1.05,2.0,33,50,1.5,40.0
15,10,85,65,30,0,60,0,18,0,7,1.0,1.2,4.0,33,50,6.0,0.0
0,30,105,65,90,0,30,5,25,7,21,0.5,1.2,6.0,50,33,6.0,40.0
0,20,95,45,50,10,90,20,25,0,21,1.0,1.05,5.0,50,33,1.5,0.0
30,30,60,65,90,25,90,5,18,0,21,1.0,1.2,6.0,33,50,1.5,0.0
30,20,60,65,30,10,90,20,25,2,45,0.5,1.2,2.0,15,50,6.0,0.06
5,30,60,55,90,2,90,20,33,0,90,0.5,1.2,2.0,50,50,3.0,1.41
60,10,95,45,90,2,0,0,40,2,90,1.0,1.05,4.0,15,50,1.5,0.3
15,10,60,45,70,2,90,5,40,0,90,0.5,1.05,5.0,33,50,6.0,0.13
30,10,95,65,50,10,90,0,40,7,21,0.0,0.6,5.0,15,50,6.0,0.32
60,30,105,75,30,25,0,20,33,2,7,1.0,0.85,6.0,33,50,6.0,0.0
60,30,60,55,70,10,90,0,33,4,21,0.0,0.6,4.0,33,33,6.0,0.0
15,10,105,65,50,0,60,0,40,4,90,1.0,1.05,6.0,50,15,3.0,0.0
60,45,60,55,30,25,60,5,18,4,7,0.0,0.6,2.0,15,50,6.0,0.53
60,45,105,65,50,25,30,20,33,2,7,0.5,1.05,4.0,33,50,1.5,0.0
0,20,75,45,50,0,90,0,25,4,7,0.0,0.85,2.0,15,15,1.5,9.72
60,30,105,65,30,25,60,20,33,0,21,0.0,1.05,6.0,33,15,3.0,0.0
30,30,60,65,30,2,30,5,33,4,21,1.0,0.6,5.0,50,33,6.0,0.14
30,10,105,45,50,2,30,20,33,1,90,0.5,0.85,2.0,15,50,1.5,0.0
60,30,60,75,70,2,0,20,40,1,7,0.5,1.2,2.0,50,15,1.5,0.0
15,10,75,55,70,0,90,20,25,1,7,0.5,1.05,5.0,50,50,3.0,0.78
60,45,75,45,70,25,90,0,33,0,7,0.5,0.6,6.0,50,33,6.0,0.0
15,30,75,55,30,0,0,20,25,2,90,0.5,0.6,6.0,50,50,6.0,0.0
30,45,75,45,50,2,30,0,25,0,7,0.0,0.6,5.0,15,15,3.0,0.0
60,30,60,75,30,2,30,0,33,4,7,0.5,1.2,2.0,50,33,1.5,0.0
30,45,75,55,30,2,90,0,40,0,45,1.0,1.2,2.0,15,33,6.0,0.14
15,30,85,75,90,25,90,20,25,0,45,0.0,0.85,2.0,50,50,1.5,0.0
5,20,75,65,90,0,0,0,33,0,90,0.5,0.6,5.0,33,50,3.0,0.0
5,45,105,65,90,0,0,0,40,1,45,1.0,0.85,2.0,33,33,1.5,4.6
5,45,95,55,30,10,90,0,33,7,90,0.0,0.85,4.0,33,15,6.0,27.16
0,30,85,55,70,10,30,0,40,0,45,1.0,1.2,2.0,50,15,1.5,0.3
30,45,75,75,50,2,90,5,18,2,45,0.0,0.85,4.0,33,50,3.0,1.0
60,10,75,65,90,25,60,20,25,7,90,0.0,1.05,2.0,15,50,6.0,0.0
30,20,105,65,70,0,60,20,33,1,45,0.5,0.85,5.0,33,15,1.5,0.2
60,30,75,45,70,25,0,0,18,0,45,0.5,1.2,5.0,15,15,6.0,0.01
5,20,85,55,90,2,30,5,33,0,45,0.5,1.05,5.0,33,50,3.0,0.4
0,20,85,75,90,0,90,0,40,2,7,0.5,1.2,5.0,33,15,3.0,7.38
15,10,75,45,30,2,30,5,40,4,21,0.5,0.6,4.0,15,33,6.0,0.43
60,45,60,45,50,25,90,20,40,0,90,0.0,0.85,4.0,15,33,6.0,0.0
0,20,95,45,70,0,30,0,25,4,7,0.0,1.2,4.0,33,15,3.0,16.48
30,20,95,65,50,0,90,0,18,1,7,1.0,0.6,4.0,50,33,1.5,0.0
15,45,105,75,50,10,30,0,25,0,90,1.0,1.05,5.0,50,50,3.0,0.23
15,10,85,55,30,2,0,5,40,2,45,1.0,0.6,6.0,15,33,3.0,0.0
30,45,105,65,90,0,30,5,33,7,45,0.5,1.05,6.0,15,33,3.0,37.42
5,45,85,65,70,25,0,5,25,1,21,1.0,0.85,5.0,15,33,6.0,1.14
0,45,105,55,30,2,30,20,33,0,21,0.5,0.6,4.0,33,50,1.5,0.25
30,10,95,75,30,10,0,5,25,2,90,0.0,0.6,6.0,15,15,6.0,0.0
0,20,75,45,30,0,0,20,25,4,45,0.0,1.05,4.0,33,15,3.0,3.16
15,45,85,55,30,10,30,5,33,2,7,0.0,0.6,6.0,15,15,3.0,0.89
5,30,105,65,90,10,0,0,25,2,21,0.5,1.2,5.0,50,15,6.0,8.02
60,20,85,45,30,10,30,0,40,0,7,0.0,1.05,6.0,15,15,6.0,0.67
30,30,95,75,70,10,30,20,25,1,21,0.0,0.6,6.0,33,15,1.5,0.48
5,20,60,45,70,0,90,20,33,2,7,0.5,0.85,6.0,15,15,6.0,1.24
0,30,105,55,50,2,60,20,40,1,21,0.5,1.2,6.0,15,33,6.0,2.44
60,10,95,65,70,10,0,0,25,0,7,0.5,0.6,2.0,50,15,1.5,0.14
15,10,60,65,70,2,60,20,25,2,45,0.0,1.05,6.0,15,15,3.0,0.03
15,45,95,55,30,25,30,20,40,2,90,0.5,1.2,2.0,50,15,1.5,1.82
15,10,85,45,30,2,90,0,33,0,90,0.5,0.6,4.0,50,50,6.0,0.0
30,20,75,45,90,10,60,5,33,4,21,0.5,1.05,6.0,33,33,6.0,0.0
5,20,60,75,90,2,30,20,40,1,90,0.5,1.2,4.0,33,15,1.5,0.31
0,30,85,45,90,10,60,20,18,2,7,0.5,0.85,6.0,15,15,6.0,2.64
15,10,75,45,70,2,0,5,25,0,21,0.0,1.2,4.0,15,33,1.5,0.0
60,20,75,65,70,2,0,5,18,1,21,1.0,0.85,2.0,15,33,1.5,0.0
30,20,75,55,70,10,60,5,33,0,45,0.0,0.85,6.0,33,50,6.0,0.0
60,45,60,65,70,10,0,0,33,4,21,0.5,0.85,5.0,33,50,1.5,0.62
60,20,75,55,50,0,60,0,25,7,21,0.0,0.85,4.0,15,15,6.0,0.21
30,10,95,55,90,10,60,5,18,7,7,0.5,1.2,4.0,50,15,1.5,0.15
60,30,95,45,70,0,30,0,40,2,21,0.0,0.6,4.0,50,50,1.5,0.88
60,30,85,55,90,2,0,5,40,1,90,0.0,0.85,5.0,33,33,1.5,0.0
5,20,75,75,30,25,30,5,18,4,90,1.0,0.6,4.0,15,50,1.5,1.8
30,30,60,45,30,10,30,5,25,0,90,0.0,0.85,6.0,33,15,1.5,0.19
60,45,85,65,90,0,30,0,33,0,7,0.0,0.6,6.0,50,33,1.5,0.15
30,20,85,55,90,0,30,20,18,7,45,1.0,1.2,6.0,33,33,3.0,2.97
60,10,105,55,50,2,0,5,40,1,45,0.5,0.85,2.0,33,50,3.0,0.06
30,20,105,65,30,25,0,5,25,0,7,0.0,0.6,4.0,33,33,3.0,0.34
0,20,95,55,50,25,90,20,40,7,21,0.0,1.05,4.0,33,33,3.0,5.13
15,30,105,75,70,25,30,20,25,2,90,0.5,1.05,4.0,15,50,3.0,0.0
5,30,60,65,50,2,0,0,40,7,90,0.0,0.6,2.0,15,33,3.0,16.29
60,45,85,75,50,0,90,5,40,1,21,1.0,1.05,4.0,50,15,6.0,0.58
60,30,85,45,30,0,0,0,18,0,21,0.0,0.85,5.0,50,33,3.0,1.12
5,20,60,55,90,2,60,20,25,4,45,0.0,0.85,4.0,50,15,1.5,2.49
60,10,95,65,30,0,60,0,33,4,21,1.0,0.85,5.0,15,15,1.5,0.61
5,30,105,55,30,0,30,0,18,1,45,0.0,0.85,5.0,50,15,6.0,0.68
15,20,75,65,90,10,0,20,33,7,45,0.5,1.05,5.0,33,33,6.0,5.5
60,10,75,55,90,10,60,5,25,0,45,0.5,1.05,4.0,33,33,6.0,0.0
5,20,95,55,50,2,90,0,33,1,21,0.0,1.2,2.0,15,15,1.5,0.54
30,10,85,55,90,25,60,0,33,1,21,0.5,0.85,5.0,15,50,3.0,0.0
30,20,95,75,30,25,0,20,40,2,21,0.0,1.2,5.0,15,33,3.0,0.14
0,45,95,75,70,2,60,0,18,7,7,0.5,1.05,6.0,50,33,1.5,40.0
30,30,95,75,70,2,0,5,25,4,90,0.0,1.2,6.0,50,50,6.0,0.21
15,30,60,65,70,0,30,0,25,4,21,0.5,1.2,5.0,15,33,3.0,15.81
0,20,105,65,90,0,60,5,33,2,45,0.0,0.6,6.0,33,33,6.0,2.96
15,20,105,55,30,10,90,0,33,4,45,0.5,0.85,5.0,33,33,1.5,2.44
15,30,85,65,50,25,60,5,25,4,45,0.5,0.6,6.0,50,50,3.0,1.08
60,20,105,65,30,25,90,0,33,4,90,1.0,0.85,5.0,50,15,3.0,0.03
15,10,105,75,50,25,60,5,40,7,7,1.0,0.85,6.0,33,33,3.0,2.37
0,45,95,55,30,0,30,0,18,7,21,1.0,0.6,4.0,15,15,1.5,40.0
15,10,60,75,50,10,60,5,18,0,7,0.0,1.2,4.0,15,33,3.0,0.0
5,30,75,65,50,0,60,5,40,0,45,1.0,0.6,4.0,15,15,1.5,0.0
5,30,95,55,70,10,60,5,33,1,21,0.5,0.6,2.0,33,33,6.0,0.39
30,10,60,45,30,0,60,5,33,7,7,0.5,0.6,5.0,50,33,6.0,0.5
15,10,75,45,50,25,30,5,18,0,45,0.0,1.2,5.0,15,33,3.0,0.0
30,20,60,55,50,10,0,5,33,1,90,0.5,0.85,6.0,33,33,3.0,0.51
0,20,75,55,90,2,90,20,18,7,90,0.0,1.2,5.0,33,15,1.5,6.46
15,20,105,45,90,25,60,20,18,7,90,0.0,0.85,6.0,33,50,3.0,4.43
60,30,75,45,30,2,60,20,18,7,90,1.0,0.6,5.0,15,33,3.0,0.0
60,30,95,45,70,0,0,20,33,1,45,0.5,1.05,4.0,15,15,3.0,0.27
0,45,75,65,90,0,0,20,40,2,90,0.0,1.2,6.0,15,50,1.5,3.58
5,30,60,65,90,2,90,20,25,2,21,0.5,1.05,2.0,33,15,3.0,2.03
15,10,75,65,30,10,90,0,18,0,90,0.5,1.2,5.0,15,33,6.0,0.0
5,30,105,55,30,0,60,5,18,4,45,0.5,0.85,4.0,33,50,6.0,17.34
60,20,85,45,30,2,60,20,40,2,90,1.0,1.05,2.0,50,50,6.0,0.0
15,20,75,55,70,25,60,20,25,1,21,0.5,0.85,4.0,33,50,6.0,0.0
0,30,60,75,70,0,0,20,18,4,90,1.0,1.05,6.0,50,15,6.0,6.24
60,10,75,45,30,0,0,5,25,7,21,1.0,0.6,5.0,33,50,3.0,0.0
60,10,75,75,30,25,0,5,25,1,7,0.0,1.05,6.0,15,50,1.5,1.0
0,45,85,55,70,10,90,20,18,4,21,0.5,1.05,5.0,33,15,6.0,7.77
0,20,60,75,70,10,0,20,18,4,7,0.0,1.05,4.0,15,33,6.0,3.79
60,30,95,45,90,2,60,5,18,2,7,0.0,1.2,2.0,50,15,6.0,0.93
5,45,60,45,50,25,30,5,18,7,7,0.5,1.2,2.0,15,50,3.0,15.52
0,20,95,55,70,25,90,20,33,2,21,1.0,0.6,2.0,15,33,1.5,1.83
30,45,95,45,50,2,30,20,40,7,21,0.5,0.6,4.0,50,33,1.5,2.07
0,10,95,45,70,25,90,5,18,0,21,1.0,0.6,6.0,15,33,1.5,0.18
5,30,85,55,50,25,60,20,33,4,90,1.0,0.85,6.0,15,33,3.0,5.69
0,45,75,65,90,2,60,20,40,7,90,1.0,1.2,4.0,15,33,6.0,17.3
5,20,75,75,30,2,60,0,25,1,7,1.0,1.2,4.0,50,50,3.0,0.93
30,10,75,75,70,2,30,0,18,1,7,1.0,1.2,2.0,15,15,1.5,0.0
15,20,75,65,30,25,60,20,40,2,90,1.0,1.05,6.0,33,15,6.0,0.18
60,30,95,45,70,2,60,0,40,0,90,0.0,1.05,2.0,33,15,6.0,0.0
5,10,75,55,50,25,0,5,25,2,45,0.5,1.05,6.0,33,15,6.0,1.12
0,30,75,65,90,2,0,0,25,2,7,0.5,0.6,5.0,33,15,6.0,5.99
60,30,60,45,70,2,90,5,33,1,90,0.0,1.05,5.0,15,33,3.0,0.18
0,10,75,75,50,2,60,20,25,7,45,1.0,1.05,6.0,15,33,6.0,2.95
60,10,85,55,70,0,60,5,18,4,7,0.5,0.6,4.0,15,33,1.5,0.24
15,45,60,45,70,25,30,20,18,4,7,0.5,1.2,2.0,15,15,1.5,7.06
60,45,85,75,90,2,60,0,40,0,21,1.0,0.85,5.0,33,50,1.5,0.17
0,20,95,55,50,2,0,20,18,4,45,1.0,0.85,4.0,50,15,1.5,4.69
30,20,85,45,90,10,60,20,40,0,90,1.0,0.6,5.0,50,50,1.5,0.04
60,20,60,55,30,2,0,20,25,4,21,1.0,1.2,4.0,50,33,3.0,0.0
30,45,85,65,50,0,60,20,25,1,90,1.0,1.05,2.0,50,33,3.0,0.37
30,30,95,75,30,0,90,0,33,7,45,1.0,0.6,6.0,33,50,3.0,2.24
15,10,95,75,30,10,30,5,40,1,45,1.0,1.05,2.0,15,15,6.0,0.0
5,20,85,65,30,0,0,5,33,1,21,0.0,1.05,4.0,50,15,1.5,0.0
30,30,105,75,70,10,30,5,18,0,7,1.0,1.2,5.0,50,50,1.5,0.0
5,30,95,55,70,25,30,20,18,2,90,0.5,1.2,5.0,33,33,6.0,3.43
0,45,85,75,70,2,90,20,18,0,90,1.0,0.85,4.0,50,50,6.0,0.0
15,45,105,45,90,25,90,5,33,1,45,1.0,1.05,4.0,15,15,3.0,0.0
30,20,60,65,30,0,0,20,33,1,90,0.5,1.2,6.0,15,33,1.5,0.43
60,20,95,75,90,0,30,20,33,2,7,0.5,0.85,5.0,15,50,1.5,0.0
60,45,105,45,90,25,60,5,40,1,45,1.0,1.05,5.0,33,15,3.0,0.53
5,30,75,65,90,10,90,0,18,4,90,0.5,0.85,6.0,15,33,6.0,9.65
15,20,105,45,30,0,90,20,40,7,90,0.5,1.2,6.0,50,15,3.0,8.32
30,20,60,75,70,2,60,5,40,4,90,0.5,0.6,2.0,15,15,3.0,0.22
0,20,95,55,90,10,0,0,33,2,45,0.5,0.85,5.0,15,15,3.0,4.83
0,20,60,45,30,25,60,0,40,7,90,0.5,1.05,5.0,33,50,3.0,5.88
0,30,60,55,30,2,90,0,40,7,21,0.0,0.6,6.0,50,33,6.0,17.21
30,10,60,75,90,10,90,20,25,7,7,0.0,0.85,4.0,33,50,1.5,0.0
15,20,95,75,30,2,0,20,18,2,45,0.0,0.85,6.0,50,50,6.0,0.0
0,45,95,45,90,0,30,5,18,0,7,0.0,0.6,6.0,15,33,3.0,0.63
60,30,85,45,50,25,0,0,33,1,21,0.5,1.2,6.0,50,50,6.0,0.0
15,10,85,75,90,25,0,20,40,7,45,0.5,1.2,4.0,33,50,6.0,3.03
5,20,75,65,90,0,90,20,18,4,90,0.0,0.6,4.0,15,15,3.0,1.48
60,45,85,45,30,10,90,5,40,0,90,1.0,0.85,6.0,50,33,6.0,0.0
5,20,85,75,90,0,90,20,33,2,7,0.0,0.6,4.0,33,50,6.0,0.72
30,20,60,65,50,0,60,20,18,2,21,0.5,0.6,4.0,50,15,6.0,0.0
30,20,105,65,70,0,30,20,33,7,7,0.0,0.6,2.0,50,33,6.0,0.22
0,10,85,75,50,10,30,5,25,0,90,0.5,1.05,2.0,33,33,1.5,0.47
60,10,75,75,90,25,90,0,33,1,90,0.0,1.05,4.0,33,50,3.0,0.48
15,20,75,65,90,2,90,0,18,7,90,0.0,0.85,5.0,50,33,1.5,14.86
0,30,75,65,90,0,60,0,33,1,7,1.0,1.2,6.0,15,15,6.0,5.99
30,10,95,55,70,10,90,20,33,7,21,1.0,1.2,5.0,15,15,3.0,0.1
5,20,85,75,50,25,30,5,18,0,21,0.5,1.2,2.0,15,15,1.5,0.91
5,20,75,55,30,0,30,20,40,7,90,1.0,1.05,5.0,33,15,3.0,7.13
30,45,95,55,70,2,30,0,40,4,90,0.0,1.2,4.0,15,15,1.5,9.14
30,45,95,45,50,2,90,20,40,7,45,0.0,0.85,4.0,50,33,6.0,6.43
15,30,105,55,90,2,60,5,18,4,90,0.0,1.05,6.0,50,15,1.5,9.38
60,20,105,75,50,2,60,20,33,7,7,1.0,1.05,6.0,15,15,3.0,0.47
30,20,75,65,50,10,60,20,25,0,21,1.0,1.05,2.0,15,15,6.0,0.0
0,30,60,65,30,25,30,0,25,1,7,1.0,0.85,5.0,33,50,6.0,1.68
15,20,95,65,70,10,60,5,18,0,90,0.0,1.2,5.0,15,50,6.0,0.01
60,45,85,65,90,2,90,5,18,2,21,1.0,1.2,5.0,50,15,1.5,0.0
0,10,75,45,30,2,0,0,40,7,90,1.0,0.85,6.0,33,50,1.5,9.85
5,10,85,45,30,2,30,20,25,0,21,1.0,1.05,4.0,50,33,3.0,0.44
5,10,75,65,50,2,30,20,25,7,45,0.5,1.2,6.0,33,50,3.0,4.39
5,10,75,55,70,25,0,0,18,0,7,0.5,1.2,4.0,33,15,6.0,0.0
15,10,95,75,70,2,30,20,25,2,90,0.0,0.6,2.0,33,33,1.5,0.83
60,20,105,45,90,10,0,5,25,4,7,0.0,0.85,6.0,33,15,6.0,0.88
30,45,95,65,50,10,60,5,40,4,90,0.0,0.85,4.0,33,33,6.0,0.77
5,20,60,55,50,10,0,5,40,0,21,1.0,0.85,6.0,15,33,6.0,0.0
5,45,95,45,50,0,0,0,25,4,21,1.0,0.6,5.0,50,50,1.5,25.09
5,20,105,55,70,25,60,5,33,2,7,1.0,0.85,5.0,15,33,1.5,1.31
60,20,75,65,30,0,60,20,25,4,7,0.0,1.05,5.0,15,50,3.0,0.0
60,20,75,65,70,25,30,20,25,1,7,0.0,0.6,5.0,33,15,1.5,0.13
5,20,105,75,50,0,0,20,18,0,90,1.0,1.2,4.0,15,33,6.0,0.0
15,30,95,75,30,2,30,20,18,0,90,0.5,1.05,4.0,15,15,1.5,0.04
30,45,75,55,90,25,30,20,33,7,45,1.0,0.85,4.0,50,50,3.0,5.77
15,45,85,45,50,25,90,0,18,2,90,1.0,0.85,4.0,50,15,1.5,0.11
30,20,95,65,50,2,60,20,33,4,7,0.5,1.05,5.0,33,50,3.0,0.56
60,45,105,45,90,25,90,5,18,7,90,1.0,1.05,2.0,33,33,3.0,1.02
60,45,75,55,50,10,0,0,18,4,45,1.0,0.6,5.0,50,33,3.0,0.0
30,10,75,65,90,2,30,20,18,1,45,0.5,1.05,6.0,50,15,3.0,0.0
5,20,105,65,30,10,90,5,33,4,7,1.0,0.85,4.0,33,33,3.0,5.99
0,10,85,55,70,10,90,0,33,0,90,1.0,1.2,5.0,50,33,3.0,0.0
15,20,105,75,30,10,30,20,18,7,21,0.0,0.6,2.0,33,50,3.0,3.45
0,45,60,75,90,2,60,20,33,0,90,1.0,0.6,4.0,33,33,6.0,0.0
5,20,105,75,50,0,0,5,25,1,21,1.0,0.6,5.0,33,15,1.5,0.0
30,45,95,75,30,10,60,20,18,1,90,0.0,0.6,6.0,15,33,6.0,0.0
15,10,85,55,70,25,60,5,33,2,45,0.0,0.6,2.0,50,50,3.0,0.09
60,30,85,65,70,10,60,5,25,1,21,0.0,1.2,2.0,33,50,6.0,0.08
60,45,85,55,70,25,0,5,18,4,7,0.0,1.2,4.0,33,15,1.5,0.0
5,30,85,65,70,25,90,0,40,0,45,0.0,1.05,5.0,50,15,6.0,0.0
15,45,75,55,30,25,0,20,25,4,45,0.5,1.2,5.0,33,15,3.0,7.68
5,45,75,55,70,2,30,20,25,1,21,0.5,1.2,5.0,50,33,3.0,0.61
5,45,95,55,90,10,30,20,33,7,45,0.0,1.2,4.0,50,33,6.0,16.89
0,10,85,45,70,10,90,5,40,1,90,0.0,1.2,4.0,33,50,6.0,0.39
60,20,75,45,90,2,30,5,33,1,90,0.0,1.05,4.0,15,33,6.0,0.24
60,30,75,75,90,2,60,0,18,7,45,1.0,0.6,4.0,15,50,3.0,0.0
0,20,85,55,30,2,90,20,33,7,21,1.0,0.85,2.0,33,33,3.0,4.67
60,30,85,75,90,2,30,20,18,0,21,0.0,1.2,2.0,50,33,1.5,0.0
0,10,60,45,50,2,90,0,25,1,7,1.0,1.05,5.0,33,50,3.0,0.66
15,10,95,65,30,10,90,0,25,1,45,0.5,0.6,5.0,15,15,3.0,0.0
60,45,85,65,30,25,90,5,18,2,90,1.0,0.6,2.0,33,33,3.0,0.03
60,45,105,55,30,0,0,20,25,7,90,1.0,0.85,5.0,15,33,1.5,0.0
0,20,60,65,70,0,60,5,33,2,21,0.5,0.85,4.0,33,15,6.0,3.9
0,10,95,45,50,25,60,20,18,0,90,0.0,0.85,5.0,33,33,6.0,1.0
15,30,95,45,30,25,30,0,33,7,45,0.5,0.6,2.0,33,15,3.0,5.72
15,30,95,45,50,25,30,20,25,0,45,0.5,1.2,4.0,15,50,6.0,0.0
60,20,85,55,30,2,0,20,18,7,45,0.5,0.6,6.0,33,50,1.5,0.0
30,30,105,55,90,10,30,20,18,7,90,0.5,1.2,4.0,33,15,6.0,7.89
0,10,85,75,50,10,0,20,18,2,90,1.0,0.6,6.0,15,15,6.0,0.45
60,20,105,55,30,0,90,0,33,1,7,1.0,0.6,2.0,50,50,1.5,0.0
60,45,85,45,50,0,90,20,40,4,45,1.0,1.05,6.0,33,15,6.0,0.0
15,20,75,45,70,0,0,5,40,4,21,1.0,0.85,4.0,33,50,1.5,2.85
5,20,75,75,90,10,60,0,33,2,45,0.0,0.85,4.0,33,50,6.0,2.28
60,45,95,65,50,2,0,5,33,7,21,0.5,1.2,5.0,15,15,1.5,7.49
30,20,75,75,50,0,60,0,25,1,90,1.0,0.6,2.0,33,33,6.0,0.0
5,30,85,45,90,25,90,20,33,2,7,0.5,0.6,4.0,50,33,1.5,0.95
0,20,75,75,50,2,60,5,40,1,45,0.5,0.85,4.0,50,15,6.0,2.62
30,30,85,65,90,10,60,0,18,0,21,0.0,0.85,2.0,33,33,6.0,0.16
60,30,60,55,30,25,0,0,40,4,90,0.0,0.6,2.0,15,33,3.0,0.54
30,10,105,55,50,0,30,5,25,4,45,1.0,1.2,5.0,33,15,6.0,0.0
5,45,95,75,50,2,0,0,25,7,21,0.0,1.05,5.0,15,50,1.5,40.0
0,45,60,75,50,0,90,5,33,1,7,0.0,1.2,2.0,50,50,1.5,6.29
15,30,75,45,90,2,90,20,25,0,45,1.0,1.05,6.0,33,50,1.5,0.29
60,20,60,45,50,10,60,5,18,4,7,1.0,1.05,5.0,33,15,6.0,0.0
0,45,105,55,30,10,30,0,33,7,21,1.0,1.2,4.0,33,50,6.0,40.0
15,10,105,45,50,2,0,5,33,1,90,0.5,1.05,2.0,33,50,1.5,0.02
15,20,75,55,90,2,0,20,18,2,90,0.0,0.6,2.0,50,15,6.0,0.0
0,20,85,75,50,25,30,0,18,2,90,0.5,0.85,4.0,50,15,3.0,1.34
30,45,60,65,70,2,60,0,33,1,45,0.5,1.05,2.0,15,33,3.0,0.17
0,30,75,65,70,10,90,20,33,0,45,0.5,0.85,6.0,15,15,1.5,0.0
30,10,105,75,30,10,0,20,40,2,90,0.5,0.85,5.0,33,50,3.0,0.0
60,10,60,45,50,10,30,20,18,2,21,0.0,0.6,5.0,50,50,3.0,0.17
15,10,75,65,70,0,90,0,33,7,45,0.5,0.85,4.0,50,15,3.0,9.11
5,20,105,75,30,0,0,5,25,7,21,0.0,1.2,5.0,15,33,6.0,24.8
60,45,85,75,90,10,60,20,25,4,21,0.0,0.85,5.0,50,15,1.5,0.0
5,30,95,75,90,0,90,20,25,1,21,0.5,1.05,6.0,15,15,3.0,1.02
15,45,95,75,70,2,90,5,40,7,45,0.0,1.2,4.0,15,15,3.0,40.0
0,10,60,65,50,2,0,20,18,7,21,1.0,1.2,4.0,33,15,6.0,3.7
15,45,75,45,90,0,30,0,40,4,21,1.0,1.2,4.0,33,50,6.0,30.71
30,10,95,75,30,0,0,5,33,2,21,1.0,0.85,4.0,15,15,6.0,0.0
5,20,75,45,90,10,30,0,25,2,7,0.0,0.6,2.0,15,15,1.5,1.53
0,30,60,55,70,2,0,0,18,2,45,0.5,1.2,5.0,50,33,6.0,10.89
30,30,85,65,70,2,0,20,18,7,45,1.0,1.05,5.0,33,50,3.0,6.04
5,30,105,75,30,2,30,20,33,0,90,1.0,0.6,2.0,15,50,6.0,0.0
15,20,95,75,30,0,30,5,25,4,45,0.0,1.05,2.0,50,50,3.0,4.79
5,30,75,65,30,10,0,5,33,1,90,1.0,0.85,2.0,50,33,6.0,0.53
5,30,95,55,90,2,60,5,40,1,7,0.5,0.85,5.0,33,50,6.0,0.99
30,10,105,45,30,25,30,20,33,1,45,1.0,1.2,6.0,33,15,3.0,0.31
30,45,75,55,90,2,60,20,18,7,21,0.5,1.05,5.0,15,50,3.0,9.63
5,30,75,45,30,2,90,20,33,1,7,0.5,0.6,6.0,50,50,3.0,0.55
15,30,105,55,50,25,30,5,40,1,45,0.5,0.6,6.0,33,33,1.5,0.26
15,45,95,45,90,2,30,20,18,0,21,1.0,0.6,2.0,15,15,6.0,0.22
5,10,85,55,30,25,30,5,40,1,45,0.0,1.05,5.0,15,33,6.0,0.0
60,10,75,45,90,25,30,0,40,2,45,0.5,0.85,4.0,33,33,6.0,0.0
0,45,75,55,50,25,60,0,25,7,90,0.0,1.05,5.0,50,33,6.0,12.46
5,45,105,75,50,25,0,20,40,7,90,1.0,0.6,6.0,50,33,6.0,10.95
0,10,105,65,90,25,30,20,40,2,45,1.0,1.2,2.0,33,50,1.5,1.46
30,10,60,55,90,25,30,0,18,0,45,0.5,0.85,2.0,33,33,1.5,0.08
0,20,85,55,90,10,90,5,40,4,90,0.5,1.05,5.0,15,15,6.0,6.26
60,45,95,75,70,10,0,5,18,4,21,0.0,0.6,5.0,33,50,1.5,0.26
0,10,60,75,90,10,60,0,40,0,21,0.5,0.85,5.0,50,15,3.0,0.13
0,45,105,65,50,0,30,5,25,2,90,0.0,1.05,6.0,15,15,1.5,13.63
30,10,75,65,50,2,90,20,40,4,7,0.0,0.85,4.0,15,50,6.0,0.0
30,30,105,55,70,0,90,20,33,7,7,0.5,1.05,5.0,50,15,3.0,5.94
0,30,105,45,30,10,30,0,40,0,21,0.5,1.2,5.0,15,33,1.5,0.39
15,30,105,45,50,10,30,20,40,7,45,1.0,1.2,5.0,15,15,1.5,15.46
60,20,105,55,30,25,90,0,25,7,45,1.0,1.05,2.0,33,15,3.0,0.62
0,45,60,65,30,10,60,20,33,7,21,0.0,0.85,6.0,15,50,3.0,9.34
5,10,75,45,70,0,90,5,40,4,21,1.0,0.6,5.0,50,15,3.0,4.0
60,20,85,55,50,25,0,5,18,4,21,0.0,0.85,5.0,50,15,3.0,0.52
30,20,85,45,90,2,30,5,40,4,7,0.0,1.2,5.0,50,33,1.5,0.0
60,45,95,75,90,25,60,5,25,1,7,1.0,0.85,5.0,33,33,6.0,0.0
0,10,95,55,90,25,30,0,33,0,45,1.0,0.6,2.0,50,15,1.5,0.07
15,10,95,65,50,25,30,20,25,2,7,0.0,0.6,6.0,33,50,6.0,0.0
60,20,95,45,70,25,90,5,40,4,7,0.5,0.85,6.0,33,50,6.0,0.0
30,45,75,45,50,10,90,5,40,4,7,1.0,0.85,5.0,50,15,1.5,0.41
0,20,85,75,30,25,90,5,18,0,90,0.5,0.6,2.0,15,50,1.5,0.0
0,20,105,75,50,2,30,20,18,4,90,1.0,0.6,5.0,33,50,3.0,2.77
5,10,75,75,30,2,30,0,33,4,45,0.0,1.05,4.0,50,50,3.0,5.39
5,45,75,55,50,2,0,5,18,2,7,0.5,1.05,6.0,50,50,1.5,10.25
60,30,60,55,90,10,30,20,40,7,90,0.0,1.05,4.0,15,33,6.0,0.93
30,45,95,45,30,25,90,20,18,7,7,1.0,1.05,6.0,33,15,1.5,12.38
30,10,60,65,50,25,90,5,25,1,7,0.5,1.2,6.0,15,50,6.0,0.34
15,30,85,75,70,10,90,20,25,2,45,0.0,1.2,6.0,15,50,3.0,0.0
60,45,95,45,30,0,60,20,33,2,90,0.5,0.6,4.0,33,33,3.0,0.0
30,10,60,65,90,10,0,5,40,1,45,0.0,0.85,4.0,33,15,6.0,0.0
60,10,95,55,30,10,30,0,18,1,7,0.5,0.6,4.0,33,50,1.5,0.69
5,30,105,75,30,2,90,0,40,1,45,1.0,0.6,2.0,15,33,1.5,0.03
15,10,85,45,30,2,0,20,18,7,7,0.0,1.2,6.0,50,50,1.5,3.07
15,10,95,65,50,2,90,5,33,7,45,0.0,0.6,2.0,15,15,1.5,4.33
5,20,85,45,90,0,60,0,40,4,21,0.0,1.2,5.0,50,15,3.0,14.25
60,45,85,65,50,10,60,20,40,7,90,1.0,1.2,4.0,15,15,6.0,3.14
15,20,105,75,70,2,30,5,33,0,90,0.5,0.85,6.0,33,33,3.0,0.0
5,45,75,45,30,2,90,0,33,7,7,0.0,1.2,2.0,15,33,3.0,40.0
0,45,95,45,50,0,60,5,33,2,45,0.0,0.6,5.0,50,50,6.0,7.01
5,20,85,75,50,0,60,5,40,2,45,0.0,0.6,6.0,15,33,3.0,2.22
30,45,95,45,90,25,90,20,25,7,90,0.0,0.6,4.0,33,15,6.0,2.98
60,10,60,65,70,2,0,5,40,0,45,0.0,1.05,4.0,15,15,3.0,1.06
30,45,95,45,90,10,0,5,33,4,21,0.5,1.2,6.0,15,50,1.5,5.22
0,20,75,45,50,25,60,20,40,7,7,0.5,1.2,6.0,33,33,6.0,6.68
0,20,60,55,90,10,60,0,40,2,21,1.0,1.2,2.0,50,15,1.5,5.65
60,30,85,65,50,10,0,5,33,0,90,1.0,0.85,5.0,33,50,6.0,0.86
0,45,105,75,90,25,30,20,40,1,90,0.0,1.05,2.0,15,15,6.0,2.51
5,30,75,65,50,10,30,5,18,0,7,1.0,1.2,4.0,15,50,1.5,0.02
60,45,75,55,30,25,90,5,25,4,21,0.5,0.6,2.0,15,15,6.0,0.0
0,10,95,45,70,25,30,0,18,7,21,0.5,1.05,2.0,50,50,1.5,3.67
5,20,85,75,30,10,60,20,18,2,7,0.5,0.85,5.0,33,50,6.0,1.84
15,45,60,45,90,0,30,0,25,7,90,1.0,1.2,2.0,50,50,1.5,40.0
60,20,105,65,90,10,30,20,40,0,21,1.0,0.6,5.0,15,33,1.5,0.0
60,20,95,65,90,0,0,5,33,2,21,0.0,1.2,4.0,15,50,1.5,0.12
5,10,75,45,70,0,0,20,33,0,90,0.0,0.85,2.0,33,33,3.0,0.03
30,20,60,45,30,25,60,5,18,7,7,0.5,1.05,4.0,15,50,6.0,0.04
30,30,95,55,30,10,60,0,25,4,21,0.0,0.6,4.0,33,15,6.0,0.79
30,30,85,55,70,10,0,20,25,4,21,0.0,1.2,4.0,15,33,6.0,0.81
5,30,85,75,50,25,30,5,25,2,21,1.0,0.85,6.0,50,33,3.0,2.09
60,10,95,75,90,25,0,20,40,2,45,0.5,0.85,5.0,33,33,6.0,0.0
30,45,85,55,70,2,30,5,25,7,45,1.0,1.2,6.0,15,15,1.5,40.0
15,30,105,55,90,0,90,20,18,7,90,1.0,0.6,4.0,15,50,6.0,6.12
60,30,105,45,50,0,30,0,40,2,90,0.0,0.85,4.0,33,50,3.0,0.26
30,45,60,45,70,0,60,0,25,7,7,1.0,1.2,6.0,33,33,1.5,40.0
15,20,60,75,90,2,0,5,18,1,21,1.0,1.2,4.0,50,50,1.5,0.5
60,30,75,75,90,10,90,20,40,7,21,0.0,1.05,5.0,15,15,6.0,0.0
5,45,105,65,90,0,0,5,33,1,45,0.0,1.2,2.0,50,33,3.0,5.69
0,45,95,65,50,10,0,20,18,7,7,0.5,0.85,5.0,15,15,3.0,13.23
60,45,105,45,70,25,30,0,40,4,90,1.0,0.6,2.0,50,50,6.0,0.0
0,20,60,65,90,10,60,0,18,0,21,0.0,1.2,6.0,15,15,6.0,0.11
5,20,105,45,90,10,0,5,25,2,21,0.0,1.05,4.0,50,50,1.5,2.28
60,30,60,75,70,10,30,0,33,2,21,0.5,1.2,5.0,15,50,3.0,0.34
0,20,105,65,50,2,30,0,18,7,45,0.0,0.85,2.0,50,33,3.0,21.44
60,45,105,75,30,25,60,5,40,2,7,1.0,0.6,6.0,15,33,1.5,0.0
5,10,60,55,50,2,0,0,18,2,7,1.0,0.85,5.0,50,50,6.0,2.49
30,10,60,65,30,25,30,5,33,2,90,1.0,1.05,2.0,33,33,6.0,0.41
5,30,85,75,70,25,90,5,18,4,21,0.5,1.05,6.0,33,50,6.0,5.65
30,20,75,45,30,25,60,5,33,1,7,1.0,1.05,5.0,15,33,1.5,0.21
30,10,75,45,70,2,90,20,25,4,7,1.0,0.85,4.0,50,50,3.0,0.0
60,20,60,75,70,0,60,5,33,4,7,1.0,1.2,5.0,50,15,3.0,0.35
15,10,60,45,70,10,30,0,33,4,7,1.0,1.2,5.0,15,33,3.0,0.0
15,45,105,65,70,10,30,20,40,4,21,0.0,0.6,6.0,33,50,3.0,4.02
15,20,60,65,30,2,60,0,18,2,90,0.5,0.6,6.0,50,33,1.5,0.0
0,30,95,55,90,2,30,20,25,2,7,0.5,0.6,4.0,33,50,1.5,2.12
30,10,75,75,70,0,30,5,33,0,45,0.0,0.6,6.0,33,50,3.0,0.2
30,20,105,75,90,10,0,5,25,7,45,1.0,0.85,5.0,15,50,3.0,0.98
0,30,95,65,90,0,90,0,40,4,7,0.5,1.2,6.0,15,50,6.0,27.69
5,10,95,45,30,2,0,20,25,7,21,1.0,1.2,4.0,33,33,6.0,4.9
15,45,105,75,30,2,30,0,25,2,45,0.5,1.05,2.0,50,33,1.5,3.23
30,45,105,65,70,10,30,20,18,4,45,0.0,0.85,2.0,50,33,6.0,0.0
5,20,105,75,70,2,60,5,40,1,90,0.0,0.6,6.0,15,50,1.5,0.61
60,45,60,55,50,0,90,5,25,1,45,0.0,1.2,5.0,33,33,1.5,1.13
30,10,85,75,30,0,90,0,18,4,45,0.5,0.85,6.0,50,15,1.5,0.0
5,20,75,45,50,10,90,20,40,4,90,0.5,0.85,6.0,50,50,6.0,2.89
0,30,75,65,70,0,60,20,40,7,7,0.0,0.85,4.0,50,15,1.5,6.37
15,30,85,55,50,0,30,0,33,1,90,0.0,1.05,5.0,15,50,6.0,0.19
15,30,75,75,90,2,60,0,33,4,90,0.5,0.6,5.0,33,50,6.0,3.49
5,20,105,55,50,2,90,5,18,7,90,0.5,0.85,2.0,33,15,6.0,17.37
30,45,95,65,90,25,30,20,18,1,45,0.5,1.2,2.0,50,33,3.0,0.08
30,45,105,65,70,0,0,5,40,7,90,0.0,1.2,4.0,33,33,6.0,40.0
30,10,95,55,90,0,30,20,18,0,90,0.0,1.2,6.0,50,50,1.5,0.0
0,30,95,65,90,0,30,0,40,1,45,0.5,0.6,5.0,50,15,6.0,3.87
5,10,95,75,90,2,90,0,18,7,21,0.5,1.2,5.0,15,33,1.5,15.41
60,45,60,45,70,10,0,5,33,7,7,0.5,1.2,5.0,33,33,3.0,3.55
30,45,95,65,30,10,60,5,18,7,7,1.0,0.6,6.0,50,50,3.0,7.15
15,10,95,65,50,0,0,5,18,0,45,0.5,0.85,5.0,33,50,3.0,0.13
0,45,105,65,30,10,0,20,40,4,7,0.5,1.05,6.0,15,15,6.0,10.81
5,45,85,55,90,2,0,20,40,4,45,0.0,0.85,4.0,15,33,6.0,6.55
15,10,85,55,30,10,60,5,40,7,7,0.5,1.2,5.0,33,15,1.5,6.11
60,45,75,45,90,25,90,20,33,1,7,0.5,0.6,2.0,50,15,1.5,0.22
60,30,95,65,90,25,30,0,18,7,7,1.0,1.2,4.0,33,15,1.5,0.0
0,45,75,75,90,0,60,5,18,7,90,0.5,1.2,2.0,33,15,6.0,40.0
60,45,75,45,70,2,90,20,18,2,7,0.5,0.6,2.0,50,50,6.0,0.34
5,45,85,55,70,25,60,20,40,7,7,0.5,0.85,4.0,50,50,3.0,11.8
60,10,85,75,50,10,0,5,40,0,90,1.0,1.05,6.0,33,50,1.5,0.93
60,30,95,55,70,2,0,5,25,0,21,0.5,0.6,4.0,50,50,1.5,0.0
5,10,95,75,50,25,90,5,33,0,7,0.0,0.6,4.0,50,15,6.0,0.75
15,30,105,55,30,25,30,0,18,7,21,1.0,1.2,2.0,50,50,6.0,15.08
5,45,95,65,30,25,60,0,33,2,45,0.5,0.6,6.0,33,50,6.0,1.97
30,45,95,75,30,2,30,20,25,7,45,1.0,0.6,5.0,15,15,1.5,4.68
60,45,105,55,70,10,0,20,25,1,7,1.0,0.85,6.0,33,50,3.0,0.28
15,20,75,75,90,2,90,20,33,1,90,1.0,1.2,2.0,33,33,6.0,0.02
5,45,60,55,90,2,90,0,18,4,21,1.0,0.85,2.0,33,33,6.0,25.47
30,30,95,75,50,2,60,20,40,1,90,0.0,1.05,5.0,50,15,6.0,0.49
5,10,75,45,30,2,60,20,25,2,21,0.0,1.05,5.0,33,50,1.5,1.06
5,30,85,75,90,25,30,5,33,4,45,0.5,0.6,5.0,50,15,6.0,3.06
15,30,75,65,50,10,90,5,33,1,21,0.0,0.85,5.0,50,15,3.0,1.04
5,20,60,65,70,2,90,20,25,4,21,0.5,1.05,5.0,50,50,1.5,2.53
15,20,60,65,70,25,60,5,40,4,90,0.0,0.85,5.0,33,15,1.5,0.45
0,30,75,55,30,10,60,20,18,1,90,0.0,0.6,6.0,50,50,3.0,0.25
15,10,85,75,50,25,0,5,33,7,45,0.0,1.2,6.0,33,33,3.0,2.87
5,20,105,55,50,10,90,20,25,0,7,0.5,0.85,6.0,33,50,3.0,0.04
60,20,105,65,50,10,90,0,25,4,45,0.0,0.6,2.0,15,15,1.5,0.0
60,30,60,45,90,25,30,5,33,7,90,0.5,0.85,4.0,15,15,1.5,0.0
15,20,75,55,70,25,60,20,33,1,90,0.5,0.6,4.0,50,33,6.0,0.76
60,10,95,55,30,2,30,5,33,0,45,1.0,1.05,5.0,15,15,1.5,0.0
0,30,75,65,90,25,30,5,18,0,90,0.5,0.6,4.0,33,50,3.0,0.75
30,10,105,45,30,0,30,20,18,7,90,0.5,0.85,6.0,50,33,1.5,0.63
0,45,75,55,70,25,90,0,25,7,7,1.0,0.6,2.0,15,15,3.0,8.19
0,45,60,45,50,25,30,0,25,2,90,1.0,0.85,2.0,50,15,1.5,3.32
30,10,95,45,70,25,0,5,40,0,45,1.0,0.6,5.0,50,15,1.5,0.0
0,10,60,75,50,10,60,20,25,0,7,0.5,0.85,2.0,15,50,6.0,0.0
60,30,60,65,90,2,90,5,18,7,21,1.0,0.6,4.0,15,15,6.0,0.0
30,10,105,45,30,25,90,5,40,2,7,1.0,1.05,6.0,15,33,3.0,0.44
60,10,60,45,70,2,60,5,33,7,45,0.0,0.85,6.0,50,33,1.5,0.0
30,30,85,65,30,10,30,0,25,1,45,0.5,0.85,6.0,33,33,6.0,0.32
0,45,95,65,70,10,90,5,18,2,90,1.0,0.6,6.0,33,15,6.0,4.4
0,20,105,75,70,0,30,0,33,7,45,1.0,0.6,6.0,33,33,6.0,20.69
60,45,75,45,90,0,90,20,25,1,45,0.0,1.2,2.0,50,33,6.0,0.0
30,10,85,45,70,10,0,5,40,7,7,0.0,0.85,5.0,15,33,3.0,0.0
60,10,85,65,30,2,0,20,18,2,7,1.0,0.6,2.0,50,33,6.0,0.5
5,20,95,55,70,10,0,20,33,0,21,0.0,1.2,4.0,15,33,1.5,0.0
60,20,105,75,50,2,60,5,33,4,90,0.5,1.05,6.0,50,15,1.5,0.0
5,45,75,75,70,0,0,0,33,7,7,0.5,1.05,5.0,15,33,3.0,40.0
0,10,95,55,50,0,90,0,25,0,90,1.0,0.85,6.0,33,33,6.0,0.0
0,30,75,65,30,10,30,20,18,1,7,0.5,1.05,6.0,50,33,6.0,0.9
0,30,85,45,90,2,90,5,18,2,45,0.5,0.85,5.0,33,50,1.5,7.06
0,20,60,55,70,2,0,0,33,4,21,0.0,0.85,4.0,50,15,1.5,8.41
5,30,75,65,30,0,90,0,40,0,90,1.0,1.05,5.0,50,33,3.0,0.0
60,45,75,65,90,10,30,0,18,0,90,0.5,1.2,6.0,15,15,3.0,0.2
0,45,85,55,50,0,0,5,33,0,45,0.0,0.85,2.0,33,50,6.0,0.49
60,45,60,65,90,2,0,5,25,1,90,1.0,0.85,2.0,15,50,1.5,0.81
30,10,95,65,30,25,90,20,18,1,45,1.0,1.2,6.0,15,15,1.5,0.0
60,45,105,55,30,2,0,20,40,0,90,0.5,1.05,4.0,33,15,6.0,0.54
30,20,105,65,70,25,90,20,25,4,90,1.0,1.05,2.0,15,33,3.0,0.0
60,10,85,55,50,2,60,5,40,2,90,1.0,1.05,6.0,33,50,3.0,0.33
5,10,75,65,70,10,0,0,25,4,7,1.0,0.85,5.0,15,15,3.0,3.52
0,45,105,75,70,2,90,20,40,4,7,0.5,0.6,6.0,50,33,6.0,6.69
0,30,105,65,30,0,0,20,18,7,45,1.0,0.85,5.0,50,15,3.0,10.46
15,10,85,45,90,10,30,0,18,4,45,1.0,1.05,4.0,15,33,3.0,0.09
30,30,105,45,90,25,90,5,33,0,7,0.5,0.85,2.0,15,15,6.0,0.13
5,30,105,65,90,2,30,20,33,7,90,0.0,0.85,2.0,33,33,6.0,8.19
15,45,105,45,70,25,60,0,33,1,7,0.5,0.85,2.0,33,33,3.0,0.13
30,45,95,45,90,10,30,0,18,4,7,1.0,1.2,6.0,50,50,6.0,8.51
15,10,95,45,50,0,30,5,40,1,21,1.0,0.6,2.0,33,50,3.0,0.0
5,10,60,55,30,2,60,20,40,2,21,0.0,1.2,5.0,50,50,1.5,0.41
0,30,75,65,30,0,0,5,18,4,45,0.5,0.6,2.0,50,15,3.0,9.84
30,20,95,75,50,2,60,0,33,1,45,1.0,0.6,5.0,33,15,6.0,0.73
60,10,85,55,30,0,60,20,18,4,21,1.0,1.2,5.0,33,33,6.0,0.0
15,10,105,75,70,25,0,5,18,1,45,0.5,1.05,2.0,33,15,1.5,0.0
15,45,85,75,90,0,30,0,18,4,21,0.5,1.2,6.0,15,50,3.0,30.47
60,20,85,45,50,25,0,20,25,2,45,0.5,0.85,2.0,33,15,1.5,0.27
5,45,85,75,50,25,30,20,25,2,7,0.5,0.85,2.0,33,15,3.0,3.24
30,30,95,65,90,25,90,0,40,0,21,0.0,0.85,5.0,15,15,1.5,0.13
15,20,95,55,50,25,60,0,25,4,45,0.0,0.85,4.0,33,33,6.0,0.52
15,20,60,75,90,10,0,0,25,1,45,0.5,0.85,6.0,33,50,6.0,0.82
5,20,95,75,50,10,90,20,33,0,45,1.0,0.85,4.0,33,15,3.0,0.0
60,30,85,45,50,0,30,20,33,1,90,0.5,0.6,2.0,15,33,6.0,0.0
60,30,85,75,90,10,0,0,40,2,7,0.0,0.6,2.0,15,50,1.5,0.0
60,30,60,65,50,10,30,20,18,7,21,0.0,0.6,6.0,50,15,6.0,1.1
30,10,105,75,70,10,90,0,33,4,21,0.5,0.85,4.0,15,15,6.0,0.28
5,10,95,55,50,25,0,5,18,1,21,0.0,1.2,5.0,50,15,6.0,0.18
5,45,95,45,30,10,0,20,18,7,21,0.0,1.05,5.0,15,15,1.5,13.64
5,20,60,55,50,2,30,5,40,1,21,0.5,1.05,4.0,33,15,1.5,0.01
30,30,75,65,30,10,60,5,25,7,21,0.0,0.85,6.0,33,15,3.0,3.56
30,20,105,45,70,25,0,5,25,2,45,0.0,1.05,6.0,33,50,1.5,0.28
15,45,105,75,90,25,0,0,40,2,7,0.0,1.05,4.0,50,50,6.0,0.84
30,45,85,55,90,25,90,0,18,4,21,1.0,1.2,4.0,33,33,3.0,3.01
60,20,105,45,50,0,30,0,40,0,90,1.0,0.85,6.0,33,33,6.0,0.0
5,20,75,55,70,10,60,5,25,7,90,1.0,0.85,4.0,33,33,6.0,9.3
60,45,75,55,30,2,60,0,33,7,45,0.5,1.2,6.0,50,50,3.0,8.81
60,30,95,45,90,25,60,20,40,7,45,1.0,1.05,6.0,33,50,6.0,0.0
0,10,105,45,70,10,0,20,40,2,7,0.0,0.85,5.0,50,33,6.0,2.17
5,45,85,45,70,10,60,0,33,7,45,0.5,0.85,4.0,50,15,3.0,29.84
15,45,60,65,50,25,90,0,40,7,90,0.5,0.6,6.0,33,33,6.0,7.4
5,10,85,45,50,10,90,20,33,4,7,0.5,0.6,4.0,15,33,3.0,1.59
5,10,75,65,30,0,60,0,40,1,90,0.0,1.2,4.0,50,33,6.0,0.21
30,10,85,55,90,2,60,5,40,2,45,1.0,0.6,2.0,15,50,1.5,0.0
30,20,60,45,90,25,60,0,40,0,90,0.5,1.05,4.0,33,33,6.0,0.12
15,10,95,45,50,25,30,5,40,0,21,0.0,0.85,6.0,33,33,1.5,0.0
0,10,85,75,90,10,0,20,25,7,45,1.0,0.85,2.0,33,15,3.0,2.2
15,20,105,45,90,2,0,0,40,2,90,1.0,1.2,6.0,15,33,1.5,0.03
5,30,75,55,30,10,90,5,25,7,21,0.5,0.85,2.0,50,33,1.5,11.16
60,20,95,45,90,2,60,20,33,4,90,0.5,1.05,2.0,50,15,6.0,0.0
60,20,95,65,90,2,90,0,33,2,21,1.0,0.6,6.0,33,33,1.5,0.0
15,20,85,65,70,25,90,20,18,0,90,0.5,0.6,6.0,15,15,1.5,0.16
5,10,75,55,30,2,90,0,33,4,45,0.0,0.85,6.0,15,33,3.0,4.84
15,20,60,65,50,2,30,0,18,0,90,1.0,1.2,5.0,15,33,3.0,0.39
60,30,85,45,50,10,90,5,18,0,7,0.5,1.2,4.0,15,33,1.5,0.0
30,45,60,45,70,2,30,20,18,2,45,0.5,0.85,5.0,50,33,1.5,0.84
0,10,95,55,30,25,90,0,33,4,90,1.0,0.85,6.0,33,15,1.5,2.44
5,30,95,65,90,2,30,20,33,4,7,0.0,0.85,5.0,33,15,6.0,3.86
5,20,105,65,90,2,90,20,40,0,90,1.0,0.85,6.0,50,15,6.0,0.42
30,20,75,55,30,25,90,20,33,0,90,1.0,0.85,6.0,50,33,3.0,0.0
0,20,85,65,90,25,60,0,25,7,90,0.5,0.85,4.0,50,50,3.0,5.12
60,45,60,45,30,2,60,5,25,7,90,1.0,1.2,6.0,15,33,3.0,6.84
60,45,75,55,90,25,60,5,18,2,45,0.5,0.6,4.0,33,50,3.0,0.0
0,20,95,55,70,10,60,5,33,4,21,1.0,1.2,2.0,50,15,6.0,8.03
60,10,75,45,30,10,60,0,25,7,21,1.0,1.05,6.0,50,50,6.0,0.37
30,30,60,65,50,10,90,0,18,7,7,0.0,0.6,2.0,15,50,6.0,1.31
30,30,60,55,90,0,0,20,18,0,21,0.0,0.85,2.0,33,50,6.0,0.0
5,30,85,75,70,25,30,0,40,7,90,0.5,0.6,6.0,33,15,6.0,5.15
60,45,75,65,70,10,60,5,40,0,90,0.0,1.2,2.0,33,33,1.5,0.45
30,10,75,75,30,0,0,5,40,1,7,0.5,1.2,4.0,15,33,3.0,0.0
5,20,60,65,50,2,60,0,33,1,21,0.0,0.6,2.0,15,50,3.0,0.0
15,20,105,45,30,0,0,0,25,7,45,0.0,0.6,6.0,15,15,3.0,14.69
30,45,105,65,50,25,0,20,25,4,7,0.5,1.05,4.0,15,50,1.5,1.84
60,10,105,75,30,10,0,20,18,4,7,1.0,0.6,2.0,33,50,1.5,0.73
30,10,95,65,70,2,60,5,25,0,90,1.0,0.85,2.0,33,33,3.0,0.0
0,30,95,65,50,0,30,5,33,4,45,0.0,1.05,5.0,15,50,3.0,17.88
60,20,85,55,30,0,60,0,33,7,45,0.0,0.85,2.0,15,50,3.0,1.02
60,10,95,75,50,2,60,5,18,2,90,0.0,0.85,4.0,33,50,6.0,0.72
15,30,105,55,30,10,0,5,40,2,45,0.0,1.05,6.0,15,33,6.0,0.0
5,30,105,75,90,10,0,0,40,7,90,0.5,1.2,2.0,15,33,3.0,32.25
5,45,60,45,70,0,60,5,18,0,45,0.0,1.2,6.0,33,33,6.0,0.27
30,10,75,55,70,25,90,5,25,4,7,1.0,0.6,2.0,50,33,1.5,0.04
5,30,75,75,90,2,0,5,18,0,21,1.0,0.6,6.0,50,50,6.0,0.0
60,45,105,45,50,2,30,0,18,4,45,1.0,1.05,6.0,33,50,1.5,0.4
0,30,105,45,50,0,90,0,33,4,7,0.0,0.6,5.0,50,33,1.5,12.51
15,30,60,45,30,2,90,20,25,0,21,0.0,0.6,5.0,15,50,3.0,0.01
15,45,105,45,30,25,90,5,25,1,90,0.0,0.6,5.0,15,33,1.5,0.0
60,20,75,65,70,2,60,0,33,1,45,0.0,0.6,4.0,33,15,6.0,0.0
30,10,95,75,70,10,30,0,18,1,7,1.0,1.2,4.0,33,33,3.0,0.04
0,10,105,65,50,2,60,0,25,0,45,0.0,0.85,2.0,50,15,3.0,0.28
15,10,85,75,50,25,90,0,33,2,90,1.0,0.85,5.0,33,50,3.0,0.0
5,45,95,65,50,10,0,20,18,4,90,0.0,1.2,6.0,33,15,3.0,9.6
30,45,75,65,70,25,60,5,18,2,21,1.0,1.2,6.0,15,50,3.0,0.58
0,30,105,65,30,0,60,0,33,7,90,1.0,1.2,4.0,33,50,6.0,40.0
30,10,105,45,50,10,30,20,18,4,90,0.5,1.05,2.0,50,15,6.0,0.0
0,10,105,55,50,10,90,0,40,7,90,0.0,1.2,6.0,50,50,6.0,8.73
0,10,105,75,50,2,30,0,33,1,7,0.0,0.85,5.0,15,33,1.5,1.37
15,30,85,65,30,25,30,0,18,0,21,0.5,1.2,6.0,33,50,6.0,0.0
5,20,85,55,30,0,30,5,25,1,45,1.0,1.2,5.0,33,33,6.0,0.67
60,45,95,75,30,2,90,5,33,0,45,1.0,0.85,5.0,50,15,1.5,0.61
60,10,60,65,30,0,30,5,40,1,7,0.5,1.2,6.0,15,15,1.5,0.24
0,10,60,75,70,10,0,20,25,2,90,0.5,0.85,2.0,15,15,1.5,0.63
0,20,60,65,90,2,90,0,40,0,21,0.5,1.05,5.0,33,15,6.0,0.0
15,10,75,55,50,2,90,5,33,0,7,0.0,1.2,2.0,50,50,3.0,0.0
15,10,85,65,90,10,90,0,33,1,45,0.0,0.85,2.0,15,33,6.0,0.56
15,10,85,55,70,2,90,5,40,7,45,1.0,1.2,6.0,50,33,3.0,11.35
30,10,60,75,70,10,90,0,33,0,21,0.0,1.05,5.0,15,33,6.0,0.0
5,30,85,75,90,2,60,5,18,1,21,0.0,1.05,6.0,15,33,3.0,0.06
60,30,75,55,70,25,60,5,40,2,7,0.5,1.05,6.0,33,33,3.0,0.0
15,30,75,45,50,25,90,20,25,1,90,0.0,1.2,5.0,50,15,6.0,0.17
15,10,85,45,90,0,90,5,40,1,21,0.0,0.85,6.0,15,15,6.0,0.54
0,30,75,45,30,2,90,20,25,2,7,0.0,1.2,4.0,33,50,3.0,2.07
5,20,85,55,50,2,90,5,33,2,21,1.0,0.6,4.0,33,50,1.5,2.92
30,30,105,45,90,2,0,0,40,0,7,1.0,0.85,5.0,50,15,1.5,0.0
0,20,95,45,70,25,60,20,33,7,90,0.5,1.05,4.0,50,15,1.5,7.39
60,20,60,55,90,2,60,5,25,1,7,0.0,0.85,5.0,50,50,3.0,0.27
15,10,75,65,30,10,60,20,40,0,7,0.0,0.6,6.0,50,15,1.5,0.53
60,10,60,45,70,2,0,20,25,7,90,1.0,0.6,6.0,15,15,1.5,0.21
30,10,85,55,30,25,30,0,33,0,21,0.5,0.85,5.0,50,15,1.5,0.48
30,10,60,65,50,2,30,0,25,7,45,0.0,1.05,4.0,33,33,3.0,0.0
60,20,85,55,50,10,30,5,33,4,45,1.0,1.05,6.0,33,15,3.0,0.59
60,20,105,75,30,25,60,0,25,7,7,0.5,0.6,4.0,33,15,3.0,0.0
5,30,75,45,90,25,30,0,25,7,45,1.0,1.2,2.0,50,15,6.0,12.13
30,20,75,75,70,0,60,0,40,4,45,0.0,1.05,2.0,33,33,3.0,0.0
15,30,105,55,50,10,0,20,40,1,7,1.0,1.05,2.0,33,33,6.0,0.0
5,30,95,75,70,2,60,5,25,4,45,1.0,0.85,6.0,50,33,3.0,16.61
5,10,95,75,30,10,90,5,18,2,90,0.0,1.2,4.0,50,50,3.0,1.08
0,10,60,75,90,25,60,20,33,2,7,0.5,1.2,2.0,15,15,6.0,0.9
30,20,75,65,90,10,0,20,18,2,21,1.0,0.6,5.0,50,15,3.0,0.0
30,30,60,55,50,10,0,0,18,4,7,1.0,0.85,2.0,50,50,6.0,0.0
5,20,85,55,90,25,30,20,33,4,7,1.0,1.2,4.0,50,50,3.0,5.24
15,30,95,75,70,25,0,0,18,0,45,0.0,0.6,2.0,33,50,6.0,0.01
15,10,85,75,30,0,30,5,25,0,7,1.0,1.05,5.0,15,15,6.0,0.6
15,30,105,45,70,10,0,0,40,4,45,1.0,1.05,2.0,15,33,3.0,11.11
5,30,75,45,70,0,30,5,33,0,21,1.0,1.2,5.0,15,15,6.0,1.54
60,20,105,75,70,10,90,20,18,4,90,0.5,1.05,4.0,15,33,3.0,0.2
0,20,95,75,50,25,30,0,33,7,7,0.5,1.2,5.0,33,33,6.0,8.82
15,10,60,75,90,0,90,0,33,4,45,0.0,0.85,2.0,50,50,1.5,0.0
0,45,60,75,30,0,30,20,18,1,21,0.5,0.85,5.0,15,50,6.0,1.79
30,10,105,55,30,2,90,0,18,7,21,0.0,1.05,2.0,15,33,6.0,0.29
60,20,60,55,50,10,0,20,18,0,7,1.0,0.85,4.0,33,50,6.0,0.0
0,45,75,55,70,10,30,20,33,1,7,0.0,1.05,5.0,50,50,6.0,1.82
60,20,60,45,50,0,60,0,40,0,21,0.5,1.05,2.0,50,50,3.0,0.0
15,10,85,55,30,25,60,5,33,0,45,1.0,1.05,5.0,50,33,3.0,0.0
15,45,85,45,90,2,30,0,25,2,7,1.0,0.6,6.0,15,50,6.0,0.28
15,30,105,55,70,25,60,0,18,2,7,1.0,0.6,2.0,15,33,1.5,0.07
5,20,105,75,30,2,0,0,25,0,90,1.0,0.6,6.0,33,33,1.5,0.71
60,30,105,45,30,0,90,5,33,0,7,0.5,0.6,6.0,15,50,1.5,1.24
60,30,95,75,90,2,0,20,40,7,21,0.5,1.05,4.0,33,50,1.5,0.0
30,45,85,45,50,25,0,0,18,7,21,0.0,1.05,2.0,15,33,1.5,8.43
60,30,85,75,70,2,60,20,25,4,45,0.0,0.85,5.0,15,15,3.0,0.0
0,45,75,55,70,2,60,5,18,0,21,0.5,0.85,5.0,50,50,1.5,0.0
60,30,105,45,70,0,0,0,18,7,21,1.0,0.85,2.0,15,33,1.5,0.31
15,45,60,45,90,10,60,0,25,7,45,0.0,0.85,6.0,15,15,3.0,21.97
0,45,75,45,30,10,0,0,18,0,45,1.0,0.6,5.0,33,33,6.0,0.0
60,30,105,75,70,0,90,20,40,0,45,1.0,0.6,5.0,15,50,1.5,0.21
5,20,85,45,30,25,90,0,25,0,21,1.0,0.85,4.0,33,15,3.0,0.0
0,45,105,65,70,2,60,20,40,2,45,1.0,1.05,4.0,15,15,3.0,5.76
15,10,95,65,90,0,60,5,33,0,7,0.0,1.05,2.0,15,15,3.0,0.0
0,30,95,55,90,2,0,5,25,0,45,0.5,1.2,6.0,15,33,3.0,0.0
5,30,85,45,50,25,60,20,25,0,7,0.5,1.05,5.0,15,50,6.0,0.97
30,45,75,65,50,10,90,0,18,2,21,0.5,0.6,2.0,15,50,3.0,0.0
15,20,105,45,90,25,0,5,40,1,90,0.5,0.85,2.0,33,33,6.0,0.0
60,45,105,75,90,25,0,5,40,4,7,0.5,1.2,2.0,15,50,1.5,0.35
0,10,75,65,50,0,0,0,18,7,21,1.0,1.05,4.0,15,33,1.5,14.32
30,30,105,65,90,0,30,20,18,4,21,1.0,0.85,6.0,33,50,6.0,0.0
60,45,60,65,90,10,90,5,33,2,21,1.0,0.85,5.0,15,50,1.5,0.48
5,45,95,45,50,2,90,0,33,2,90,1.0,1.2,6.0,15,50,6.0,20.94
5,30,95,55,90,10,90,20,40,1,45,1.0,0.6,5.0,33,15,3.0,0.0
5,30,105,55,50,0,30,5,18,1,90,0.0,1.2,4.0,50,33,3.0,3.23
30,10,75,45,90,10,0,0,25,7,7,0.5,0.85,4.0,50,15,6.0,0.54
0,30,60,65,90,10,0,5,18,1,21,0.5,1.05,4.0,50,50,1.5,2.09
15,45,85,75,70,10,60,20,25,2,90,0.5,0.85,4.0,33,33,1.5,0.0
0,30,75,55,70,10,30,0,25,7,45,0.0,1.05,6.0,50,33,6.0,19.51
5,30,60,55,70,10,30,0,40,4,45,1.0,0.6,4.0,15,50,1.5,7.56
60,45,95,75,50,0,90,0,33,4,45,0.5,1.05,4.0,33,33,3.0,0.0
0,45,60,45,70,25,30,5,33,1,45,0.5,0.6,5.0,50,33,3.0,1.09
15,20,105,45,30,10,0,0,40,2,90,1.0,1.2,6.0,15,50,6.0,0.32
15,20,75,45,50,2,0,20,33,1,21,0.0,0.6,5.0,15,33,3.0,0.38
15,20,75,65,50,0,60,5,33,4,45,1.0,0.6,6.0,33,50,6.0,0.0
30,20,85,55,30,10,30,5,40,0,21,0.5,0.6,2.0,33,33,1.5,0.89
15,30,85,45,50,0,60,20,25,0,45,1.0,1.05,4.0,33,15,6.0,0.42
30,30,105,45,70,0,0,5,33,4,45,0.0,0.85,5.0,50,15,3.0,0.08
30,30,95,45,90,25,0,20,25,0,21,0.5,1.2,5.0,15,50,1.5,0.0
5,30,85,55,30,10,90,0,25,0,45,1.0,1.2,5.0,33,33,6.0,0.07
30,30,60,55,50,25,60,5,18,7,45,1.0,1.2,4.0,15,15,6.0,7.31
15,20,105,75,90,25,60,5,40,4,21,1.0,0.6,5.0,50,50,6.0,0.0
15,10,95,45,70,25,90,20,33,0,7,0.5,1.2,5.0,15,33,1.5,0.86
15,10,105,55,90,25,0,5,40,7,45,0.5,1.2,5.0,15,15,1.5,4.25
15,20,95,45,30,25,30,0,25,7,7,0.0,1.05,5.0,15,33,3.0,6.26
15,30,105,45,70,10,0,20,40,4,45,0.0,1.05,2.0,15,15,6.0,4.13
30,10,75,45,90,2,60,20,25,1,21,0.5,1.2,4.0,33,15,3.0,0.17
0,20,105,75,90,10,0,20,40,0,45,0.5,1.05,2.0,33,15,1.5,0.0
60,30,85,75,70,10,90,0,40,1,45,1.0,1.05,4.0,50,50,6.0,0.11
0,30,85,45,70,0,30,0,40,4,21,1.0,1.2,6.0,15,15,6.0,28.62
30,10,95,45,70,0,30,0,25,4,21,0.0,0.85,5.0,50,15,6.0,0.04
60,20,95,75,30,2,0,20,33,0,45,0.5,0.85,5.0,15,15,1.5,0.0
60,20,95,55,30,10,60,0,18,1,45,1.0,1.2,2.0,33,33,3.0,0.07
15,30,85,55,30,0,60,20,18,7,45,0.5,0.6,5.0,50,15,1.5,5.07
60,30,60,75,70,0,60,0,25,2,45,0.0,0.6,6.0,15,33,1.5,0.89
5,20,85,75,70,25,60,20,33,2,7,0.5,0.85,5.0,33,50,3.0,1.53
60,10,75,55,70,0,90,0,25,4,90,1.0,0.85,6.0,15,15,6.0,0.4
0,20,105,45,70,10,0,20,40,0,90,1.0,0.85,5.0,50,50,6.0,0.0
0,30,105,65,70,0,0,0,40,2,90,0.5,1.05,6.0,50,15,6.0,13.09
30,30,85,65,30,0,0,20,18,4,21,0.5,0.6,2.0,33,50,1.5,0.21
15,30,75,45,70,25,30,20,18,7,7,1.0,0.6,6.0,15,33,1.5,5.6
60,10,60,55,50,2,90,20,18,7,7,0.0,0.6,5.0,50,50,1.5,0.08
30,45,75,65,90,25,0,20,33,7,45,0.5,1.2,4.0,15,50,6.0,11.61
60,30,60,55,90,10,30,20,33,7,90,0.5,0.85,4.0,50,33,3.0,0.0
30,45,105,65,50,2,90,5,25,7,45,0.5,1.05,2.0,33,33,6.0,33.84
0,20,105,65,70,2,0,0,25,2,90,0.0,1.05,2.0,15,15,3.0,7.69
60,10,85,65,70,0,0,0,33,2,90,0.5,0.85,6.0,50,33,1.5,0.3
15,45,95,75,50,2,0,5,25,1,21,0.5,1.05,6.0,15,33,3.0,0.0
15,20,105,45,90,25,60,5,25,0,45,1.0,1.05,2.0,33,50,3.0,0.0
30,45,85,65,30,10,0,20,40,7,45,1.0,1.05,4.0,15,33,3.0,10.61
5,30,75,75,30,25,60,5,33,1,45,1.0,1.2,6.0,15,33,3.0,0.21
0,20,105,65,70,0,30,0,25,7,7,0.0,0.6,4.0,50,50,6.0,15.55
30,20,60,65,90,2,60,0,33,4,45,1.0,0.85,2.0,33,50,3.0,0.94
0,10,95,75,70,25,90,5,25,4,90,0.0,1.2,6.0,15,33,6.0,2.01
60,30,75,45,50,2,30,20,33,7,45,0.0,0.85,5.0,15,33,6.0,0.0
60,30,95,65,30,0,0,5,40,7,7,0.0,0.6,2.0,15,15,3.0,1.02
30,10,85,65,50,2,90,0,18,4,90,0.5,1.05,6.0,33,15,1.5,0.06
0,10,95,45,50,25,30,20,25,2,45,1.0,1.2,4.0,15,50,6.0,1.68
30,45,60,75,90,10,0,0,33,7,21,1.0,0.6,4.0,15,33,6.0,8.98
60,20,105,55,90,25,60,0,25,1,45,0.5,1.05,5.0,15,50,3.0,0.21
0,20,95,65,70,0,0,5,40,2,45,1.0,0.85,5.0,33,15,3.0,6.0
0,10,60,45,90,0,30,20,18,1,45,1.0,1.05,5.0,15,33,1.5,0.34
15,20,85,65,50,25,30,0,33,4,7,1.0,1.05,2.0,50,15,3.0,2.03
30,30,75,65,50,2,0,5,40,4,90,0.0,1.05,5.0,15,15,3.0,0.0
60,20,75,55,50,0,60,0,25,2,7,0.0,1.05,6.0,50,50,1.5,0.71
15,20,95,65,30,25,90,20,18,7,90,0.5,1.2,5.0,50,33,3.0,7.4
15,20,85,55,50,10,90,20,18,1,7,1.0,0.85,4.0,50,33,1.5,0.17
5,20,85,75,50,25,30,20,25,1,45,1.0,0.6,2.0,50,15,1.5,0.15
30,10,105,75,90,0,30,0,18,2,21,1.0,1.2,2.0,50,15,6.0,0.0
15,20,75,75,90,10,30,0,25,7,45,0.5,1.05,4.0,15,15,3.0,13.78
5,10,95,75,70,10,60,5,18,4,45,0.0,0.6,6.0,50,33,6.0,1.63
15,45,85,55,70,25,60,20,25,4,45,1.0,0.85,6.0,33,50,1.5,5.19
0,45,75,45,30,25,30,0,25,4,45,0.0,1.05,4.0,50,15,1.5,6.96
60,45,85,55,70,2,30,0,33,4,45,1.0,0.85,5.0,33,50,3.0,0.0
0,10,105,75,70,25,90,20,40,7,90,1.0,1.2,2.0,50,33,1.5,4.54
5,30,85,55,90,25,30,20,25,0,90,1.0,1.2,2.0,33,33,1.5,0.0
5,10,105,75,90,10,0,5,25,0,21,0.0,1.05,2.0,33,33,1.5,0.94
5,10,85,75,30,25,0,5,18,2,7,0.0,1.05,2.0,50,15,6.0,1.29
30,10,85,45,30,0,30,0,25,7,21,0.0,0.6,2.0,33,33,3.0,0.0
15,10,105,75,50,2,90,0,25,2,21,1.0,0.85,4.0,33,15,3.0,0.2
30,20,75,75,90,0,60,0,33,2,45,0.0,1.05,2.0,50,33,3.0,0.0
5,20,75,75,30,10,30,5,40,7,45,0.0,1.05,5.0,50,33,6.0,7.44
5,10,85,45,70,10,90,0,40,2,21,0.0,0.85,4.0,33,33,3.0,0.96
15,30,95,45,50,0,60,20,33,1,7,0.0,0.85,4.0,33,50,3.0,0.02
30,10,60,45,30,0,60,20,33,2,90,1.0,0.85,6.0,33,15,3.0,0.0
5,45,75,55,50,25,0,20,18,7,90,0.0,1.05,2.0,15,33,3.0,12.66
0,30,75,45,50,10,0,0,18,2,7,1.0,0.6,5.0,50,50,1.5,4.2
30,10,60,45,30,10,60,0,25,1,45,1.0,0.6,6.0,33,15,1.5,0.12
15,45,75,55,50,0,0,20,25,4,21,1.0,1.2,2.0,15,33,1.5,8.38
5,10,60,45,50,25,0,0,33,0,90,0.5,1.2,5.0,33,50,6.0,0.0
30,10,75,75,30,0,0,5,40,2,90,0.0,1.05,2.0,50,15,3.0,1.2
60,30,60,75,30,10,60,5,40,0,7,1.0,0.6,2.0,50,33,3.0,0.89
15,10,75,55,30,25,90,20,25,4,7,0.5,1.2,5.0,50,15,6.0,0.03
30,45,105,65,90,2,30,5,40,1,7,0.0,1.05,5.0,33,50,6.0,0.72
0,20,85,55,70,2,0,0,33,2,21,0.0,0.85,2.0,15,33,1.5,5.09
15,45,75,55,30,0,90,5,25,7,21,0.5,0.85,5.0,33,15,1.5,33.08
5,10,60,55,50,25,90,0,33,1,7,0.5,1.2,6.0,50,33,1.5,0.85
60,30,85,55,50,0,60,20,40,7,45,1.0,1.05,5.0,33,15,6.0,0.0
30,20,60,65,30,25,30,20,18,7,7,1.0,0.85,4.0,50,15,3.0,0.0
30,45,95,75,90,25,0,5,18,1,90,1.0,1.2,4.0,50,50,1.5,0.0
15,45,75,65,70,2,30,0,18,7,45,0.5,1.2,5.0,33,33,6.0,40.0
5,20,95,65,30,10,60,20,18,7,90,0.5,1.2,2.0,33,50,6.0,8.32
0,45,75,55,30,10,0,5,18,2,21,0.5,1.05,2.0,15,33,1.5,6.67
60,20,60,45,70,2,0,20,25,2,90,0.5,1.05,2.0,50,15,3.0,0.99
30,30,60,75,30,10,0,5,18,2,90,0.5,1.2,4.0,15,15,6.0,0.0
60,30,75,65,90,0,30,5,40,2,7,0.0,1.2,6.0,15,33,3.0,0.36
60,30,60,55,30,0,60,20,33,1,21,0.5,0.6,5.0,50,15,3.0,0.0
30,20,95,75,90,2,60,20,33,4,45,0.5,0.85,5.0,50,33,3.0,0.0
60,20,85,75,70,10,0,0,33,1,90,0.0,0.6,4.0,15,33,1.5,0.0
5,45,60,45,30,2,0,5,25,7,7,0.0,0.6,5.0,15,50,6.0,19.51
0,45,75,75,90,2,0,5,40,7,7,0.5,1.05,2.0,15,15,6.0,39.37
5,45,60,55,70,2,0,20,40,1,90,0.0,0.6,4.0,33,33,6.0,1.21
30,10,95,65,30,10,30,20,25,2,21,0.0,1.05,5.0,50,33,6.0,0.31
0,30,60,45,30,25,60,20,18,0,90,0.5,1.05,4.0,33,33,6.0,0.7
15,45,95,65,30,2,90,0,18,1,7,0.0,0.85,2.0,15,33,6.0,0.98
5,30,95,55,90,0,30,20,25,2,90,0.0,1.05,5.0,15,50,3.0,2.48
60,45,105,55,70,0,30,20,33,0,7,0.5,1.2,6.0,33,15,3.0,0.15
60,45,95,75,90,0,90,20,18,1,90,0.5,1.05,2.0,15,15,3.0,0.5
5,30,105,55,70,0,90,5,18,0,7,0.0,1.2,6.0,33,33,3.0,0.0
60,30,105,65,90,25,30,20,33,1,21,0.0,1.2,6.0,33,33,3.0,0.0
60,10,95,45,30,25,60,5,40,0,7,0.0,1.05,6.0,15,50,3.0,0.0
30,10,85,45,30,10,90,0,33,7,45,1.0,1.2,6.0,50,33,1.5,0.0
5,45,105,65,50,0,60,20,18,0,7,0.0,0.85,6.0,33,33,1.5,0.0
30,10,75,75,70,10,60,20,25,1,90,0.5,1.2,5.0,15,15,3.0,0.19
30,10,75,65,70,10,90,20,25,1,7,1.0,0.85,2.0,50,50,6.0,0.63
15,45,60,55,70,0,30,5,25,1,7,1.0,1.05,6.0,15,33,1.5,0.0
15,10,85,65,70,25,60,0,18,0,21,1.0,0.6,2.0,33,15,6.0,0.0
30,30,75,65,70,0,30,5,33,2,21,0.0,1.2,2.0,33,50,1.5,0.0
30,30,95,45,70,25,60,20,40,2,90,0.0,0.85,6.0,33,15,6.0,0.45
15,45,60,55,90,10,0,5,40,0,7,0.0,1.2,4.0,33,33,6.0,0.23
60,10,85,75,70,2,60,5,18,7,21,0.5,0.6,2.0,15,50,1.5,0.63
60,30,85,65,30,25,30,5,40,1,7,1.0,0.85,4.0,33,15,3.0,0.2
30,20,60,45,90,10,60,20,40,0,21,1.0,1.2,6.0,15,33,1.5,0.0
60,45,75,45,90,25,60,20,40,0,45,0.0,1.2,6.0,50,50,6.0,0.06
0,10,105,75,90,0,0,0,18,1,21,0.0,0.85,5.0,50,15,1.5,1.3
0,10,105,45,50,0,0,20,33,2,7,0.5,1.2,4.0,33,50,6.0,1.63
15,30,60,75,70,2,60,5,40,4,7,1.0,1.05,2.0,33,50,3.0,10.53
15,10,75,65,90,0,90,0,25,2,7,0.0,0.85,5.0,15,50,6.0,0.0
30,20,95,75,70,0,0,20,33,0,21,0.0,0.6,6.0,50,50,1.5,0.08
15,20,95,75,90,25,90,5,25,7,7,0.5,0.6,2.0,33,50,1.5,3.87
15,10,60,75,50,25,60,5,25,1,7,0.5,1.2,2.0,50,50,1.5,0.0
60,20,85,65,30,10,90,5,25,4,45,0.0,1.2,5.0,33,50,1.5,0.81
15,10,60,75,30,2,0,5,40,0,45,0.5,0.6,5.0,33,15,1.5,0.74
0,20,95,45,50,2,90,5,40,2,21,1.0,1.2,5.0,15,15,3.0,7.37
15,30,60,45,70,2,90,5,33,2,90,1.0,0.6,4.0,33,50,3.0,0.0
15,30,60,55,90,0,30,0,18,7,45,0.5,0.85,4.0,33,15,6.0,28.87
15,10,95,45,90,2,0,5,25,7,7,1.0,1.05,2.0,33,50,3.0,11.3
5,30,75,45,30,10,90,20,25,1,45,1.0,0.85,2.0,50,15,3.0,1.13
60,30,75,75,70,10,90,0,40,1,90,0.0,1.2,2.0,50,33,6.0,0.67
30,30,75,65,30,2,30,20,18,7,90,0.0,0.85,6.0,50,50,1.5,2.46
60,30,105,65,50,10,30,5,33,7,90,1.0,0.85,6.0,33,50,1.5,0.11
0,30,105,55,50,25,0,5,40,4,45,0.5,1.2,6.0,50,33,3.0,8.14
60,30,95,75,90,25,30,5,18,2,21,1.0,0.6,6.0,15,50,3.0,0.0
5,20,75,75,50,10,60,5,18,2,45,1.0,1.05,4.0,50,33,6.0,1.92
0,10,60,75,90,10,90,20,18,4,21,0.5,0.6,6.0,50,50,3.0,1.17
30,30,60,45,50,0,90,5,33,7,7,0.5,0.85,2.0,50,33,6.0,8.39
15,10,95,55,70,25,90,0,18,7,90,1.0,0.6,4.0,33,15,3.0,1.71
60,20,105,55,30,25,0,0,33,7,21,0.5,0.85,6.0,50,50,6.0,0.7
0,10,105,55,30,0,0,5,33,1,90,0.0,1.05,4.0,15,33,3.0,1.43
5,45,75,75,70,10,30,0,25,4,45,0.5,1.2,5.0,50,50,1.5,21.21
30,20,95,75,90,2,0,20,25,1,90,0.0,0.85,2.0,33,33,1.5,0.0
15,30,60,75,50,2,0,5,18,4,90,0.0,1.2,5.0,50,33,3.0,9.72
5,20,60,45,30,10,0,20,40,1,7,1.0,0.6,6.0,33,33,6.0,0.0
30,10,85,65,90,25,90,0,33,7,90,0.5,1.05,6.0,50,15,1.5,0.0
5,10,75,45,70,2,90,0,33,4,90,0.5,0.6,4.0,15,15,3.0,2.93
5,20,75,45,50,2,90,20,18,7,7,0.0,1.2,2.0,15,33,3.0,6.26
15,10,95,75,50,2,60,5,25,4,45,0.0,1.05,6.0,50,50,3.0,0.0
5,10,85,45,70,2,90,20,40,4,90,0.5,1.05,6.0,33,15,3.0,1.18
0,10,105,55,30,2,90,5,18,0,90,1.0,0.85,4.0,33,50,3.0,0.5
15,10,75,45,50,2,30,5,40,2,21,1.0,1.05,4.0,50,33,1.5,0.0
30,45,85,75,70,25,60,20,33,4,7,1.0,0.6,6.0,33,33,3.0,0.06
0,30,75,65,70,25,60,0,40,0,90,1.0,1.05,5.0,15,50,3.0,0.6
30,10,95,65,70,2,30,20,25,4,90,0.5,0.85,6.0,50,33,1.5,0.69
30,45,75,45,50,25,90,0,33,0,45,0.5,0.6,5.0,50,15,6.0,0.0
30,45,95,75,50,10,30,20,25,1,21,0.0,0.85,5.0,33,15,3.0,0.0
0,10,105,45,50,0,90,0,33,2,45,0.0,1.2,4.0,15,50,6.0,4.11
0,10,60,55,70,2,90,5,33,0,21,1.0,1.2,4.0,33,50,6.0,0.59
15,45,60,65,90,2,90,0,18,1,45,1.0,1.05,4.0,50,50,3.0,0.28
0,45,85,45,30,25,90,0,40,1,21,1.0,0.85,4.0,50,50,3.0,1.37
0,10,75,45,50,2,90,5,33,1,90,1.0,0.85,2.0,33,33,3.0,0.34
5,45,95,75,30,10,0,20,18,0,21,0.5,1.05,4.0,33,50,3.0,0.45
30,10,85,55,50,25,60,5,18,0,45,1.0,1.2,5.0,33,50,3.0,0.25
15,20,60,75,90,25,0,0,33,7,45,0.5,0.85,5.0,50,33,3.0,5.08
60,45,60,75,70,2,30,20,25,2,21,1.0,0.6,2.0,15,50,1.5,0.63
30,20,105,55,50,25,90,5,40,1,7,0.0,1.05,2.0,15,33,3.0,0.0
60,30,60,55,90,25,30,0,33,0,90,0.5,0.6,6.0,33,15,1.5,0.37
60,20,95,75,70,25,30,0,18,1,45,1.0,1.05,6.0,33,15,1.5,0.35
30,45,105,45,90,25,0,5,18,1,21,0.5,0.85,2.0,33,50,1.5,0.0
5,30,85,75,70,0,90,5,25,0,7,0.5,0.6,4.0,15,15,6.0,0.0
5,45,75,45,30,0,30,20,18,7,90,0.0,1.2,6.0,15,50,1.5,13.44
5,10,105,45,50,2,90,5,40,2,45,0.5,0.85,4.0,33,50,1.5,1.52
60,45,75,65,90,2,0,20,33,1,7,1.0,1.05,6.0,50,33,6.0,0.0
60,20,105,75,50,2,0,0,33,2,90,1.0,0.85,5.0,50,50,3.0,0.05
15,30,105,65,90,0,90,20,18,2,7,1.0,0.6,4.0,50,15,1.5,0.0
60,10,105,45,70,0,90,20,25,7,45,1.0,0.85,2.0,50,15,1.5,0.94
0,30,95,55,90,25,30,0,40,0,45,0.0,1.2,2.0,50,50,3.0,0.22
5,20,75,45,50,2,60,5,33,0,7,0.0,1.2,4.0,50,33,6.0,0.0
0,10,85,45,50,25,90,5,18,1,7,0.5,1.2,2.0,15,15,6.0,0.69
15,20,85,75,50,0,60,5,40,0,21,0.5,0.6,6.0,50,15,6.0,0.0
60,30,85,45,70,25,90,5,25,1,7,1.0,0.85,5.0,15,50,6.0,0.0
60,30,95,65,70,25,0,0,40,7,90,0.5,0.85,6.0,50,15,1.5,0.0
30,20,60,45,70,2,0,5,40,1,90,1.0,0.85,2.0,15,15,3.0,0.0
5,20,95,65,90,25,90,5,18,1,7,0.0,1.05,2.0,33,50,3.0,0.26
15,45,95,45,70,2,90,20,18,4,7,0.5,0.6,4.0,15,33,3.0,3.55
15,30,85,75,50,25,60,0,25,7,90,0.5,1.2,6.0,50,50,1.5,10.89
15,10,85,75,70,2,0,5,25,2,90,0.0,0.6,2.0,15,33,1.5,0.5
5,10,75,55,30,0,90,0,40,4,21,0.5,1.05,2.0,33,33,6.0,7.94
60,30,60,75,90,2,30,5,40,1,21,1.0,0.6,4.0,15,15,3.0,0.19
5,45,85,55,90,2,60,0,40,0,90,0.5,1.2,6.0,15,33,3.0,0.1
15,45,105,65,30,10,90,0,18,7,90,1.0,0.6,6.0,33,15,6.0,26.75
30,45,75,55,50,2,90,0,25,1,45,0.0,1.05,4.0,50,15,6.0,0.0
15,30,75,55,70,0,90,0,25,7,21,0.0,1.2,4.0,50,33,6.0,34.58
60,20,95,45,90,10,0,20,25,0,21,0.5,0.6,2.0,33,15,6.0,0.67
0,45,85,55,90,10,60,20,18,4,21,1.0,1.05,5.0,15,33,1.5,9.03
15,10,85,45,30,10,60,5,33,4,90,0.0,0.6,4.0,50,50,1.5,0.0
60,10,95,65,70,10,60,20,40,1,21,0.5,0.85,5.0,15,33,1.5,0.65
15,20,95,45,30,10,90,0,33,0,90,0.5,0.6,4.0,50,33,1.5,0.21
30,20,85,55,90,2,30,0,33,1,7,0.0,0.6,5.0,33,33,3.0,0.38
60,30,85,55,90,0,90,0,18,7,7,1.0,1.05,4.0,15,15,3.0,0.09
15,30,95,45,70,2,30,20,33,2,45,0.0,1.2,6.0,33,33,3.0,0.23
30,10,95,65,30,10,30,20,18,0,7,1.0,0.6,6.0,15,15,6.0,0.25
15,45,75,75,50,25,30,0,33,7,7,0.5,1.05,5.0,15,33,3.0,13.12
30,30,85,75,30,2,90,20,18,2,7,0.5,0.6,5.0,33,15,1.5,0.0
15,10,85,75,50,10,30,20,33,4,90,0.0,0.85,6.0,15,15,6.0,0.03
60,20,105,75,30,25,0,0,33,4,90,0.5,1.05,4.0,33,33,6.0,0.21
0,20,105,65,90,10,60,0,33,7,90,0.5,1.2,6.0,50,15,3.0,20.49
0,30,75,75,50,2,0,20,18,4,21,0.5,1.2,4.0,50,33,1.5,6.26
30,30,95,45,50,25,90,0,40,2,7,0.5,0.85,4.0,15,50,3.0,0.15
0,45,85,45,30,25,30,20,25,4,21,0.0,0.85,2.0,50,15,1.5,6.09
60,45,60,55,30,10,30,0,40,2,90,1.0,0.85,4.0,50,33,1.5,0.01
30,30,75,45,50,10,0,20,40,2,90,0.0,0.85,6.0,33,15,1.5,1.31
30,30,60,45,90,10,60,5,33,7,7,0.5,1.2,6.0,50,33,1.5,9.4
60,10,85,75,70,2,60,0,40,1,45,1.0,0.6,5.0,15,33,1.5,0.56
30,45,95,75,30,2,0,0,18,4,7,0.0,1.05,6.0,33,33,1.5,5.52
0,30,75,55,70,25,30,0,40,7,21,1.0,0.6,5.0,50,33,3.0,5.54
5,30,105,55,70,2,0,0,25,2,7,1.0,0.85,6.0,50,15,1.5,9.26
15,30,75,65,70,10,0,0,25,1,90,0.5,1.05,6.0,15,50,6.0,0.0
30,30,105,75,70,2,0,0,33,2,21,0.5,0.85,6.0,33,15,3.0,0.13
15,10,60,45,50,0,90,20,33,7,90,0.0,1.05,2.0,50,50,3.0,3.07
60,45,75,45,90,0,0,5,33,7,90,0.0,0.85,2.0,33,50,1.5,0.0
15,45,75,55,70,0,0,5,33,1,45,0.0,1.05,6.0,33,50,1.5,0.0
15,20,60,55,50,25,90,5,25,1,7,0.5,1.05,4.0,15,50,6.0,0.0
15,30,95,45,30,10,30,20,25,4,45,1.0,0.6,4.0,15,15,6.0,0.64
5,30,95,65,90,0,0,5,40,0,45,0.0,0.6,5.0,50,50,3.0,0.0
60,45,85,75,30,10,90,20,33,4,21,1.0,1.2,4.0,15,50,1.5,0.52
0,45,95,55,90,0,30,20,40,1,90,1.0,1.2,4.0,33,15,1.5,3.56
0,30,60,65,30,25,0,20,33,0,90,0.5,1.2,5.0,50,15,6.0,0.0
0,20,95,75,70,2,30,20,40,0,21,1.0,0.6,2.0,33,50,6.0,0.0
5,20,95,75,90,0,30,20,18,4,45,1.0,1.2,2.0,50,15,1.5,5.54
0,30,75,75,30,0,90,20,33,0,21,1.0,1.2,4.0,50,15,1.5,0.15
15,20,60,65,70,2,0,0,40,1,21,0.0,1.2,5.0,50,33,6.0,0.0
30,30,95,65,50,2,90,0,33,1,7,0.5,0.85,5.0,50,33,6.0,0.0
0,10,85,75,30,2,90,0,25,7,7,0.5,0.85,6.0,15,33,1.5,9.35
0,20,85,55,30,25,60,20,33,4,90,0.0,0.85,5.0,15,33,6.0,2.89
0,45,75,75,70,25,0,0,40,2,7,1.0,1.2,5.0,50,50,6.0,5.89
15,30,75,45,30,10,90,0,40,2,21,0.5,0.6,6.0,15,50,1.5,0.43
60,20,105,65,30,10,0,20,40,4,7,0.0,0.6,6.0,33,15,3.0,0.0
5,10,85,45,70,10,30,0,33,0,21,0.0,0.85,6.0,15,33,3.0,0.0
5,20,95,65,90,10,30,5,33,1,7,0.5,1.05,5.0,15,33,3.0,0.21
60,20,75,65,30,10,90,20,18,4,21,1.0,1.05,6.0,15,15,3.0,0.36
5,30,60,45,30,10,0,0,33,0,7,1.0,0.85,2.0,50,33,3.0,0.24
15,20,75,55,70,10,90,20,40,0,21,1.0,0.6,6.0,50,15,6.0,0.02
15,45,60,65,50,10,90,0,33,2,7,1.0,0.85,6.0,33,33,1.5,0.18
0,10,105,75,50,10,60,20,33,2,21,0.0,0.85,4.0,15,33,3.0,0.0
30,20,60,65,70,0,60,5,40,7,45,0.5,1.2,5.0,33,15,3.0,7.06
5,20,95,45,30,25,90,5,40,2,45,1.0,0.85,2.0,15,15,6.0,1.22
0,20,75,65,50,2,30,5,33,2,7,1.0,0.6,6.0,33,50,6.0,2.84
30,10,105,45,90,10,90,5,18,1,7,0.0,0.6,4.0,33,33,1.5,0.0
5,10,75,65,30,25,60,5,25,0,45,1.0,1.2,6.0,15,50,1.5,0.0
0,20,75,45,70,25,0,5,18,7,45,1.0,0.85,4.0,33,15,3.0,4.48
0,20,75,75,50,25,60,5,40,7,21,1.0,0.85,5.0,33,15,1.5,5.9
5,30,60,65,50,2,0,20,25,4,45,1.0,0.85,6.0,33,33,1.5,5.13
60,20,95,55,30,0,0,5,25,7,7,0.5,1.2,4.0,50,15,1.5,0.07
5,20,105,55,30,0,0,0,25,7,90,0.5,1.2,4.0,50,50,3.0,35.68
30,30,95,65,90,0,30,20,18,4,21,0.0,1.2,2.0,15,15,6.0,0.11
30,10,95,45,90,10,30,0,25,1,7,0.5,0.6,4.0,33,50,6.0,0.0
30,10,60,45,50,10,30,5,18,4,7,0.0,0.85,6.0,15,50,3.0,0.0
5,30,85,75,70,0,60,5,25,1,7,0.0,1.05,4.0,50,33,1.5,0.93
5,20,60,75,90,2,90,5,25,2,90,0.5,1.2,5.0,33,33,1.5,5.56
15,30,85,45,50,0,30,5,25,7,21,0.5,1.05,6.0,15,15,6.0,31.84
30,10,60,65,30,2,30,5,40,4,7,0.0,0.85,5.0,50,33,6.0,0.1
5,20,60,75,90,10,0,5,25,0,90,0.0,1.2,6.0,50,50,3.0,0.07
0,30,75,45,90,10,60,5,40,4,45,0.5,1.05,2.0,50,50,3.0,9.01
0,45,75,45,70,25,90,0,40,1,90,1.0,1.05,5.0,50,50,1.5,2.04
0,30,60,75,70,25,0,0,25,4,7,0.5,0.85,6.0,50,33,1.5,4.65
15,30,105,65,30,0,30,5,18,4,7,0.5,1.05,2.0,15,15,1.5,13.49
0,10,75,55,90,0,30,5,40,1,7,0.0,0.85,5.0,33,15,6.0,1.3
60,30,60,45,70,10,0,0,18,4,45,1.0,1.2,2.0,15,15,3.0,0.12
0,10,75,55,50,2,90,0,25,1,7,1.0,0.6,5.0,33,33,6.0,1.28
60,45,75,45,30,10,90,20,40,0,90,1.0,0.6,6.0,15,33,3.0,0.0
60,20,60,65,70,25,90,20,33,4,45,0.0,0.85,6.0,15,50,3.0,0.0
30,10,75,65,90,0,90,5,18,1,90,1.0,1.2,6.0,33,33,6.0,0.0
15,45,75,75,90,2,90,5,18,0,90,1.0,1.2,4.0,50,15,1.5,0.0
5,20,85,45,50,10,90,0,40,1,7,1.0,1.2,4.0,33,15,1.5,0.39
0,10,105,75,50,25,90,5,25,2,45,0.0,1.05,6.0,33,50,1.5,0.33
0,45,75,75,50,0,60,5,40,2,21,1.0,1.2,4.0,15,33,6.0,16.12
30,20,75,65,90,10,60,0,40,1,21,0.0,0.6,4.0,15,33,1.5,0.45
0,20,105,65,90,2,60,0,33,7,45,0.0,1.2,5.0,15,15,3.0,28.72
5,45,60,55,50,0,30,5,18,1,90,0.0,1.2,4.0,50,50,1.5,3.84
5,30,105,45,50,0,0,20,33,2,7,0.0,1.05,4.0,33,15,1.5,2.01
60,10,60,65,30,0,0,20,18,7,90,0.5,1.05,6.0,50,33,1.5,0.45
5,10,105,75,30,0,0,20,40,0,90,1.0,0.85,4.0,15,50,3.0,0.15
15,30,95,75,70,25,90,5,33,0,90,0.0,1.05,5.0,33,15,6.0,0.0
5,45,85,45,90,25,90,5,33,2,7,0.0,1.2,2.0,50,15,1.5,4.38
60,30,60,55,50,2,0,20,25,7,90,1.0,1.2,6.0,15,50,6.0,0.0
0,30,95,45,50,2,30,20,18,7,21,0.5,1.05,2.0,50,33,6.0,10.6
0,45,85,55,70,0,30,20,25,4,90,0.5,0.85,2.0,33,33,6.0,7.11
15,20,95,65,70,2,0,20,40,2,45,0.0,0.85,6.0,15,50,1.5,0.0
0,45,60,65,50,10,60,0,18,0,45,1.0,1.2,2.0,33,50,1.5,0.0
60,10,75,55,30,0,90,0,33,2,7,0.5,0.85,5.0,15,50,6.0,0.0
0,10,85,75,90,10,60,0,25,4,7,1.0,1.05,6.0,50,33,1.5,5.2
15,10,60,55,70,0,60,20,40,2,7,0.0,0.85,5.0,50,50,1.5,0.42
0,20,75,45,70,25,30,20,40,2,21,1.0,1.05,4.0,50,33,6.0,2.9
5,10,75,45,70,0,0,20,40,0,90,1.0,0.6,6.0,33,50,6.0,0.0
15,30,60,75,50,2,30,5,25,2,7,0.0,1.2,2.0,33,33,6.0,0.0
30,20,105,65,50,25,30,20,18,4,7,1.0,1.05,4.0,33,50,3.0,0.41
5,10,85,65,90,0,60,5,18,1,45,1.0,1.05,6.0,50,50,3.0,0.02
15,10,95,55,70,2,60,0,25,2,45,0.5,0.85,5.0,50,33,6.0,0.09
30,45,60,55,90,0,0,0,33,1,21,1.0,0.85,5.0,33,15,3.0,0.46
30,45,85,45,90,25,90,0,18,1,7,0.5,0.85,2.0,15,33,1.5,0.0
15,30,75,45,90,25,0,20,40,4,7,0.0,0.6,5.0,15,50,6.0,0.77
60,20,95,75,90,25,90,0,40,0,45,1.0,1.05,4.0,50,33,1.5,0.0
0,20,85,65,70,10,30,5,40,7,90,0.0,1.05,2.0,33,33,1.5,9.24
15,20,105,45,50,0,30,20,33,7,90,0.0,1.05,4.0,15,15,6.0,6.71
0,30,95,45,30,25,60,5,40,1,21,1.0,1.05,5.0,50,50,6.0,1.75
30,10,95,65,50,10,90,20,40,7,21,1.0,1.05,2.0,15,15,1.5,0.83
15,20,105,65,90,10,30,5,25,2,45,1.0,1.2,2.0,15,33,3.0,0.0
15,10,60,45,50,0,0,5,25,2,7,1.0,0.85,5.0,33,15,6.0,0.61
60,10,95,75,90,2,30,5,25,1,7,0.5,1.05,5.0,50,15,1.5,0.02
0,20,85,45,50,2,30,5,18,4,7,0.0,0.85,2.0,15,15,3.0,7.79
5,45,105,55,30,25,90,0,25,2,7,1.0,0.6,2.0,33,33,6.0,2.82
15,10,85,55,50,10,30,20,18,1,7,0.0,1.05,4.0,50,33,1.5,0.0
0,45,95,55,30,10,0,0,40,7,45,1.0,0.6,4.0,50,15,1.5,24.42
60,45,85,65,50,10,60,0,40,1,45,0.0,0.6,5.0,50,33,3.0,0.09
5,20,60,45,30,2,0,5,18,2,45,1.0,1.05,4.0,33,33,6.0,4.18
0,10,75,75,50,25,90,5,33,0,90,0.5,1.05,2.0,33,50,1.5,0.0
60,10,105,75,30,0,30,20,18,2,7,1.0,0.6,6.0,15,50,3.0,0.31
15,10,75,75,50,2,30,0,33,1,21,0.0,0.85,4.0,15,50,6.0,0.57
30,10,60,55,90,2,0,0,25,2,21,0.0,1.2,5.0,50,15,3.0,0.0
5,20,105,55,90,0,0,5,40,1,45,0.0,1.2,4.0,33,15,1.5,0.17
30,20,85,75,50,0,90,5,25,1,90,0.5,1.05,6.0,15,33,1.5,0.0
60,20,85,75,90,0,30,0,33,0,45,0.5,1.2,5.0,33,33,6.0,0.0
15,20,95,75,50,0,60,5,40,0,21,1.0,0.6,2.0,33,33,3.0,0.06
60,20,95,75,30,25,0,0,25,4,21,0.5,0.85,2.0,15,33,6.0,0.0
30,30,75,55,90,2,0,5,33,1,45,1.0,1.05,4.0,33,15,6.0,0.61
5,10,75,55,70,0,90,5,25,0,45,1.0,0.85,5.0,15,15,3.0,0.0
15,45,60,45,90,25,60,20,25,2,21,0.0,1.2,5.0,33,50,6.0,0.74
15,30,85,55,30,10,30,20,40,4,7,1.0,0.85,2.0,15,50,3.0,2.16
30,20,85,75,70,2,30,20,25,2,90,1.0,1.05,5.0,33,33,3.0,0.43
0,30,105,75,30,10,0,5,18,4,90,1.0,0.85,5.0,50,33,6.0,9.9
5,20,75,45,50,0,60,20,18,2,90,1.0,1.05,2.0,50,50,6.0,1.62
15,20,85,75,70,25,90,20,40,7,21,0.5,1.2,4.0,33,33,6.0,7.3
5,10,85,45,30,25,0,5,40,1,90,0.0,0.85,4.0,50,33,3.0,0.63
60,20,85,55,50,25,30,0,40,4,90,0.5,0.6,6.0,15,50,6.0,0.0
30,20,75,65,70,10,0,5,18,7,45,0.5,1.2,4.0,15,50,1.5,3.84
30,30,75,65,30,10,90,5,18,4,7,0.0,1.2,5.0,33,15,6.0,0.47
30,20,85,55,30,0,30,0,33,1,90,1.0,1.05,6.0,33,33,6.0,0.0
0,30,60,45,90,25,90,5,33,1,7,0.0,0.85,5.0,50,50,6.0,1.37
15,10,60,65,50,2,90,5,33,0,45,0.0,0.6,6.0,33,15,3.0,0.35
15,30,95,65,90,25,60,20,40,4,45,0.0,0.85,4.0,50,50,3.0,2.34
5,20,95,55,30,0,30,20,25,7,21,1.0,0.6,5.0,15,33,6.0,4.29
30,45,60,75,50,2,60,5,40,2,45,1.0,0.85,2.0,50,33,6.0,0.0
15,20,95,55,90,0,60,0,40,1,21,0.0,0.85,2.0,33,50,3.0,0.55
5,30,75,75,50,0,60,20,40,1,21,1.0,1.05,2.0,50,50,1.5,0.0
0,45,85,75,90,25,0,20,25,2,21,1.0,1.2,4.0,33,50,1.5,5.29
60,30,75,55,50,25,0,0,33,1,21,1.0,1.05,6.0,50,15,3.0,0.0
60,10,105,45,50,0,60,20,33,0,45,1.0,0.85,6.0,50,50,6.0,0.08
0,45,105,45,70,25,30,20,18,2,7,0.0,1.05,5.0,33,15,3.0,4.42
5,45,85,65,90,0,90,5,25,4,21,0.0,1.05,5.0,50,15,6.0,23.13
5,10,105,65,90,25,60,5,18,1,90,0.5,1.05,6.0,50,50,1.5,0.28
5,20,105,45,30,25,60,5,25,7,90,1.0,0.6,2.0,15,33,1.5,4.45
60,20,85,75,90,25,90,0,18,4,7,1.0,1.2,5.0,50,15,3.0,0.36
5,45,95,75,30,10,0,5,18,0,90,0.0,0.85,5.0,15,15,3.0,0.39
60,20,85,45,50,0,60,20,33,0,45,0.5,1.2,5.0,33,15,3.0,0.0
30,10,95,55,90,25,0,0,25,2,21,0.0,1.05,2.0,15,33,6.0,0.02
30,10,105,65,30,25,30,5,18,2,45,1.0,0.85,2.0,33,15,1.5,0.27
0,20,60,45,50,2,60,20,40,1,45,0.5,1.2,6.0,50,33,3.0,1.25
5,30,85,45,50,10,30,0,18,0,90,1.0,1.2,4.0,33,33,3.0,0.65
15,10,105,45,30,10,30,20,40,2,21,0.5,1.05,2.0,50,50,6.0,0.0
0,30,75,45,30,0,60,20,33,7,7,0.0,1.2,5.0,33,33,3.0,9.34
15,45,95,75,50,2,0,20,18,1,45,0.5,0.85,6.0,15,15,3.0,0.0
30,30,60,65,90,10,90,0,40,1,45,1.0,0.6,2.0,33,50,1.5,0.22
60,10,60,75,70,10,60,5,40,4,21,0.5,1.05,6.0,15,50,1.5,0.27
0,30,95,75,50,25,90,20,33,2,21,1.0,1.2,2.0,33,33,6.0,4.22
30,20,60,75,90,10,90,20,18,7,7,1.0,0.85,5.0,15,50,6.0,0.63
60,45,95,55,90,0,60,0,40,7,45,0.0,1.2,2.0,33,33,6.0,9.77
5,45,75,65,90,0,0,5,25,7,21,0.5,0.6,2.0,33,33,1.5,25.3
0,20,60,65,30,2,90,5,25,4,7,1.0,0.85,6.0,33,15,3.0,9.47
0,45,105,55,30,25,30,0,18,2,7,0.5,1.2,4.0,33,33,1.5,6.31
5,10,60,55,90,0,30,5,18,7,21,1.0,1.2,2.0,50,50,3.0,12.52
5,30,105,75,30,2,60,20,18,7,21,1.0,1.2,5.0,50,33,6.0,15.89
60,30,85,55,50,10,90,5,33,0,7,1.0,1.2,5.0,33,50,1.5,0.41
15,20,75,55,70,25,0,20,18,2,90,0.5,0.6,6.0,50,15,6.0,0.09
15,30,85,45,90,10,0,20,25,4,7,1.0,0.6,5.0,15,33,6.0,1.36
60,10,85,75,30,0,90,20,33,4,21,0.5,0.6,5.0,33,33,6.0,0.0
30,45,75,45,90,25,90,20,18,7,7,0.0,0.6,6.0,15,15,1.5,2.59
5,45,105,55,70,2,30,20,18,7,90,0.5,0.6,2.0,33,50,6.0,9.35
60,30,85,55,30,0,0,0,18,1,90,0.5,1.05,2.0,33,33,1.5,0.07
60,20,105,75,90,2,0,20,40,7,90,1.0,0.6,2.0,15,15,1.5,0.41
15,20,60,45,90,2,90,0,25,4,21,0.5,0.6,4.0,50,33,1.5,0.0
5,45,75,65,90,2,60,20,33,7,7,0.5,1.05,4.0,15,15,1.5,13.37
15,30,60,55,50,10,0,0,40,7,90,0.0,0.85,5.0,33,50,1.5,14.44
15,45,85,45,70,0,60,5,33,2,21,0.5,1.2,2.0,50,15,3.0,3.39
5,20,60,75,90,10,60,5,25,0,21,0.5,0.6,4.0,33,15,3.0,0.18
15,10,75,55,70,25,30,5,40,0,7,0.0,1.2,2.0,15,33,6.0,0.0
15,10,105,75,90,0,60,20,40,1,7,0.5,1.2,2.0,15,15,3.0,0.0
30,30,95,65,50,0,60,20,25,0,7,0.5,0.6,2.0,15,33,3.0,0.0
5,45,95,55,50,25,60,20,33,2,7,1.0,0.85,4.0,50,33,3.0,3.86
60,30,105,75,30,2,60,5,40,2,45,1.0,1.05,6.0,50,15,6.0,0.28
5,45,95,55,30,10,90,20,18,2,21,0.5,1.2,6.0,15,50,1.5,5.8
5,45,105,45,90,0,30,0,40,7,7,0.0,0.6,2.0,50,33,6.0,34.73
15,45,75,45,30,25,0,20,25,0,7,0.0,0.85,4.0,33,15,1.5,0.37
15,30,105,75,30,0,30,0,33,7,45,1.0,0.85,6.0,50,15,6.0,40.0
60,45,95,75,90,10,90,5,18,7,45,0.5,0.6,4.0,33,15,6.0,0.0
60,20,95,45,30,0,0,0,40,2,21,0.5,1.2,5.0,33,33,1.5,0.0
30,10,95,55,50,2,90,5,40,2,90,0.0,1.05,5.0,15,33,6.0,0.0
0,30,105,45,30,25,30,0,33,1,21,1.0,0.85,4.0,50,15,3.0,2.29
0,30,95,75,30,10,90,0,25,1,7,0.5,1.2,6.0,15,33,3.0,3.95
15,45,85,45,70,25,90,5,33,2,7,0.5,1.2,2.0,33,50,3.0,1.73
15,45,85,55,30,2,0,5,40,4,7,1.0,1.05,6.0,15,15,3.0,20.95
0,10,105,55,50,2,60,20,33,2,7,1.0,1.05,4.0,33,33,1.5,1.83
0,30,60,75,90,25,30,0,33,2,7,0.0,1.05,4.0,15,33,3.0,1.43
60,20,75,65,30,10,0,0,18,7,90,1.0,1.2,5.0,15,50,3.0,0.0
60,30,75,55,90,25,60,20,40,0,90,0.0,1.2,6.0,50,33,1.5,0.0
5,30,105,65,90,10,30,0,25,0,45,0.5,0.6,2.0,33,15,1.5,0.18
0,20,105,75,50,25,0,20,40,1,21,1.0,1.2,5.0,50,33,3.0,1.01
60,10,95,65,90,10,0,0,25,4,90,0.0,0.85,2.0,33,50,6.0,0.12
0,45,95,45,50,25,60,20,33,2,45,0.0,1.05,4.0,50,15,6.0,4.54
30,10,85,55,30,0,90,20,33,4,90,0.0,0.85,2.0,33,33,3.0,0.0
60,20,60,65,30,2,30,0,40,1,90,0.0,1.2,2.0,33,50,1.5,0.62
0,10,95,75,90,10,30,20,33,4,45,0.5,1.05,2.0,33,33,3.0,2.65
0,45,95,55,30,25,60,20,33,7,21,0.5,0.85,6.0,15,15,1.5,12.97
60,45,85,75,30,25,60,5,33,4,7,0.0,0.6,2.0,33,15,1.5,0.39
0,10,95,75,70,0,60,20,40,4,45,1.0,0.6,2.0,50,15,3.0,1.69
15,20,105,55,90,25,60,5,18,7,45,0.5,0.6,6.0,50,33,3.0,4.08
15,20,85,55,90,25,60,20,33,1,45,1.0,0.6,2.0,33,33,3.0,0.0
5,10,75,55,30,0,60,0,18,7,45,0.0,1.2,5.0,15,15,1.5,12.59
30,10,85,55,90,2,60,20,40,2,45,1.0,0.85,5.0,50,33,1.5,0.0
5,45,75,65,50,25,90,0,33,1,90,0.0,1.05,2.0,50,15,6.0,0.62
5,10,105,55,30,0,60,5,33,0,7,1.0,1.05,2.0,15,33,1.5,0.0
15,10,75,45,30,25,60,5,33,0,90,0.0,0.6,4.0,33,50,1.5,0.0
15,45,95,55,90,0,0,20,18,0,45,0.0,1.05,5.0,50,15,3.0,0.0
15,10,95,65,90,2,60,20,18,0,45,1.0,0.6,2.0,50,15,6.0,0.5
15,20,105,55,30,2,60,5,40,0,90,1.0,1.05,4.0,33,33,3.0,0.0
5,20,75,55,90,2,30,5,18,7,7,0.0,1.05,2.0,50,15,6.0,14.98
30,30,75,55,90,10,0,0,18,1,21,0.5,0.85,2.0,50,33,6.0,0.0
30,30,95,65,70,0,30,0,25,0,90,0.0,0.6,5.0,15,33,3.0,0.0
5,30,105,45,70,0,90,20,18,7,21,1.0,0.85,4.0,15,33,1.5,11.29
30,30,105,65,90,25,60,0,40,1,7,0.5,0.6,2.0,50,50,6.0,0.56
5,30,95,45,70,10,30,5,25,2,45,0.0,1.05,4.0,33,50,1.5,3.71
0,45,60,55,90,25,0,0,33,0,45,0.0,0.85,2.0,50,33,3.0,0.0
30,30,85,75,30,25,90,20,25,1,7,1.0,1.05,5.0,33,33,1.5,0.04
0,10,75,55,70,0,60,5,40,2,45,0.0,0.85,4.0,33,50,3.0,1.59
60,20,75,65,90,10,30,5,18,2,90,0.0,0.6,6.0,50,15,6.0,0.0
15,20,95,75,70,0,0,0,25,4,45,0.5,0.85,2.0,50,50,3.0,3.63
0,30,75,75,50,0,60,5,40,7,45,0.5,1.05,6.0,50,15,3.0,29.47
15,20,95,45,70,2,30,0,40,7,21,0.5,0.85,2.0,33,15,1.5,20.2
15,20,85,55,30,2,90,0,33,7,90,0.0,1.2,2.0,50,50,6.0,22.74
15,10,105,65,30,2,0,0,25,0,45,0.5,0.85,4.0,15,33,1.5,0.0
60,10,105,55,30,2,30,0,40,4,90,0.5,1.05,4.0,50,50,6.0,0.68
0,20,60,55,50,25,0,5,18,1,45,0.5,0.6,6.0,15,50,6.0,0.28
30,30,60,75,90,0,0,5,18,0,45,1.0,0.85,5.0,50,15,6.0,0.0
30,10,85,45,50,2,90,0,33,1,7,0.5,0.85,2.0,15,15,1.5,0.01
0,20,105,75,30,2,60,5,33,4,21,0.5,1.2,4.0,50,15,6.0,14.53
0,20,75,75,50,25,60,5,40,2,90,1.0,0.6,5.0,50,50,3.0,0.79
30,20,75,75,90,0,0,5,33,1,45,0.0,0.85,6.0,50,50,1.5,0.0
15,10,95,55,50,0,30,0,40,7,21,0.5,0.6,4.0,15,50,3.0,7.83
5,30,95,55,70,10,30,0,25,0,90,1.0,0.6,2.0,33,50,1.5,0.0
60,45,105,45,90,2,90,0,18,4,90,0.0,1.05,6.0,15,15,3.0,0.0
0,30,75,65,30,10,90,20,40,2,90,1.0,0.85,6.0,15,15,1.5,2.08
0,20,75,55,50,10,90,5,18,7,21,0.5,0.85,4.0,50,15,1.5,7.26
15,30,60,75,90,10,30,0,18,7,90,0.0,0.85,4.0,15,33,3.0,13.81
30,30,85,65,90,0,90,5,25,1,90,0.0,0.6,5.0,15,50,6.0,1.24
0,20,60,65,70,10,90,5,33,2,45,0.5,1.2,4.0,15,15,6.0,2.94
0,30,60,45,70,10,60,5,25,7,45,0.0,0.85,2.0,33,50,6.0,9.94
5,20,85,55,70,25,30,20,40,4,90,0.0,1.2,2.0,15,15,3.0,3.57
60,30,85,45,70,10,0,5,40,7,45,0.5,0.6,5.0,33,15,1.5,0.09
30,30,60,55,90,25,90,20,40,2,45,0.0,1.05,4.0,50,15,3.0,0.0
5,20,85,55,50,25,60,20,25,4,90,1.0,0.6,5.0,15,50,6.0,1.98
0,20,105,45,90,25,90,5,25,7,7,1.0,1.2,4.0,33,15,3.0,10.14
60,45,95,65,50,0,60,20,40,7,7,0.5,0.6,4.0,15,50,1.5,0.0
5,20,95,45,30,0,30,5,25,4,21,0.5,0.85,5.0,50,50,6.0,10.32
15,30,60,65,50,25,30,5,33,7,45,1.0,0.6,4.0,15,50,6.0,5.92
15,10,75,75,70,10,0,5,18,4,90,1.0,0.85,6.0,15,15,6.0,0.49
5,45,105,75,90,25,0,0,25,1,90,0.0,0.85,4.0,15,15,6.0,1.86
15,10,85,75,30,2,90,5,18,4,7,0.0,0.6,6.0,50,15,1.5,0.38
0,45,60,65,30,0,30,5,33,0,7,0.0,0.6,5.0,33,50,1.5,0.22
30,10,60,55,70,0,30,20,33,7,21,0.5,1.05,6.0,50,15,3.0,0.0
5,10,75,75,50,25,0,5,40,0,45,0.0,1.2,4.0,33,33,1.5,0.29
0,45,75,65,70,25,30,5,33,7,21,0.5,1.2,4.0,15,50,1.5,15.77
0,10,105,65,70,25,0,5,18,4,90,0.5,1.05,5.0,15,33,3.0,1.67
5,10,95,65,90,10,90,0,25,4,7,0.0,1.2,2.0,33,33,3.0,5.17
5,45,105,65,90,0,60,5,40,1,45,1.0,1.05,2.0,33,15,1.5,4.79
30,20,95,75,50,10,30,20,25,7,7,1.0,1.05,6.0,50,33,6.0,2.62
15,10,75,75,90,2,0,20,40,7,45,1.0,0.85,4.0,33,33,1.5,2.33
15,20,105,65,30,0,30,20,33,1,21,0.5,1.05,5.0,33,33,6.0,0.0
60,20,75,65,30,25,90,0,40,4,21,1.0,1.2,6.0,33,15,3.0,0.0
30,45,95,45,90,0,30,0,18,7,21,0.0,0.85,6.0,33,33,1.5,26.61
5,45,95,75,50,2,30,0,25,7,7,0.5,1.05,6.0,50,15,6.0,40.0
60,30,85,75,90,10,60,5,40,7,90,0.0,0.6,2.0,33,50,1.5,0.0
0,10,105,55,30,2,60,5,18,0,45,1.0,1.2,6.0,50,50,1.5,0.0
0,45,75,55,50,25,0,0,25,4,7,0.5,1.2,5.0,15,33,1.5,8.82
5,30,60,75,70,25,0,0,18,2,45,0.0,1.2,6.0,15,33,1.5,1.69
60,45,85,55,30,2,90,5,33,0,90,0.5,0.6,6.0,50,33,3.0,0.0
30,45,75,65,90,10,0,5,18,2,45,0.0,0.85,5.0,15,33,6.0,0.0
0,10,85,55,30,10,0,0,33,2,45,0.0,0.6,6.0,33,50,1.5,0.92
15,10,105,55,90,0,0,5,33,7,90,1.0,0.85,4.0,50,15,3.0,10.07
5,10,95,75,90,25,30,20,18,0,90,0.5,0.85,5.0,15,50,1.5,0.0
5,45,75,45,90,2,90,0,33,1,90,0.5,0.85,6.0,50,15,3.0,2.55
30,45,105,45,70,2,60,5,33,1,45,1.0,1.05,5.0,50,50,6.0,0.6
5,30,75,55,90,25,60,20,40,2,21,0.5,0.6,4.0,33,15,3.0,0.73
5,20,95,75,30,10,60,20,25,4,21,1.0,0.6,5.0,50,33,1.5,2.64
30,10,95,55,90,10,60,5,33,1,7,0.5,1.2,5.0,50,50,6.0,0.89
5,30,75,65,90,25,30,5,40,0,7,0.0,0.85,2.0,33,15,6.0,0.0
5,20,85,45,70,2,60,20,33,1,90,1.0,0.85,5.0,15,15,6.0,0.31
15,20,95,65,90,2,60,5,33,1,7,1.0,0.85,5.0,33,50,3.0,0.12
15,20,105,55,90,25,30,0,40,7,7,0.0,0.6,5.0,15,33,1.5,3.88
15,20,105,75,90,10,60,20,18,0,7,0.5,0.6,4.0,15,50,1.5,0.01
60,45,105,55,30,10,60,5,40,1,45,0.0,0.85,5.0,15,50,3.0,0.0
15,20,60,45,50,10,60,0,33,4,90,1.0,1.05,2.0,33,15,6.0,4.36
15,45,95,55,70,2,60,0,18,1,7,0.5,1.2,4.0,50,15,3.0,0.39
30,20,105,45,30,2,60,20,33,0,21,1.0,0.6,2.0,15,15,6.0,0.0
15,10,75,55,70,10,0,20,40,0,90,0.0,0.85,4.0,50,50,3.0,0.0
5,20,95,75,50,2,0,5,40,0,21,0.5,0.6,2.0,50,50,6.0,0.0
5,30,105,55,50,2,30,5,33,4,45,0.5,1.05,5.0,50,33,6.0,19.42
15,30,60,45,50,2,90,5,40,7,90,1.0,1.2,2.0,15,15,1.5,33.38
0,30,85,65,70,0,0,5,40,7,7,0.5,0.85,6.0,33,33,1.5,25.76
60,10,95,65,50,25,30,0,18,1,7,0.0,1.05,6.0,15,33,6.0,0.0
60,30,75,45,70,25,90,5,33,7,45,0.5,1.05,6.0,50,15,1.5,0.0
0,45,85,75,30,2,30,5,33,7,45,0.0,1.2,6.0,15,15,1.5,40.0
15,45,95,45,30,0,60,20,33,0,21,0.0,1.05,2.0,15,15,6.0,0.0
5,20,95,75,90,10,90,5,40,4,21,1.0,1.2,2.0,15,15,1.5,8.11
5,10,95,75,50,0,90,20,40,0,21,0.0,0.6,5.0,50,33,1.5,0.0
30,45,60,75,50,10,60,0,33,2,90,0.5,1.2,4.0,33,50,1.5,1.02
5,45,95,55,70,10,30,0,25,1,90,0.0,1.05,2.0,15,15,1.5,2.82
5,45,95,45,70,25,30,0,25,1,7,1.0,1.2,4.0,50,15,6.0,1.8
60,30,75,65,30,0,30,20,33,2,45,1.0,1.05,2.0,15,33,3.0,0.21
30,20,60,45,50,2,0,0,40,4,21,0.5,1.2,5.0,33,33,1.5,0.72
15,30,95,55,50,0,30,5,33,4,45,0.0,0.6,4.0,50,50,6.0,3.85
5,10,75,45,50,0,30,0,40,2,7,0.0,0.6,6.0,33,15,6.0,1.25
60,20,95,55,30,0,60,5,33,0,90,1.0,1.2,2.0,50,15,6.0,0.42
15,10,60,45,90,25,30,0,18,4,21,0.5,0.6,2.0,50,50,3.0,0.13
5,30,105,65,90,2,0,20,40,2,90,1.0,1.2,4.0,33,15,3.0,4.22
60,20,85,65,70,10,60,0,25,0,90,1.0,1.2,4.0,15,50,6.0,0.25
5,30,60,55,90,10,90,0,40,1,90,0.5,1.05,4.0,15,33,6.0,0.57
30,45,95,45,50,25,0,5,25,4,90,0.5,1.05,2.0,50,15,3.0,2.15
30,45,85,55,30,2,30,0,33,1,7,0.0,0.85,2.0,15,15,1.5,0.12
0,10,60,75,50,2,60,20,40,4,45,0.0,1.2,5.0,15,50,3.0,1.26
60,10,95,65,30,25,60,20,18,4,45,0.0,1.05,5.0,50,33,6.0,0.0
5,20,85,75,30,0,60,5,25,4,90,0.0,0.6,2.0,33,50,6.0,6.71
15,20,85,65,50,0,0,5,40,4,7,0.0,0.6,6.0,33,15,1.5,0.31
0,45,75,65,90,2,0,0,33,7,7,0.5,0.6,4.0,50,50,6.0,29.27
60,10,85,55,30,10,30,5,40,2,7,1.0,0.85,4.0,50,15,3.0,0.13
30,10,105,45,90,25,60,20,25,4,21,0.5,1.2,4.0,15,15,3.0,0.37
0,10,60,55,90,0,30,0,33,2,21,0.5,0.6,2.0,50,15,6.0,2.07
60,10,60,65,50,25,0,20,40,0,90,0.0,0.85,4.0,15,15,6.0,0.0
60,20,95,65,90,0,30,0,18,4,7,0.5,0.85,2.0,50,33,1.5,0.0
30,20,105,55,90,25,90,5,40,4,21,1.0,1.2,6.0,15,50,3.0,0.11
5,20,85,65,90,2,60,0,18,7,7,0.5,0.6,2.0,50,50,3.0,13.25
60,45,60,65,70,10,30,5,18,1,45,1.0,0.85,2.0,33,33,3.0,0.42
30,45,105,65,50,25,60,20,33,4,90,1.0,0.85,4.0,33,33,6.0,0.0
5,45,105,75,90,0,90,0,33,4,7,1.0,0.6,2.0,50,15,1.5,26.72
15,20,85,55,90,25,60,0,18,1,7,1.0,1.05,2.0,50,15,1.5,0.0
5,10,60,45,30,25,90,20,40,1,7,1.0,1.05,6.0,50,50,1.5,0.0
0,10,60,55,70,2,0,5,33,4,90,1.0,1.2,4.0,50,33,1.5,6.73
30,10,105,75,70,2,30,0,33,0,21,1.0,0.6,4.0,50,50,1.5,0.0
0,20,75,55,30,10,90,5,25,1,7,0.0,1.2,2.0,15,50,3.0,1.64
15,10,85,75,30,10,90,0,25,7,90,0.5,0.6,6.0,15,33,6.0,4.19
30,10,75,45,90,10,30,20,25,0,7,0.0,1.05,2.0,50,33,1.5,0.33
15,45,60,65,70,2,30,20,33,4,21,0.5,0.6,2.0,33,50,1.5,3.31
60,20,75,75,30,10,0,5,25,4,90,1.0,1.2,2.0,33,15,6.0,0.26
30,45,85,75,30,25,60,5,33,2,7,0.0,0.85,5.0,15,50,6.0,0.0
5,10,60,45,50,2,90,0,25,4,90,1.0,0.6,2.0,33,33,1.5,3.87
0,20,95,65,50,10,30,20,33,1,45,0.5,1.05,2.0,15,33,6.0,1.22
15,45,60,65,70,2,60,20,18,2,7,1.0,0.85,5.0,15,33,6.0,0.6
15,10,60,75,90,2,30,5,40,0,21,0.0,0.6,4.0,15,50,3.0,0.0
15,20,75,45,30,10,90,20,18,0,90,0.0,1.2,5.0,33,33,3.0,0.58
15,10,95,55,70,0,90,5,18,1,21,0.5,0.85,2.0,15,33,6.0,0.53
15,20,75,65,50,2,30,0,18,1,21,0.5,0.6,2.0,33,15,6.0,0.74
5,10,105,75,70,10,30,5,18,1,7,1.0,1.05,5.0,33,33,3.0,0.0
30,20,105,45,70,2,30,0,40,7,21,0.0,1.2,6.0,50,33,1.5,9.71
5,10,95,45,50,10,0,20,25,4,7,0.0,0.85,6.0,50,33,3.0,1.03
0,20,60,65,70,2,0,0,33,7,90,0.5,1.2,6.0,50,50,3.0,25.71
0,20,75,75,30,10,60,5,18,7,21,0.5,1.05,2.0,50,15,3.0,9.57
15,10,75,45,70,25,0,20,33,1,90,0.0,1.2,4.0,33,33,1.5,0.41
5,45,75,65,30,2,30,20,33,2,90,0.0,1.2,5.0,33,33,3.0,4.1
5,45,105,55,70,2,30,5,40,4,7,0.0,1.05,4.0,33,15,6.0,25.36
30,45,85,65,70,25,90,0,40,2,7,1.0,1.05,5.0,15,50,6.0,0.47
0,45,60,75,90,10,30,0,18,4,7,1.0,0.6,2.0,33,33,6.0,12.45
15,45,85,75,70,10,30,0,33,4,45,1.0,1.05,6.0,15,50,3.0,16.86
0,20,95,65,50,25,0,0,33,7,45,0.5,0.85,5.0,15,33,1.5,6.27
15,30,60,45,90,10,60,20,25,2,21,0.5,0.6,4.0,33,15,1.5,0.52
15,20,105,55,70,25,30,0,18,0,21,0.5,1.05,2.0,33,15,3.0,0.15
30,45,105,45,90,0,30,20,18,0,45,1.0,0.6,4.0,50,50,3.0,0.0
0,30,95,55,50,0,0,0,33,1,90,1.0,0.85,6.0,15,15,3.0,7.3
15,45,95,45,90,2,90,0,25,0,21,0.5,0.85,5.0,15,15,3.0,0.78
5,10,60,75,50,0,60,0,18,2,90,0.0,1.2,6.0,15,50,1.5,2.27
5,10,60,45,70,0,30,5,25,4,90,0.5,1.2,2.0,33,15,6.0,6.31
15,10,75,65,50,25,90,0,40,4,45,0.0,1.05,6.0,15,50,1.5,0.0
15,10,105,45,70,25,0,20,25,0,21,1.0,0.6,2.0,15,15,1.5,0.55
30,30,95,45,70,10,0,20,33,4,90,0.0,1.2,4.0,15,33,3.0,0.0
15,45,105,75,90,0,60,5,33,1,90,0.5,0.85,5.0,15,15,6.0,0.96
